[26Aug2026 04:48:17.684] [main/INFO] [cpw.mods.modlauncher.Launcher/MODLAUNCHER]: ModLauncher running: args [--launchTarget, forgeserver, --fml.neoForgeVersion, 21.1.248, --fml.fmlVersion, 4.0.43, --fml.mcVersion, 1.21.1, --fml.neoFormVersion, 20240808.144430, nogui]
[26Aug2026 04:48:17.687] [main/INFO] [cpw.mods.modlauncher.Launcher/MODLAUNCHER]: JVM identified as Ubuntu OpenJDK 64-Bit Server VM 21.0.10+7-Ubuntu-124.04
[26Aug2026 04:48:17.688] [main/INFO] [cpw.mods.modlauncher.Launcher/MODLAUNCHER]: ModLauncher 11.0.5+main.901c6ea8 starting: java version 21.0.10 by Ubuntu; OS Linux arch amd64 version 6.8.0-1052-azure
[26Aug2026 04:48:18.087] [main/INFO] [net.neoforged.fml.loading.ImmediateWindowHandler/]: ImmediateWindowProvider not loading because launch target is forgeserver
[26Aug2026 04:48:18.138] [main/INFO] [mixin/]: SpongePowered MIXIN Subsystem Version=0.8.7 Source=union:/workspaces/newservos/servidor_minecraft/libraries/net/fabricmc/sponge-mixin/0.15.2+mixin.0.8.7/sponge-mixin-0.15.2+mixin.0.8.7.jar%2373!/ Service=ModLauncher Env=SERVER
[26Aug2026 04:48:18.411] [main/INFO] [net.neoforged.fml.loading.moddiscovery.ModDiscoverer/SCAN]: Found mod file "server-1.21.1-20240808.144430-srg.jar" [locator: production server provider +net.neoforged:neoforge:21.1.248:server]
[26Aug2026 04:48:18.435] [main/INFO] [net.neoforged.fml.loading.moddiscovery.ModDiscoverer/SCAN]: Found mod file "neoforge-21.1.248-universal.jar" [locator: PathBasedLocator[name=neoforge, paths=[libraries/net/neoforged/neoforge/21.1.248/neoforge-21.1.248-universal.jar]], reader: mod manifest]
[26Aug2026 04:48:18.456] [main/INFO] [net.neoforged.fml.loading.moddiscovery.ModDiscoverer/SCAN]: Found mod file "[1.21.1] SecurityCraft v1.10.2.1.jar" [locator: {mods folder locator at /workspaces/newservos/servidor_minecraft/mods}, reader: mod manifest]
[26Aug2026 04:48:18.460] [main/INFO] [net.neoforged.fml.loading.moddiscovery.ModDiscoverer/SCAN]: Found mod file "[neoforge]imst-2.2.1c.jar" [locator: {mods folder locator at /workspaces/newservos/servidor_minecraft/mods}, reader: mod manifest]
[26Aug2026 04:48:18.464] [main/INFO] [net.neoforged.fml.loading.moddiscovery.ModDiscoverer/SCAN]: Found mod file "AdditionalStructures-1.21-(v.6.3.2-NEO).jar" [locator: {mods folder locator at /workspaces/newservos/servidor_minecraft/mods}, reader: mod manifest]
[26Aug2026 04:48:18.473] [main/INFO] [net.neoforged.fml.loading.moddiscovery.ModDiscoverer/SCAN]: Found mod file "aether-1.21.1-1.5.10-neoforge.jar" [locator: {mods folder locator at /workspaces/newservos/servidor_minecraft/mods}, reader: mod manifest]
[26Aug2026 04:48:18.476] [main/INFO] [net.neoforged.fml.loading.moddiscovery.ModDiscoverer/SCAN]: Found mod file "alex-mobs-tweaks-omni-1.3.0.jar" [locator: {mods folder locator at /workspaces/newservos/servidor_minecraft/mods}, reader: mod manifest]
[26Aug2026 04:48:18.484] [main/INFO] [net.neoforged.fml.loading.moddiscovery.ModDiscoverer/SCAN]: Found mod file "alexscaves-2.0.10.jar" [locator: {mods folder locator at /workspaces/newservos/servidor_minecraft/mods}, reader: mod manifest]
[26Aug2026 04:48:18.490] [main/INFO] [net.neoforged.fml.loading.moddiscovery.ModDiscoverer/SCAN]: Found mod file "alexsmobs-2.1.7-neoforge+1.21.1.jar" [locator: {mods folder locator at /workspaces/newservos/servidor_minecraft/mods}, reader: mod manifest]
[26Aug2026 04:48:18.504] [main/INFO] [net.neoforged.fml.loading.moddiscovery.ModDiscoverer/SCAN]: Found mod file "alltheleaks-1.1.12+1.21.1-neoforge.jar" [locator: {mods folder locator at /workspaces/newservos/servidor_minecraft/mods}, reader: mod manifest]
[26Aug2026 04:48:18.512] [main/INFO] [net.neoforged.fml.loading.moddiscovery.ModDiscoverer/SCAN]: Found mod file "architectury-13.0.11-neoforge.jar" [locator: {mods folder locator at /workspaces/newservos/servidor_minecraft/mods}, reader: mod manifest]
[26Aug2026 04:48:18.524] [main/INFO] [net.neoforged.fml.loading.moddiscovery.ModDiscoverer/SCAN]: Found mod file "astikorcartsredux-1.2.4.jar" [locator: {mods folder locator at /workspaces/newservos/servidor_minecraft/mods}, reader: mod manifest]
[26Aug2026 04:48:18.528] [main/INFO] [net.neoforged.fml.loading.moddiscovery.ModDiscoverer/SCAN]: Found mod file "ATi Structures V1.4.6.jar" [locator: {mods folder locator at /workspaces/newservos/servidor_minecraft/mods}, reader: mod manifest]
[26Aug2026 04:48:18.530] [main/INFO] [net.neoforged.fml.loading.moddiscovery.ModDiscoverer/SCAN]: Found mod file "belts-neoforge-0.2.2.jar" [locator: {mods folder locator at /workspaces/newservos/servidor_minecraft/mods}, reader: mod manifest]
[26Aug2026 04:48:18.534] [main/INFO] [net.neoforged.fml.loading.moddiscovery.ModDiscoverer/SCAN]: Found mod file "biolith-neoforge-3.0.14.jar" [locator: {mods folder locator at /workspaces/newservos/servidor_minecraft/mods}, reader: mod manifest]
[26Aug2026 04:48:18.539] [main/INFO] [net.neoforged.fml.loading.moddiscovery.ModDiscoverer/SCAN]: Found mod file "BlockPops - Neoforge - 1.21.1-1.5.0.jar" [locator: {mods folder locator at /workspaces/newservos/servidor_minecraft/mods}, reader: mod manifest]
[26Aug2026 04:48:18.542] [main/INFO] [net.neoforged.fml.loading.moddiscovery.ModDiscoverer/SCAN]: Found mod file "blueprint-1.21.1-8.1.1.jar" [locator: {mods folder locator at /workspaces/newservos/servidor_minecraft/mods}, reader: mod manifest]
[26Aug2026 04:48:18.546] [main/INFO] [net.neoforged.fml.loading.moddiscovery.ModDiscoverer/SCAN]: Found mod file "bogos_binted-1.3.0-neoforge-1.21.1.jar" [locator: {mods folder locator at /workspaces/newservos/servidor_minecraft/mods}, reader: mod manifest]
[26Aug2026 04:48:18.551] [main/INFO] [net.neoforged.fml.loading.moddiscovery.ModDiscoverer/SCAN]: Found mod file "bookshelf-neoforge-1.21.1-21.1.81.jar" [locator: {mods folder locator at /workspaces/newservos/servidor_minecraft/mods}, reader: mod manifest]
[26Aug2026 04:48:18.555] [main/INFO] [net.neoforged.fml.loading.moddiscovery.ModDiscoverer/SCAN]: Found mod file "c2me-neoforge-mc1.21.1-0.4.0-alpha.0.120.jar" [locator: {mods folder locator at /workspaces/newservos/servidor_minecraft/mods}, reader: mod manifest]
[26Aug2026 04:48:18.564] [main/INFO] [net.neoforged.fml.loading.moddiscovery.ModDiscoverer/SCAN]: Found mod file "carryon-neoforge-1.21.1-2.2.6.13.jar" [locator: {mods folder locator at /workspaces/newservos/servidor_minecraft/mods}, reader: mod manifest]
[26Aug2026 04:48:18.570] [main/INFO] [net.neoforged.fml.loading.moddiscovery.ModDiscoverer/SCAN]: Found mod file "charmofundying-neoforge-9.1.0+1.21.1.jar" [locator: {mods folder locator at /workspaces/newservos/servidor_minecraft/mods}, reader: mod manifest]
[26Aug2026 04:48:18.575] [main/INFO] [net.neoforged.fml.loading.moddiscovery.ModDiscoverer/SCAN]: Found mod file "chunksending-1.21-3.7.jar" [locator: {mods folder locator at /workspaces/newservos/servidor_minecraft/mods}, reader: mod manifest]
[26Aug2026 04:48:18.577] [main/INFO] [net.neoforged.fml.loading.moddiscovery.ModDiscoverer/SCAN]: Found mod file "Chunky-NeoForge-1.4.23.jar" [locator: {mods folder locator at /workspaces/newservos/servidor_minecraft/mods}, reader: mod manifest]
[26Aug2026 04:48:18.583] [main/INFO] [net.neoforged.fml.loading.moddiscovery.ModDiscoverer/SCAN]: Found mod file "citadel-1.21.1-2.7.6.jar" [locator: {mods folder locator at /workspaces/newservos/servidor_minecraft/mods}, reader: mod manifest]
[26Aug2026 04:48:18.585] [main/INFO] [net.neoforged.fml.loading.moddiscovery.ModDiscoverer/SCAN]: Found mod file "cloth-config-15.0.140-neoforge.jar" [locator: {mods folder locator at /workspaces/newservos/servidor_minecraft/mods}, reader: mod manifest]
[26Aug2026 04:48:18.587] [main/INFO] [net.neoforged.fml.loading.moddiscovery.ModDiscoverer/SCAN]: Found mod file "codxlib-1.5.1-neoforge+1.21.1.jar" [locator: {mods folder locator at /workspaces/newservos/servidor_minecraft/mods}, reader: mod manifest]
[26Aug2026 04:48:18.590] [main/INFO] [net.neoforged.fml.loading.moddiscovery.ModDiscoverer/SCAN]: Found mod file "connectivity-1.21.1-7.6.jar" [locator: {mods folder locator at /workspaces/newservos/servidor_minecraft/mods}, reader: mod manifest]
[26Aug2026 04:48:18.592] [main/INFO] [net.neoforged.fml.loading.moddiscovery.ModDiscoverer/SCAN]: Found mod file "Corgilib-NeoForge-1.21.1-5.0.0.9.jar" [locator: {mods folder locator at /workspaces/newservos/servidor_minecraft/mods}, reader: mod manifest]
[26Aug2026 04:48:18.598] [main/INFO] [net.neoforged.fml.loading.moddiscovery.ModDiscoverer/SCAN]: Found mod file "cosmeticarmorreworked-1.21.1-v1-neoforge.jar" [locator: {mods folder locator at /workspaces/newservos/servidor_minecraft/mods}, reader: mod manifest]
[26Aug2026 04:48:18.599] [main/INFO] [net.neoforged.fml.loading.moddiscovery.ModDiscoverer/SCAN]: Found mod file "crashexploitfixer-neoforge-2.0.0+1.21.4.jar" [locator: {mods folder locator at /workspaces/newservos/servidor_minecraft/mods}, reader: mod manifest]
[26Aug2026 04:48:18.602] [main/INFO] [net.neoforged.fml.loading.moddiscovery.ModDiscoverer/SCAN]: Found mod file "CreativeCore_NEOFORGE_v2.13.44_mc1.21.1.jar" [locator: {mods folder locator at /workspaces/newservos/servidor_minecraft/mods}, reader: mod manifest]
[26Aug2026 04:48:18.604] [main/INFO] [net.neoforged.fml.loading.moddiscovery.ModDiscoverer/SCAN]: Found mod file "cristellib-neoforge-1.21.1-3.1.7.jar" [locator: {mods folder locator at /workspaces/newservos/servidor_minecraft/mods}, reader: mod manifest]
[26Aug2026 04:48:18.608] [main/INFO] [net.neoforged.fml.loading.moddiscovery.ModDiscoverer/SCAN]: Found mod file "crittersandcompanions-neoforge-1.21.1-2.7.0.jar" [locator: {mods folder locator at /workspaces/newservos/servidor_minecraft/mods}, reader: mod manifest]
[26Aug2026 04:48:18.610] [main/INFO] [net.neoforged.fml.loading.moddiscovery.ModDiscoverer/SCAN]: Found mod file "cupboard-1.21.1-4.0.jar" [locator: {mods folder locator at /workspaces/newservos/servidor_minecraft/mods}, reader: mod manifest]
[26Aug2026 04:48:18.612] [main/INFO] [net.neoforged.fml.loading.moddiscovery.ModDiscoverer/SCAN]: Found mod file "curios-neoforge-9.5.1+1.21.1.jar" [locator: {mods folder locator at /workspaces/newservos/servidor_minecraft/mods}, reader: mod manifest]
[26Aug2026 04:48:18.616] [main/INFO] [net.neoforged.fml.loading.moddiscovery.ModDiscoverer/SCAN]: Found mod file "deeperdarker-neoforge-1.21.1-1.4.1.jar" [locator: {mods folder locator at /workspaces/newservos/servidor_minecraft/mods}, reader: mod manifest]
[26Aug2026 04:48:18.618] [main/INFO] [net.neoforged.fml.loading.moddiscovery.ModDiscoverer/SCAN]: Found mod file "despawntweaker-1.21.1-NeoForge-1.0.0.jar" [locator: {mods folder locator at /workspaces/newservos/servidor_minecraft/mods}, reader: mod manifest]
[26Aug2026 04:48:18.621] [main/INFO] [net.neoforged.fml.loading.moddiscovery.ModDiscoverer/SCAN]: Found mod file "doespotatotick-1.21.1-5.6.4.jar" [locator: {mods folder locator at /workspaces/newservos/servidor_minecraft/mods}, reader: mod manifest]
[26Aug2026 04:48:18.624] [main/INFO] [net.neoforged.fml.loading.moddiscovery.ModDiscoverer/SCAN]: Found mod file "DungeonCrawl-NeoForge-1.21-2.3.17.jar" [locator: {mods folder locator at /workspaces/newservos/servidor_minecraft/mods}, reader: mod manifest]
[26Aug2026 04:48:18.628] [main/INFO] [net.neoforged.fml.loading.moddiscovery.ModDiscoverer/SCAN]: Found mod file "dungeons-and-taverns-v4.4.4 [NeoForge].jar" [locator: {mods folder locator at /workspaces/newservos/servidor_minecraft/mods}, reader: mod manifest]
[26Aug2026 04:48:18.646] [main/INFO] [net.neoforged.fml.loading.moddiscovery.ModDiscoverer/SCAN]: Found mod file "DungeonsArise-1.21.1-2.1.68-release.jar" [locator: {mods folder locator at /workspaces/newservos/servidor_minecraft/mods}, reader: mod manifest]
[26Aug2026 04:48:18.648] [main/INFO] [net.neoforged.fml.loading.moddiscovery.ModDiscoverer/SCAN]: Found mod file "DungeonsAriseSevenSeas-1.21.x-1.0.4-neoforge.jar" [locator: {mods folder locator at /workspaces/newservos/servidor_minecraft/mods}, reader: mod manifest]
[26Aug2026 04:48:18.649] [main/INFO] [net.neoforged.fml.loading.moddiscovery.ModDiscoverer/SCAN]: Found mod file "duplicationless-1.21.1-1.2.1.jar" [locator: {mods folder locator at /workspaces/newservos/servidor_minecraft/mods}, reader: mod manifest]
[26Aug2026 04:48:18.651] [main/INFO] [net.neoforged.fml.loading.moddiscovery.ModDiscoverer/SCAN]: Found mod file "EasyAnvils-v21.1.0-1.21.1-NeoForge.jar" [locator: {mods folder locator at /workspaces/newservos/servidor_minecraft/mods}, reader: mod manifest]
[26Aug2026 04:48:18.655] [main/INFO] [net.neoforged.fml.loading.moddiscovery.ModDiscoverer/SCAN]: Found mod file "EasyMagic-v21.1.4-1.21.1-NeoForge.jar" [locator: {mods folder locator at /workspaces/newservos/servidor_minecraft/mods}, reader: mod manifest]
[26Aug2026 04:48:18.656] [main/INFO] [net.neoforged.fml.loading.moddiscovery.ModDiscoverer/SCAN]: Found mod file "echoes_of_the_end__structures NeoForge Fabric 1.21.1 -12.00.13.jar" [locator: {mods folder locator at /workspaces/newservos/servidor_minecraft/mods}, reader: mod manifest]
[26Aug2026 04:48:18.659] [main/INFO] [net.neoforged.fml.loading.moddiscovery.ModDiscoverer/SCAN]: Found mod file "ElysiumAPI-1.21.1-2.0.1.jar" [locator: {mods folder locator at /workspaces/newservos/servidor_minecraft/mods}, reader: mod manifest]
[26Aug2026 04:48:18.663] [main/INFO] [net.neoforged.fml.loading.moddiscovery.ModDiscoverer/SCAN]: Found mod file "emotecraft-for-MC1.21.1-2.4.12-neoforge.jar" [locator: {mods folder locator at /workspaces/newservos/servidor_minecraft/mods}, reader: mod manifest]
[26Aug2026 04:48:18.671] [main/INFO] [net.neoforged.fml.loading.moddiscovery.ModDiscoverer/SCAN]: Found mod file "enchdesc-neoforge-1.21.1-21.1.11.jar" [locator: {mods folder locator at /workspaces/newservos/servidor_minecraft/mods}, reader: mod manifest]
[26Aug2026 04:48:18.676] [main/INFO] [net.neoforged.fml.loading.moddiscovery.ModDiscoverer/SCAN]: Found mod file "enderscape-neoforge-1.0.9+mc1.21.1.jar" [locator: {mods folder locator at /workspaces/newservos/servidor_minecraft/mods}, reader: mod manifest]
[26Aug2026 04:48:18.679] [main/INFO] [net.neoforged.fml.loading.moddiscovery.ModDiscoverer/SCAN]: Found mod file "endrem-neoforge-1.21.1-6.3.0.jar" [locator: {mods folder locator at /workspaces/newservos/servidor_minecraft/mods}, reader: mod manifest]
[26Aug2026 04:48:18.681] [main/INFO] [net.neoforged.fml.loading.moddiscovery.ModDiscoverer/SCAN]: Found mod file "ends_delight-2.6.1+neoforge.1.21.1.jar" [locator: {mods folder locator at /workspaces/newservos/servidor_minecraft/mods}, reader: mod manifest]
[26Aug2026 04:48:18.684] [main/INFO] [net.neoforged.fml.loading.moddiscovery.ModDiscoverer/SCAN]: Found mod file "etched-5.1.0.jar" [locator: {mods folder locator at /workspaces/newservos/servidor_minecraft/mods}, reader: mod manifest]
[26Aug2026 04:48:18.687] [main/INFO] [net.neoforged.fml.loading.moddiscovery.ModDiscoverer/SCAN]: Found mod file "extra_dungeons-1.0.7-neoforge-1.21.1.jar" [locator: {mods folder locator at /workspaces/newservos/servidor_minecraft/mods}, reader: mod manifest]
[26Aug2026 04:48:18.691] [main/INFO] [net.neoforged.fml.loading.moddiscovery.ModDiscoverer/SCAN]: Found mod file "faewulf_lib-neoforge-1.21.1-1.4.0.jar" [locator: {mods folder locator at /workspaces/newservos/servidor_minecraft/mods}, reader: mod manifest]
[26Aug2026 04:48:18.694] [main/INFO] [net.neoforged.fml.loading.moddiscovery.ModDiscoverer/SCAN]: Found mod file "FarmersDelight-1.21.1-1.3.3.jar" [locator: {mods folder locator at /workspaces/newservos/servidor_minecraft/mods}, reader: mod manifest]
[26Aug2026 04:48:18.696] [main/INFO] [net.neoforged.fml.loading.moddiscovery.ModDiscoverer/SCAN]: Found mod file "FarmersStructures-1.0.6-1.21.1_neoforge.jar" [locator: {mods folder locator at /workspaces/newservos/servidor_minecraft/mods}, reader: mod manifest]
[26Aug2026 04:48:18.698] [main/INFO] [net.neoforged.fml.loading.moddiscovery.ModDiscoverer/SCAN]: Found mod file "fastasyncworldsave-1.21-2.6.jar" [locator: {mods folder locator at /workspaces/newservos/servidor_minecraft/mods}, reader: mod manifest]
[26Aug2026 04:48:18.700] [main/INFO] [net.neoforged.fml.loading.moddiscovery.ModDiscoverer/SCAN]: Found mod file "FastItemFrames-v21.1.6-1.21.1-NeoForge.jar" [locator: {mods folder locator at /workspaces/newservos/servidor_minecraft/mods}, reader: mod manifest]
[26Aug2026 04:48:18.702] [main/INFO] [net.neoforged.fml.loading.moddiscovery.ModDiscoverer/SCAN]: Found mod file "fastpaintings-1.21-1.3.0-neoforge.jar" [locator: {mods folder locator at /workspaces/newservos/servidor_minecraft/mods}, reader: mod manifest]
[26Aug2026 04:48:18.704] [main/INFO] [net.neoforged.fml.loading.moddiscovery.ModDiscoverer/SCAN]: Found mod file "FazRoleplayClothes-Neo1.21.1-1.6.1.jar" [locator: {mods folder locator at /workspaces/newservos/servidor_minecraft/mods}, reader: mod manifest]
[26Aug2026 04:48:18.707] [main/INFO] [net.neoforged.fml.loading.moddiscovery.ModDiscoverer/SCAN]: Found mod file "fdlib-1.0.9-1.21.1.jar" [locator: {mods folder locator at /workspaces/newservos/servidor_minecraft/mods}, reader: mod manifest]
[26Aug2026 04:48:18.715] [main/INFO] [net.neoforged.fml.loading.moddiscovery.ModDiscoverer/SCAN]: Found mod file "ferritecore-7.0.3-neoforge.jar" [locator: {mods folder locator at /workspaces/newservos/servidor_minecraft/mods}, reader: mod manifest]
[26Aug2026 04:48:18.717] [main/INFO] [net.neoforged.fml.loading.moddiscovery.ModDiscoverer/SCAN]: Found mod file "fetzisdisplays-neoforge-1.1.1-1.21.jar" [locator: {mods folder locator at /workspaces/newservos/servidor_minecraft/mods}, reader: mod manifest]
[26Aug2026 04:48:18.719] [main/INFO] [net.neoforged.fml.loading.moddiscovery.ModDiscoverer/SCAN]: Found mod file "formations-1.0.4-neoforge-mc1.21.jar" [locator: {mods folder locator at /workspaces/newservos/servidor_minecraft/mods}, reader: mod manifest]
[26Aug2026 04:48:18.720] [main/INFO] [net.neoforged.fml.loading.moddiscovery.ModDiscoverer/SCAN]: Found mod file "formationsnether-1.0.5a-mc1.21+.jar" [locator: {mods folder locator at /workspaces/newservos/servidor_minecraft/mods}, reader: mod manifest]
[26Aug2026 04:48:18.722] [main/INFO] [net.neoforged.fml.loading.moddiscovery.ModDiscoverer/SCAN]: Found mod file "framework-neoforge-1.21.1-0.13.11.jar" [locator: {mods folder locator at /workspaces/newservos/servidor_minecraft/mods}, reader: mod manifest]
[26Aug2026 04:48:18.725] [main/INFO] [net.neoforged.fml.loading.moddiscovery.ModDiscoverer/SCAN]: Found mod file "furnitury-3.0908-neoforge-1.21.1.jar" [locator: {mods folder locator at /workspaces/newservos/servidor_minecraft/mods}, reader: mod manifest]
[26Aug2026 04:48:18.728] [main/INFO] [net.neoforged.fml.loading.moddiscovery.ModDiscoverer/SCAN]: Found mod file "fzzy_config-0.7.6+1.21+neoforge.jar" [locator: {mods folder locator at /workspaces/newservos/servidor_minecraft/mods}, reader: mod manifest]
[26Aug2026 04:48:18.730] [main/INFO] [net.neoforged.fml.loading.moddiscovery.ModDiscoverer/SCAN]: Found mod file "gbf-1.21.1-1.0.2.jar" [locator: {mods folder locator at /workspaces/newservos/servidor_minecraft/mods}, reader: mod manifest]
[26Aug2026 04:48:18.732] [main/INFO] [net.neoforged.fml.loading.moddiscovery.ModDiscoverer/SCAN]: Found mod file "geckolib-neoforge-1.21.1-4.9.2.jar" [locator: {mods folder locator at /workspaces/newservos/servidor_minecraft/mods}, reader: mod manifest]
[26Aug2026 04:48:18.740] [main/INFO] [net.neoforged.fml.loading.moddiscovery.ModDiscoverer/SCAN]: Found mod file "ghosts-neoforge-1.21.1-1.3.4.jar" [locator: {mods folder locator at /workspaces/newservos/servidor_minecraft/mods}, reader: mod manifest]
[26Aug2026 04:48:18.745] [main/INFO] [net.neoforged.fml.loading.moddiscovery.ModDiscoverer/SCAN]: Found mod file "Gobber-NeoForge-1.21.1-2.10.15.jar" [locator: {mods folder locator at /workspaces/newservos/servidor_minecraft/mods}, reader: mod manifest]
[26Aug2026 04:48:18.749] [main/INFO] [net.neoforged.fml.loading.moddiscovery.ModDiscoverer/SCAN]: Found mod file "Hearths v1.0.5.mod.jar" [locator: {mods folder locator at /workspaces/newservos/servidor_minecraft/mods}, reader: mod manifest]
[26Aug2026 04:48:18.754] [main/INFO] [net.neoforged.fml.loading.moddiscovery.ModDiscoverer/SCAN]: Found mod file "HellishTrials-neoforge-1.0.5.jar" [locator: {mods folder locator at /workspaces/newservos/servidor_minecraft/mods}, reader: mod manifest]
[26Aug2026 04:48:18.756] [main/INFO] [net.neoforged.fml.loading.moddiscovery.ModDiscoverer/SCAN]: Found mod file "hominid-1.3.4.jar" [locator: {mods folder locator at /workspaces/newservos/servidor_minecraft/mods}, reader: mod manifest]
[26Aug2026 04:48:18.759] [main/INFO] [net.neoforged.fml.loading.moddiscovery.ModDiscoverer/SCAN]: Found mod file "HopoBetterRuinedPortals-[1.21.1-1.21.3]-1.4.4b.jar" [locator: {mods folder locator at /workspaces/newservos/servidor_minecraft/mods}, reader: mod manifest]
[26Aug2026 04:48:18.763] [main/INFO] [net.neoforged.fml.loading.moddiscovery.ModDiscoverer/SCAN]: Found mod file "immersive_aircraft-1.4.6+1.21.1-neoforge.jar" [locator: {mods folder locator at /workspaces/newservos/servidor_minecraft/mods}, reader: mod manifest]
[26Aug2026 04:48:18.767] [main/INFO] [net.neoforged.fml.loading.moddiscovery.ModDiscoverer/SCAN]: Found mod file "Incendium_1.21.x_v5.4.4.jar" [locator: {mods folder locator at /workspaces/newservos/servidor_minecraft/mods}, reader: mod manifest]
[26Aug2026 04:48:18.771] [main/INFO] [net.neoforged.fml.loading.moddiscovery.ModDiscoverer/SCAN]: Found mod file "Jadens-Nether-Expansion-2.4.1.jar" [locator: {mods folder locator at /workspaces/newservos/servidor_minecraft/mods}, reader: mod manifest]
[26Aug2026 04:48:18.774] [main/INFO] [net.neoforged.fml.loading.moddiscovery.ModDiscoverer/SCAN]: Found mod file "jei-1.21.1-neoforge-19.27.0.340-async-10.jar" [locator: {mods folder locator at /workspaces/newservos/servidor_minecraft/mods}, reader: mod manifest]
[26Aug2026 04:48:18.776] [main/INFO] [net.neoforged.fml.loading.moddiscovery.ModDiscoverer/SCAN]: Found mod file "jungle_treehouse_village-1.0.0-neoforge-1.21.1.jar" [locator: {mods folder locator at /workspaces/newservos/servidor_minecraft/mods}, reader: mod manifest]
[26Aug2026 04:48:18.778] [main/INFO] [net.neoforged.fml.loading.moddiscovery.ModDiscoverer/SCAN]: Found mod file "just_in_nether-1.1.8-neoforge-1.21.1.jar" [locator: {mods folder locator at /workspaces/newservos/servidor_minecraft/mods}, reader: mod manifest]
[26Aug2026 04:48:18.780] [main/INFO] [net.neoforged.fml.loading.moddiscovery.ModDiscoverer/SCAN]: Found mod file "kaleidoscopetavern-1.2.0-neoforge+mc1.21.1.jar" [locator: {mods folder locator at /workspaces/newservos/servidor_minecraft/mods}, reader: mod manifest]
[26Aug2026 04:48:18.782] [main/INFO] [net.neoforged.fml.loading.moddiscovery.ModDiscoverer/SCAN]: Found mod file "Kiwi-1.21.1-NeoForge-15.8.7.jar" [locator: {mods folder locator at /workspaces/newservos/servidor_minecraft/mods}, reader: mod manifest]
[26Aug2026 04:48:18.784] [main/INFO] [net.neoforged.fml.loading.moddiscovery.ModDiscoverer/SCAN]: Found mod file "knightlib-neoforge-1.21.1-1.6.1.jar" [locator: {mods folder locator at /workspaces/newservos/servidor_minecraft/mods}, reader: mod manifest]
[26Aug2026 04:48:18.787] [main/INFO] [net.neoforged.fml.loading.moddiscovery.ModDiscoverer/SCAN]: Found mod file "knightquest-neoforge-1.21.1-1.9.3.jar" [locator: {mods folder locator at /workspaces/newservos/servidor_minecraft/mods}, reader: mod manifest]
[26Aug2026 04:48:18.789] [main/INFO] [net.neoforged.fml.loading.moddiscovery.ModDiscoverer/SCAN]: Found library file "kotlinforforge-5.12.0-all.jar" [locator: {mods folder locator at /workspaces/newservos/servidor_minecraft/mods}, reader: mod manifest]
[26Aug2026 04:48:18.791] [main/INFO] [net.neoforged.fml.loading.moddiscovery.ModDiscoverer/SCAN]: Found mod file "krypton_fnp-neoforge-1.21.1-0.2.28.1-1.21.1.jar" [locator: {mods folder locator at /workspaces/newservos/servidor_minecraft/mods}, reader: mod manifest]
[26Aug2026 04:48:18.793] [main/INFO] [net.neoforged.fml.loading.moddiscovery.ModDiscoverer/SCAN]: Found mod file "Ksyxis-1.4.3.jar" [locator: {mods folder locator at /workspaces/newservos/servidor_minecraft/mods}, reader: mod manifest]
[26Aug2026 04:48:18.794] [main/INFO] [net.neoforged.fml.loading.moddiscovery.ModDiscoverer/SCAN]: Found mod file "leaky-1.21-2.4.jar" [locator: {mods folder locator at /workspaces/newservos/servidor_minecraft/mods}, reader: mod manifest]
[26Aug2026 04:48:18.798] [main/INFO] [net.neoforged.fml.loading.moddiscovery.ModDiscoverer/SCAN]: Found mod file "letsdo-bloomingnature-neoforge-1.1.10.jar" [locator: {mods folder locator at /workspaces/newservos/servidor_minecraft/mods}, reader: mod manifest]
[26Aug2026 04:48:18.800] [main/INFO] [net.neoforged.fml.loading.moddiscovery.ModDiscoverer/SCAN]: Found mod file "letsdo-farm_and_charm-neoforge-1.1.23.jar" [locator: {mods folder locator at /workspaces/newservos/servidor_minecraft/mods}, reader: mod manifest]
[26Aug2026 04:48:18.802] [main/INFO] [net.neoforged.fml.loading.moddiscovery.ModDiscoverer/SCAN]: Found mod file "letsdo-meadow-neoforge-1.4.8.jar" [locator: {mods folder locator at /workspaces/newservos/servidor_minecraft/mods}, reader: mod manifest]
[26Aug2026 04:48:18.804] [main/INFO] [net.neoforged.fml.loading.moddiscovery.ModDiscoverer/SCAN]: Found mod file "letsdo-vinery-neoforge-1.5.3.jar" [locator: {mods folder locator at /workspaces/newservos/servidor_minecraft/mods}, reader: mod manifest]
[26Aug2026 04:48:18.806] [main/INFO] [net.neoforged.fml.loading.moddiscovery.ModDiscoverer/SCAN]: Found mod file "limitedchunks-1.21-4.1.jar" [locator: {mods folder locator at /workspaces/newservos/servidor_minecraft/mods}, reader: mod manifest]
[26Aug2026 04:48:18.807] [main/INFO] [net.neoforged.fml.loading.moddiscovery.ModDiscoverer/SCAN]: Found mod file "lithostitched-1.8.0+beta4-neoforge-21.1.jar" [locator: {mods folder locator at /workspaces/newservos/servidor_minecraft/mods}, reader: mod manifest]
[26Aug2026 04:48:18.809] [main/INFO] [net.neoforged.fml.loading.moddiscovery.ModDiscoverer/SCAN]: Found mod file "lodestone-1.21.1-1.8.2.jar" [locator: {mods folder locator at /workspaces/newservos/servidor_minecraft/mods}, reader: mod manifest]
[26Aug2026 04:48:18.811] [main/INFO] [net.neoforged.fml.loading.moddiscovery.ModDiscoverer/SCAN]: Found mod file "lootr-neoforge-1.21.1-1.11.38.124.jar" [locator: {mods folder locator at /workspaces/newservos/servidor_minecraft/mods}, reader: mod manifest]
[26Aug2026 04:48:18.813] [main/INFO] [net.neoforged.fml.loading.moddiscovery.ModDiscoverer/SCAN]: Found mod file "luckyswardrobe-2.0.0.jar" [locator: {mods folder locator at /workspaces/newservos/servidor_minecraft/mods}, reader: mod manifest]
[26Aug2026 04:48:18.816] [main/INFO] [net.neoforged.fml.loading.moddiscovery.ModDiscoverer/SCAN]: Found mod file "LuminousNetherV1.3.3 0 NeoForge 1.21.1.jar" [locator: {mods folder locator at /workspaces/newservos/servidor_minecraft/mods}, reader: mod manifest]
[26Aug2026 04:48:18.818] [main/INFO] [net.neoforged.fml.loading.moddiscovery.ModDiscoverer/SCAN]: Found mod file "medieval_buildings-1.21.1-1.1.1-neoforge.jar" [locator: {mods folder locator at /workspaces/newservos/servidor_minecraft/mods}, reader: mod manifest]
[26Aug2026 04:48:18.820] [main/INFO] [net.neoforged.fml.loading.moddiscovery.ModDiscoverer/SCAN]: Found mod file "medieval_buildings_end_edition-1.21.1-1.0.4-neoforge.jar" [locator: {mods folder locator at /workspaces/newservos/servidor_minecraft/mods}, reader: mod manifest]
[26Aug2026 04:48:18.822] [main/INFO] [net.neoforged.fml.loading.moddiscovery.ModDiscoverer/SCAN]: Found mod file "medieval_buildings_nether_edition-1.21.1-1.0.2-neoforge.jar" [locator: {mods folder locator at /workspaces/newservos/servidor_minecraft/mods}, reader: mod manifest]
[26Aug2026 04:48:18.824] [main/INFO] [net.neoforged.fml.loading.moddiscovery.ModDiscoverer/SCAN]: Found mod file "mighty_mail-neoforge-1.21.1-1.1.4.jar" [locator: {mods folder locator at /workspaces/newservos/servidor_minecraft/mods}, reader: mod manifest]
[26Aug2026 04:48:18.825] [main/INFO] [net.neoforged.fml.loading.moddiscovery.ModDiscoverer/SCAN]: Found mod file "minopp-1.4.0+1.21.1+neoforge.jar" [locator: {mods folder locator at /workspaces/newservos/servidor_minecraft/mods}, reader: mod manifest]
[26Aug2026 04:48:18.827] [main/INFO] [net.neoforged.fml.loading.moddiscovery.ModDiscoverer/SCAN]: Found mod file "modernfix-neoforge-5.27.20+mc1.21.1.jar" [locator: {mods folder locator at /workspaces/newservos/servidor_minecraft/mods}, reader: mod manifest]
[26Aug2026 04:48:18.829] [main/INFO] [net.neoforged.fml.loading.moddiscovery.ModDiscoverer/SCAN]: Found mod file "MoogsEndStructures-1.21-2.0.3.jar" [locator: {mods folder locator at /workspaces/newservos/servidor_minecraft/mods}, reader: mod manifest]
[26Aug2026 04:48:18.831] [main/INFO] [net.neoforged.fml.loading.moddiscovery.ModDiscoverer/SCAN]: Found mod file "MoogsNetherStructures-1.21-3.0.0.jar" [locator: {mods folder locator at /workspaces/newservos/servidor_minecraft/mods}, reader: mod manifest]
[26Aug2026 04:48:18.832] [main/INFO] [net.neoforged.fml.loading.moddiscovery.ModDiscoverer/SCAN]: Found mod file "MoogsStructureLib-neoforge-1.21.1-3.1.2.jar" [locator: {mods folder locator at /workspaces/newservos/servidor_minecraft/mods}, reader: mod manifest]
[26Aug2026 04:48:18.834] [main/INFO] [net.neoforged.fml.loading.moddiscovery.ModDiscoverer/SCAN]: Found mod file "moonlight-1.21.1-3.5.0-neoforge.jar" [locator: {mods folder locator at /workspaces/newservos/servidor_minecraft/mods}, reader: mod manifest]
[26Aug2026 04:48:18.836] [main/INFO] [net.neoforged.fml.loading.moddiscovery.ModDiscoverer/SCAN]: Found mod file "mowziesmobs-1.21.1-1.8.2.jar" [locator: {mods folder locator at /workspaces/newservos/servidor_minecraft/mods}, reader: mod manifest]
[26Aug2026 04:48:18.839] [main/INFO] [net.neoforged.fml.loading.moddiscovery.ModDiscoverer/SCAN]: Found mod file "MyNethersDelight-1.21.1-1.10.4.jar" [locator: {mods folder locator at /workspaces/newservos/servidor_minecraft/mods}, reader: mod manifest]
[26Aug2026 04:48:18.849] [main/INFO] [net.neoforged.fml.loading.moddiscovery.ModDiscoverer/SCAN]: Found mod file "mythrais-5.2.1-1.21.1-neo-beta5.jar" [locator: {mods folder locator at /workspaces/newservos/servidor_minecraft/mods}, reader: mod manifest]
[26Aug2026 04:48:18.851] [main/INFO] [net.neoforged.fml.loading.moddiscovery.ModDiscoverer/SCAN]: Found mod file "naturalist-2.0.3-neoforge-1.21.1.jar" [locator: {mods folder locator at /workspaces/newservos/servidor_minecraft/mods}, reader: mod manifest]
[26Aug2026 04:48:18.853] [main/INFO] [net.neoforged.fml.loading.moddiscovery.ModDiscoverer/SCAN]: Found mod file "nether-s-exoticism-1.21.1-1.2.9.jar" [locator: {mods folder locator at /workspaces/newservos/servidor_minecraft/mods}, reader: mod manifest]
[26Aug2026 04:48:18.855] [main/INFO] [net.neoforged.fml.loading.moddiscovery.ModDiscoverer/SCAN]: Found mod file "no-collision-0.1.jar" [locator: {mods folder locator at /workspaces/newservos/servidor_minecraft/mods}, reader: mod manifest]
[26Aug2026 04:48:18.860] [main/INFO] [net.neoforged.fml.loading.moddiscovery.ModDiscoverer/SCAN]: Found mod file "noisium-neoforge-2.7.0+mc1.21-1.21.1.jar" [locator: {mods folder locator at /workspaces/newservos/servidor_minecraft/mods}, reader: mod manifest]
[26Aug2026 04:48:18.861] [main/INFO] [net.neoforged.fml.loading.moddiscovery.ModDiscoverer/SCAN]: Found mod file "nordic_structures-1.7.2-neoforge-1.21.1.jar" [locator: {mods folder locator at /workspaces/newservos/servidor_minecraft/mods}, reader: mod manifest]
[26Aug2026 04:48:18.863] [main/INFO] [net.neoforged.fml.loading.moddiscovery.ModDiscoverer/SCAN]: Found mod file "OELib-neoforge-1.21.1-0.2.3.jar" [locator: {mods folder locator at /workspaces/newservos/servidor_minecraft/mods}, reader: mod manifest]
[26Aug2026 04:48:18.869] [main/INFO] [net.neoforged.fml.loading.moddiscovery.ModDiscoverer/SCAN]: Found mod file "Oh-The-Biomes-Weve-Gone-NeoForge-2.6.0.jar" [locator: {mods folder locator at /workspaces/newservos/servidor_minecraft/mods}, reader: mod manifest]
[26Aug2026 04:48:18.870] [main/INFO] [net.neoforged.fml.loading.moddiscovery.ModDiscoverer/SCAN]: Found mod file "Oh-The-Trees-Youll-Grow-neoforge-1.21.1-5.3.2.jar" [locator: {mods folder locator at /workspaces/newservos/servidor_minecraft/mods}, reader: mod manifest]
[26Aug2026 04:48:18.872] [main/INFO] [net.neoforged.fml.loading.moddiscovery.ModDiscoverer/SCAN]: Found mod file "OverweightFarming-1.21.1-2.2.0-NeoForge.jar" [locator: {mods folder locator at /workspaces/newservos/servidor_minecraft/mods}, reader: mod manifest]
[26Aug2026 04:48:18.874] [main/INFO] [net.neoforged.fml.loading.moddiscovery.ModDiscoverer/SCAN]: Found mod file "owo-lib-neoforge-0.12.15.5-beta.1+1.21.jar" [locator: {mods folder locator at /workspaces/newservos/servidor_minecraft/mods}, reader: mod manifest]
[26Aug2026 04:48:18.875] [main/INFO] [net.neoforged.fml.loading.moddiscovery.ModDiscoverer/SCAN]: Found mod file "perf_tweaks-neoforge-1.21.1-1.3.0.jar" [locator: {mods folder locator at /workspaces/newservos/servidor_minecraft/mods}, reader: mod manifest]
[26Aug2026 04:48:18.876] [main/INFO] [net.neoforged.fml.loading.moddiscovery.ModDiscoverer/SCAN]: Found mod file "piggyback-neoforge-1.21.1-1.1.1.jar" [locator: {mods folder locator at /workspaces/newservos/servidor_minecraft/mods}, reader: mod manifest]
[26Aug2026 04:48:18.878] [main/INFO] [net.neoforged.fml.loading.moddiscovery.ModDiscoverer/SCAN]: Found mod file "piglinproliferation-1.21.1-2.0.15.jar" [locator: {mods folder locator at /workspaces/newservos/servidor_minecraft/mods}, reader: mod manifest]
[26Aug2026 04:48:18.879] [main/INFO] [net.neoforged.fml.loading.moddiscovery.ModDiscoverer/SCAN]: Found mod file "Platform-neoforge-1.21.1-1.3.3.jar" [locator: {mods folder locator at /workspaces/newservos/servidor_minecraft/mods}, reader: mod manifest]
[26Aug2026 04:48:18.881] [main/INFO] [net.neoforged.fml.loading.moddiscovery.ModDiscoverer/SCAN]: Found mod file "player-animation-lib-forge-2.0.4+1.21.1.jar" [locator: {mods folder locator at /workspaces/newservos/servidor_minecraft/mods}, reader: mod manifest]
[26Aug2026 04:48:18.882] [main/INFO] [net.neoforged.fml.loading.moddiscovery.ModDiscoverer/SCAN]: Found mod file "PlayerRevive_NEOFORGE_v2.1.2_mc1.21.1.jar" [locator: {mods folder locator at /workspaces/newservos/servidor_minecraft/mods}, reader: mod manifest]
[26Aug2026 04:48:18.884] [main/INFO] [net.neoforged.fml.loading.moddiscovery.ModDiscoverer/SCAN]: Found mod file "power-scale-1.21.1-neoforge-0.3.1.1.jar" [locator: {mods folder locator at /workspaces/newservos/servidor_minecraft/mods}, reader: mod manifest]
[26Aug2026 04:48:18.885] [main/INFO] [net.neoforged.fml.loading.moddiscovery.ModDiscoverer/SCAN]: Found mod file "prickle-neoforge-1.21.1-21.1.11.jar" [locator: {mods folder locator at /workspaces/newservos/servidor_minecraft/mods}, reader: mod manifest]
[26Aug2026 04:48:18.887] [main/INFO] [net.neoforged.fml.loading.moddiscovery.ModDiscoverer/SCAN]: Found mod file "primal-1.1.6+1.21.jar" [locator: {mods folder locator at /workspaces/newservos/servidor_minecraft/mods}, reader: mod manifest]
[26Aug2026 04:48:18.889] [main/INFO] [net.neoforged.fml.loading.moddiscovery.ModDiscoverer/SCAN]: Found mod file "PuzzlesLib-v21.1.52-1.21.1-NeoForge.jar" [locator: {mods folder locator at /workspaces/newservos/servidor_minecraft/mods}, reader: mod manifest]
[26Aug2026 04:48:18.891] [main/INFO] [net.neoforged.fml.loading.moddiscovery.ModDiscoverer/SCAN]: Found mod file "qraftyfied-9.1.1.jar" [locator: {mods folder locator at /workspaces/newservos/servidor_minecraft/mods}, reader: mod manifest]
[26Aug2026 04:48:18.895] [main/INFO] [net.neoforged.fml.loading.moddiscovery.ModDiscoverer/SCAN]: Found mod file "quantified api-omni-2.2.0.jar" [locator: {mods folder locator at /workspaces/newservos/servidor_minecraft/mods}, reader: mod manifest]
[26Aug2026 04:48:18.897] [main/INFO] [net.neoforged.fml.loading.moddiscovery.ModDiscoverer/SCAN]: Found mod file "Quick Skin - NeoForge - 1.21.1-2.6.2.4.jar" [locator: {mods folder locator at /workspaces/newservos/servidor_minecraft/mods}, reader: mod manifest]
[26Aug2026 04:48:18.898] [main/INFO] [net.neoforged.fml.loading.moddiscovery.ModDiscoverer/SCAN]: Found mod file "raidsenhanced-1.0.2-1.21.1.jar" [locator: {mods folder locator at /workspaces/newservos/servidor_minecraft/mods}, reader: mod manifest]
[26Aug2026 04:48:18.899] [main/INFO] [net.neoforged.fml.loading.moddiscovery.ModDiscoverer/SCAN]: Found mod file "realmrpg_balloons-1.0.0-neoforge-1.21.1.jar" [locator: {mods folder locator at /workspaces/newservos/servidor_minecraft/mods}, reader: mod manifest]
[26Aug2026 04:48:18.901] [main/INFO] [net.neoforged.fml.loading.moddiscovery.ModDiscoverer/SCAN]: Found mod file "recipeessentials-1.21.1-4.7.jar" [locator: {mods folder locator at /workspaces/newservos/servidor_minecraft/mods}, reader: mod manifest]
[26Aug2026 04:48:18.906] [main/INFO] [net.neoforged.fml.loading.moddiscovery.ModDiscoverer/SCAN]: Found mod file "regions-unexplored-0.6.2-neoforge-21.1.jar" [locator: {mods folder locator at /workspaces/newservos/servidor_minecraft/mods}, reader: mod manifest]
[26Aug2026 04:48:18.907] [main/INFO] [net.neoforged.fml.loading.moddiscovery.ModDiscoverer/SCAN]: Found mod file "resourcefulconfig-neoforge-1.21-3.0.11.jar" [locator: {mods folder locator at /workspaces/newservos/servidor_minecraft/mods}, reader: mod manifest]
[26Aug2026 04:48:18.908] [main/INFO] [net.neoforged.fml.loading.moddiscovery.ModDiscoverer/SCAN]: Found mod file "resourcefullib-neoforge-1.21-3.0.12.jar" [locator: {mods folder locator at /workspaces/newservos/servidor_minecraft/mods}, reader: mod manifest]
[26Aug2026 04:48:18.910] [main/INFO] [net.neoforged.fml.loading.moddiscovery.ModDiscoverer/SCAN]: Found mod file "Ribbits-1.21.1-NeoForge-4.1.6.jar" [locator: {mods folder locator at /workspaces/newservos/servidor_minecraft/mods}, reader: mod manifest]
[26Aug2026 04:48:18.911] [main/INFO] [net.neoforged.fml.loading.moddiscovery.ModDiscoverer/SCAN]: Found mod file "sawmill-1.21-1.8.0-neoforge.jar" [locator: {mods folder locator at /workspaces/newservos/servidor_minecraft/mods}, reader: mod manifest]
[26Aug2026 04:48:18.912] [main/INFO] [net.neoforged.fml.loading.moddiscovery.ModDiscoverer/SCAN]: Found mod file "sawmillhouse-2.0.1-neoforge-1.21.1.jar" [locator: {mods folder locator at /workspaces/newservos/servidor_minecraft/mods}, reader: mod manifest]
[26Aug2026 04:48:18.913] [main/INFO] [net.neoforged.fml.loading.moddiscovery.ModDiscoverer/SCAN]: Found mod file "ScalableLux-neoforge-0.3.0-alpha.0.8-all.jar" [locator: {mods folder locator at /workspaces/newservos/servidor_minecraft/mods}, reader: mod manifest]
[26Aug2026 04:48:18.914] [main/INFO] [net.neoforged.fml.loading.moddiscovery.ModDiscoverer/SCAN]: Found mod file "serversleep-datapack2.jar" [locator: {mods folder locator at /workspaces/newservos/servidor_minecraft/mods}, reader: mod manifest]
[26Aug2026 04:48:18.918] [main/INFO] [net.neoforged.fml.loading.moddiscovery.ModDiscoverer/SCAN]: Found mod file "shieldexp-neoforge-1.21.1-1.4.1.jar" [locator: {mods folder locator at /workspaces/newservos/servidor_minecraft/mods}, reader: mod manifest]
[26Aug2026 04:48:18.919] [main/INFO] [net.neoforged.fml.loading.moddiscovery.ModDiscoverer/SCAN]: Found mod file "silent-lib-1.21.1-neoforge-10.6.0.jar" [locator: {mods folder locator at /workspaces/newservos/servidor_minecraft/mods}, reader: mod manifest]
[26Aug2026 04:48:18.922] [main/INFO] [net.neoforged.fml.loading.moddiscovery.ModDiscoverer/SCAN]: Found mod file "simplyswords-neoforge-1.70.1-1.21.1.jar" [locator: {mods folder locator at /workspaces/newservos/servidor_minecraft/mods}, reader: mod manifest]
[26Aug2026 04:48:18.923] [main/INFO] [net.neoforged.fml.loading.moddiscovery.ModDiscoverer/SCAN]: Found mod file "SimplyTooltips-neoforge-0.1.5.jar" [locator: {mods folder locator at /workspaces/newservos/servidor_minecraft/mods}, reader: mod manifest]
[26Aug2026 04:48:18.924] [main/INFO] [net.neoforged.fml.loading.moddiscovery.ModDiscoverer/SCAN]: Found mod file "sky_whale_ship-neoforge-1.21.1.jar" [locator: {mods folder locator at /workspaces/newservos/servidor_minecraft/mods}, reader: mod manifest]
[26Aug2026 04:48:18.926] [main/INFO] [net.neoforged.fml.loading.moddiscovery.ModDiscoverer/SCAN]: Found mod file "SkyArena-1.3.6-1.21.1.jar" [locator: {mods folder locator at /workspaces/newservos/servidor_minecraft/mods}, reader: mod manifest]
[26Aug2026 04:48:18.927] [main/INFO] [net.neoforged.fml.loading.moddiscovery.ModDiscoverer/SCAN]: Found mod file "smoothchunk-1.21-4.1.jar" [locator: {mods folder locator at /workspaces/newservos/servidor_minecraft/mods}, reader: mod manifest]
[26Aug2026 04:48:18.928] [main/INFO] [net.neoforged.fml.loading.moddiscovery.ModDiscoverer/SCAN]: Found mod file "smsn-neoforge-1.4.3-1.21.1.jar" [locator: {mods folder locator at /workspaces/newservos/servidor_minecraft/mods}, reader: mod manifest]
[26Aug2026 04:48:18.929] [main/INFO] [net.neoforged.fml.loading.moddiscovery.ModDiscoverer/SCAN]: Found mod file "SnowRealMagic-1.21.1-NeoForge-12.2.2.jar" [locator: {mods folder locator at /workspaces/newservos/servidor_minecraft/mods}, reader: mod manifest]
[26Aug2026 04:48:18.931] [main/INFO] [net.neoforged.fml.loading.moddiscovery.ModDiscoverer/SCAN]: Found mod file "spark-1.10.124-neoforge.jar" [locator: {mods folder locator at /workspaces/newservos/servidor_minecraft/mods}, reader: mod manifest]
[26Aug2026 04:48:18.933] [main/INFO] [net.neoforged.fml.loading.moddiscovery.ModDiscoverer/SCAN]: Found mod file "spelunkers_charm-5.0.6.jar" [locator: {mods folder locator at /workspaces/newservos/servidor_minecraft/mods}, reader: mod manifest]
[26Aug2026 04:48:18.934] [main/INFO] [net.neoforged.fml.loading.moddiscovery.ModDiscoverer/SCAN]: Found mod file "Structory_26.2_v1.3.7.jar" [locator: {mods folder locator at /workspaces/newservos/servidor_minecraft/mods}, reader: mod manifest]
[26Aug2026 04:48:18.935] [main/INFO] [net.neoforged.fml.loading.moddiscovery.ModDiscoverer/SCAN]: Found mod file "structure_layout_optimizer-neoforge-1.0.12.jar" [locator: {mods folder locator at /workspaces/newservos/servidor_minecraft/mods}, reader: mod manifest]
[26Aug2026 04:48:18.938] [main/INFO] [net.neoforged.fml.loading.moddiscovery.ModDiscoverer/SCAN]: Found mod file "supplementaries-1.21.1-3.9.3-neoforge.jar" [locator: {mods folder locator at /workspaces/newservos/servidor_minecraft/mods}, reader: mod manifest]
[26Aug2026 04:48:18.940] [main/INFO] [net.neoforged.fml.loading.moddiscovery.ModDiscoverer/SCAN]: Found mod file "t_and_t-fabric-neoforge-1.13.11.jar" [locator: {mods folder locator at /workspaces/newservos/servidor_minecraft/mods}, reader: mod manifest]
[26Aug2026 04:48:18.942] [main/INFO] [net.neoforged.fml.loading.moddiscovery.ModDiscoverer/SCAN]: Found mod file "takesapillage-neoforge-1.0.12+mc1.21.1.jar" [locator: {mods folder locator at /workspaces/newservos/servidor_minecraft/mods}, reader: mod manifest]
[26Aug2026 04:48:18.943] [main/INFO] [net.neoforged.fml.loading.moddiscovery.ModDiscoverer/SCAN]: Found mod file "TerraBlender-neoforge-1.21.1-4.1.0.8.jar" [locator: {mods folder locator at /workspaces/newservos/servidor_minecraft/mods}, reader: mod manifest]
[26Aug2026 04:48:18.947] [main/INFO] [net.neoforged.fml.loading.moddiscovery.ModDiscoverer/SCAN]: Found mod file "the_bumblezone-7.15.3+1.21.1-neoforge.jar" [locator: {mods folder locator at /workspaces/newservos/servidor_minecraft/mods}, reader: mod manifest]
[26Aug2026 04:48:18.948] [main/INFO] [net.neoforged.fml.loading.moddiscovery.ModDiscoverer/SCAN]: Found mod file "tlc-neoforge-1.21.1-2.1.0.jar" [locator: {mods folder locator at /workspaces/newservos/servidor_minecraft/mods}, reader: mod manifest]
[26Aug2026 04:48:18.950] [main/INFO] [net.neoforged.fml.loading.moddiscovery.ModDiscoverer/SCAN]: Found mod file "tombstone-neoforge-1.21.1-9.5.5.jar" [locator: {mods folder locator at /workspaces/newservos/servidor_minecraft/mods}, reader: mod manifest]
[26Aug2026 04:48:18.951] [main/INFO] [net.neoforged.fml.loading.moddiscovery.ModDiscoverer/SCAN]: Found mod file "too_many_bows-neoforge-1.21.1-3.4.0.jar" [locator: {mods folder locator at /workspaces/newservos/servidor_minecraft/mods}, reader: mod manifest]
[26Aug2026 04:48:18.953] [main/INFO] [net.neoforged.fml.loading.moddiscovery.ModDiscoverer/SCAN]: Found mod file "travelersbackpack-neoforge-1.21.1-10.1.38.jar" [locator: {mods folder locator at /workspaces/newservos/servidor_minecraft/mods}, reader: mod manifest]
[26Aug2026 04:48:18.959] [main/INFO] [net.neoforged.fml.loading.moddiscovery.ModDiscoverer/SCAN]: Found mod file "trek-B0.6.2.jar" [locator: {mods folder locator at /workspaces/newservos/servidor_minecraft/mods}, reader: mod manifest]
[26Aug2026 04:48:18.961] [main/INFO] [net.neoforged.fml.loading.moddiscovery.ModDiscoverer/SCAN]: Found mod file "trimmed-neo-1.21-3.0.0.jar" [locator: {mods folder locator at /workspaces/newservos/servidor_minecraft/mods}, reader: mod manifest]
[26Aug2026 04:48:18.967] [main/INFO] [net.neoforged.fml.loading.moddiscovery.ModDiscoverer/SCAN]: Found mod file "twilightforest-1.21.1-4.8.3345-universal.jar" [locator: {mods folder locator at /workspaces/newservos/servidor_minecraft/mods}, reader: mod manifest]
[26Aug2026 04:48:18.969] [main/INFO] [net.neoforged.fml.loading.moddiscovery.ModDiscoverer/SCAN]: Found mod file "u_desert-2.0.3+mc1.21-1.21.11.jar" [locator: {mods folder locator at /workspaces/newservos/servidor_minecraft/mods}, reader: mod manifest]
[26Aug2026 04:48:18.970] [main/INFO] [net.neoforged.fml.loading.moddiscovery.ModDiscoverer/SCAN]: Found mod file "u_sea-1.2.5+mc1.19-1.21.11.jar" [locator: {mods folder locator at /workspaces/newservos/servidor_minecraft/mods}, reader: mod manifest]
[26Aug2026 04:48:18.972] [main/INFO] [net.neoforged.fml.loading.moddiscovery.ModDiscoverer/SCAN]: Found mod file "unusualfishmod-1.21.1-1.1.13.jar" [locator: {mods folder locator at /workspaces/newservos/servidor_minecraft/mods}, reader: mod manifest]
[26Aug2026 04:48:18.982] [main/INFO] [net.neoforged.fml.loading.moddiscovery.ModDiscoverer/SCAN]: Found mod file "VanillaBackport-neoforge-1.21.1-1.1.7.10.jar" [locator: {mods folder locator at /workspaces/newservos/servidor_minecraft/mods}, reader: mod manifest]
[26Aug2026 04:48:18.986] [main/INFO] [net.neoforged.fml.loading.moddiscovery.ModDiscoverer/SCAN]: Found mod file "voicechat-neoforge-1.21.1-2.6.22.jar" [locator: {mods folder locator at /workspaces/newservos/servidor_minecraft/mods}, reader: mod manifest]
[26Aug2026 04:48:18.990] [main/INFO] [net.neoforged.fml.loading.moddiscovery.ModDiscoverer/SCAN]: Found mod file "waterframes-NEOFORGE-mc1.21.1-v2.1.23.jar" [locator: {mods folder locator at /workspaces/newservos/servidor_minecraft/mods}, reader: mod manifest]
[26Aug2026 04:48:18.994] [main/INFO] [net.neoforged.fml.loading.moddiscovery.ModDiscoverer/SCAN]: Found mod file "watervision-NF-mc1.21.1-v0.1.0-alpha.jar" [locator: {mods folder locator at /workspaces/newservos/servidor_minecraft/mods}, reader: mod manifest]
[26Aug2026 04:48:18.996] [main/INFO] [net.neoforged.fml.loading.moddiscovery.ModDiscoverer/SCAN]: Found mod file "yet_another_config_lib_v3-3.8.2+1.21.1-neoforge.jar" [locator: {mods folder locator at /workspaces/newservos/servidor_minecraft/mods}, reader: mod manifest]
[26Aug2026 04:48:18.997] [main/INFO] [net.neoforged.fml.loading.moddiscovery.ModDiscoverer/SCAN]: Found mod file "Yggdrasil-6.0.0.jar" [locator: {mods folder locator at /workspaces/newservos/servidor_minecraft/mods}, reader: mod manifest]
[26Aug2026 04:48:18.999] [main/INFO] [net.neoforged.fml.loading.moddiscovery.ModDiscoverer/SCAN]: Found mod file "YungsApi-1.21.1-NeoForge-5.1.8.jar" [locator: {mods folder locator at /workspaces/newservos/servidor_minecraft/mods}, reader: mod manifest]
[26Aug2026 04:48:20.022] [main/WARN] [net.neoforged.jarjar.selection.JarSelector/]: Attempted to select a dependency jar for JarJar which was passed in as source: playeranimator. Using Mod File: /workspaces/newservos/servidor_minecraft/mods/player-animation-lib-forge-2.0.4+1.21.1.jar
[26Aug2026 04:48:20.022] [main/WARN] [net.neoforged.jarjar.selection.JarSelector/]: Attempted to select a dependency jar for JarJar which was passed in as source: biolith. Using Mod File: /workspaces/newservos/servidor_minecraft/mods/biolith-neoforge-3.0.14.jar
[26Aug2026 04:48:20.023] [main/WARN] [net.neoforged.jarjar.selection.JarSelector/]: Attempted to select a dependency jar for JarJar which was passed in as source: blueprint. Using Mod File: /workspaces/newservos/servidor_minecraft/mods/blueprint-1.21.1-8.1.1.jar
[26Aug2026 04:48:20.023] [main/WARN] [net.neoforged.jarjar.selection.JarSelector/]: Attempted to select a dependency jar for JarJar which was passed in as source: resourcefullib. Using Mod File: /workspaces/newservos/servidor_minecraft/mods/resourcefullib-neoforge-1.21-3.0.12.jar
[26Aug2026 04:48:20.023] [main/WARN] [net.neoforged.jarjar.selection.JarSelector/]: Attempted to select a dependency jar for JarJar which was passed in as source: lodestone. Using Mod File: /workspaces/newservos/servidor_minecraft/mods/lodestone-1.21.1-1.8.2.jar
[26Aug2026 04:48:20.023] [main/INFO] [net.neoforged.fml.loading.moddiscovery.locators.JarInJarDependencyLocator/]: Found 82 dependencies adding them to mods collection
[26Aug2026 04:48:20.023] [main/INFO] [net.neoforged.fml.loading.moddiscovery.ModDiscoverer/SCAN]: Found mod file "c2me-neoforge-fixes-worldgen-threading-issues-mc1.21.1-0.4.0-alpha.0.120.jar" [parent: c2me-neoforge-mc1.21.1-0.4.0-alpha.0.120.jar, locator: jarinjar, reader: mod manifest]
[26Aug2026 04:48:20.023] [main/INFO] [net.neoforged.fml.loading.moddiscovery.ModDiscoverer/SCAN]: Found mod file "fabric-renderer-api-v1-3.4.0+9c40919e19.jar" [parent: SnowRealMagic-1.21.1-NeoForge-12.2.2.jar, locator: jarinjar, reader: mod manifest]
[26Aug2026 04:48:20.023] [main/INFO] [net.neoforged.fml.loading.moddiscovery.ModDiscoverer/SCAN]: Found mod file "c2me-neoforge-threading-lighting-mc1.21.1-0.4.0-alpha.0.120.jar" [parent: c2me-neoforge-mc1.21.1-0.4.0-alpha.0.120.jar, locator: jarinjar, reader: mod manifest]
[26Aug2026 04:48:20.023] [main/INFO] [net.neoforged.fml.loading.moddiscovery.ModDiscoverer/SCAN]: Found mod file "codecui-neoforge-1.21.1-1.3.6.jar" [parent: moonlight-1.21.1-3.5.0-neoforge.jar, locator: jarinjar, reader: mod manifest]
[26Aug2026 04:48:20.023] [main/INFO] [net.neoforged.fml.loading.moddiscovery.ModDiscoverer/SCAN]: Found library file "jankson-0.1.5.1.jar" [parent: owo-lib-neoforge-0.12.15.5-beta.1+1.21.jar, locator: jarinjar]
[26Aug2026 04:48:20.023] [main/INFO] [net.neoforged.fml.loading.moddiscovery.ModDiscoverer/SCAN]: Found library file "sewlia-config-1.0.0-20250810.044244-13.jar" [parent: krypton_fnp-neoforge-1.21.1-0.2.28.1-1.21.1.jar, locator: jarinjar]
[26Aug2026 04:48:20.023] [main/INFO] [net.neoforged.fml.loading.moddiscovery.ModDiscoverer/SCAN]: Found library file "json5-java-3.0.0.jar" [parent: OELib-neoforge-1.21.1-0.2.3.jar, locator: jarinjar]
[26Aug2026 04:48:20.023] [main/INFO] [net.neoforged.fml.loading.moddiscovery.ModDiscoverer/SCAN]: Found mod file "fabric-model-loading-api-v1-2.0.0+986ae77219.jar" [parent: SnowRealMagic-1.21.1-NeoForge-12.2.2.jar, locator: jarinjar, reader: mod manifest]
[26Aug2026 04:48:20.023] [main/INFO] [net.neoforged.fml.loading.moddiscovery.ModDiscoverer/SCAN]: Found library file "net.neoforged.neoforge-coremods-21.1.248.jar" [parent: neoforge-21.1.248-universal.jar, locator: jarinjar, reader: mod manifest]
[26Aug2026 04:48:20.023] [main/INFO] [net.neoforged.fml.loading.moddiscovery.ModDiscoverer/SCAN]: Found mod file "c2me-neoforge-opts-natives-math-mc1.21.1-0.4.0-alpha.0.120.jar" [parent: c2me-neoforge-mc1.21.1-0.4.0-alpha.0.120.jar, locator: jarinjar, reader: mod manifest]
[26Aug2026 04:48:20.023] [main/INFO] [net.neoforged.fml.loading.moddiscovery.ModDiscoverer/SCAN]: Found mod file "apollib-1.2.0-neoforge-21.1.jar" [parent: lithostitched-1.8.0+beta4-neoforge-21.1.jar, locator: jarinjar, reader: mod manifest]
[26Aug2026 04:48:20.023] [main/INFO] [net.neoforged.fml.loading.moddiscovery.ModDiscoverer/SCAN]: Found mod file "fabric-renderer-indigo-1.7.0+acb05a3919.jar" [parent: SnowRealMagic-1.21.1-NeoForge-12.2.2.jar, locator: jarinjar, reader: mod manifest]
[26Aug2026 04:48:20.023] [main/INFO] [net.neoforged.fml.loading.moddiscovery.ModDiscoverer/SCAN]: Found mod file "c2me-neoforge-fixes-general-threading-issues-mc1.21.1-0.4.0-alpha.0.120.jar" [parent: c2me-neoforge-mc1.21.1-0.4.0-alpha.0.120.jar, locator: jarinjar, reader: mod manifest]
[26Aug2026 04:48:20.023] [main/INFO] [net.neoforged.fml.loading.moddiscovery.ModDiscoverer/SCAN]: Found library file "netty-0.1.4.1.jar" [parent: owo-lib-neoforge-0.12.15.5-beta.1+1.21.jar, locator: jarinjar]
[26Aug2026 04:48:20.023] [main/INFO] [net.neoforged.fml.loading.moddiscovery.ModDiscoverer/SCAN]: Found library file "kotlinx-coroutines-core-jvm-1.11.0.jar" [parent: kotlinforforge-5.12.0-all.jar, locator: jarinjar]
[26Aug2026 04:48:20.023] [main/INFO] [net.neoforged.fml.loading.moddiscovery.ModDiscoverer/SCAN]: Found library file "endec-0.1.8.1.jar" [parent: owo-lib-neoforge-0.12.15.5-beta.1+1.21.jar, locator: jarinjar]
[26Aug2026 04:48:20.023] [main/INFO] [net.neoforged.fml.loading.moddiscovery.ModDiscoverer/SCAN]: Found mod file "fabric-block-view-api-v2-1.0.10+9afaaf8c19.jar" [parent: SnowRealMagic-1.21.1-NeoForge-12.2.2.jar, locator: jarinjar, reader: mod manifest]
[26Aug2026 04:48:20.024] [main/INFO] [net.neoforged.fml.loading.moddiscovery.ModDiscoverer/SCAN]: Found library file "yabn-1.0.3.jar" [parent: resourcefullib-neoforge-1.21-3.0.12.jar, locator: jarinjar]
[26Aug2026 04:48:20.024] [main/INFO] [net.neoforged.fml.loading.moddiscovery.ModDiscoverer/SCAN]: Found library file "jctools-core-4.0.5.jar" [parent: c2me-neoforge-mc1.21.1-0.4.0-alpha.0.120.jar, locator: jarinjar]
[26Aug2026 04:48:20.024] [main/INFO] [net.neoforged.fml.loading.moddiscovery.ModDiscoverer/SCAN]: Found gamelibrary file "mixinsquared-neoforge-0.3.7-beta.1.jar" [parent: c2me-neoforge-mc1.21.1-0.4.0-alpha.0.120.jar, locator: jarinjar, reader: mod manifest]
[26Aug2026 04:48:20.024] [main/INFO] [net.neoforged.fml.loading.moddiscovery.ModDiscoverer/SCAN]: Found library file "kotlinx-coroutines-jdk8-1.11.0.jar" [parent: kotlinforforge-5.12.0-all.jar, locator: jarinjar]
[26Aug2026 04:48:20.024] [main/INFO] [net.neoforged.fml.loading.moddiscovery.ModDiscoverer/SCAN]: Found mod file "c2me-neoforge-opts-math-mc1.21.1-0.4.0-alpha.0.120.jar" [parent: c2me-neoforge-mc1.21.1-0.4.0-alpha.0.120.jar, locator: jarinjar, reader: mod manifest]
[26Aug2026 04:48:20.024] [main/INFO] [net.neoforged.fml.loading.moddiscovery.ModDiscoverer/SCAN]: Found mod file "c2me-neoforge-rewrites-chunk-system-mc1.21.1-0.4.0-alpha.0.120.jar" [parent: c2me-neoforge-mc1.21.1-0.4.0-alpha.0.120.jar, locator: jarinjar, reader: mod manifest]
[26Aug2026 04:48:20.024] [main/INFO] [net.neoforged.fml.loading.moddiscovery.ModDiscoverer/SCAN]: Found library file "rxjava-3.1.12.jar" [parent: c2me-neoforge-mc1.21.1-0.4.0-alpha.0.120.jar, locator: jarinjar]
[26Aug2026 04:48:20.024] [main/INFO] [net.neoforged.fml.loading.moddiscovery.ModDiscoverer/SCAN]: Found library file "kotlin-stdlib-jdk7-2.4.0.jar" [parent: kotlinforforge-5.12.0-all.jar, locator: jarinjar]
[26Aug2026 04:48:20.024] [main/INFO] [net.neoforged.fml.loading.moddiscovery.ModDiscoverer/SCAN]: Found library file "kotlin-stdlib-jdk8-2.4.0.jar" [parent: kotlinforforge-5.12.0-all.jar, locator: jarinjar]
[26Aug2026 04:48:20.024] [main/INFO] [net.neoforged.fml.loading.moddiscovery.ModDiscoverer/SCAN]: Found library file "reactive-streams-1.0.4.jar" [parent: c2me-neoforge-mc1.21.1-0.4.0-alpha.0.120.jar, locator: jarinjar]
[26Aug2026 04:48:20.024] [main/INFO] [net.neoforged.fml.loading.moddiscovery.ModDiscoverer/SCAN]: Found mod file "c2me-neoforge-base-mc1.21.1-0.4.0-alpha.0.120-all.jar" [parent: c2me-neoforge-mc1.21.1-0.4.0-alpha.0.120.jar, locator: jarinjar, reader: mod manifest]
[26Aug2026 04:48:20.024] [main/INFO] [net.neoforged.fml.loading.moddiscovery.ModDiscoverer/SCAN]: Found library file "forgified-fabric-loader-2.5.29+0.16.0+1.21-full.jar" [parent: SnowRealMagic-1.21.1-NeoForge-12.2.2.jar, locator: jarinjar, reader: mod manifest]
[26Aug2026 04:48:20.024] [main/INFO] [net.neoforged.fml.loading.moddiscovery.ModDiscoverer/SCAN]: Found mod file "c2me-neoforge-opts-worldgen-vanilla-mc1.21.1-0.4.0-alpha.0.120.jar" [parent: c2me-neoforge-mc1.21.1-0.4.0-alpha.0.120.jar, locator: jarinjar, reader: mod manifest]
[26Aug2026 04:48:20.024] [main/INFO] [net.neoforged.fml.loading.moddiscovery.ModDiscoverer/SCAN]: Found mod file "c2me-neoforge-fixes-worldgen-vanilla-bugs-mc1.21.1-0.4.0-alpha.0.120.jar" [parent: c2me-neoforge-mc1.21.1-0.4.0-alpha.0.120.jar, locator: jarinjar, reader: mod manifest]
[26Aug2026 04:48:20.024] [main/INFO] [net.neoforged.fml.loading.moddiscovery.ModDiscoverer/SCAN]: Found library file "common-image-3.12.0.jar" [parent: yet_another_config_lib_v3-3.8.2+1.21.1-neoforge.jar, locator: jarinjar]
[26Aug2026 04:48:20.024] [main/INFO] [net.neoforged.fml.loading.moddiscovery.ModDiscoverer/SCAN]: Found library file "kotlinx-serialization-json-jvm-1.11.0.jar" [parent: kotlinforforge-5.12.0-all.jar, locator: jarinjar]
[26Aug2026 04:48:20.024] [main/INFO] [net.neoforged.fml.loading.moddiscovery.ModDiscoverer/SCAN]: Found library file "bytecodecs-1.1.2.jar" [parent: resourcefullib-neoforge-1.21-3.0.12.jar, locator: jarinjar]
[26Aug2026 04:48:20.024] [main/INFO] [net.neoforged.fml.loading.moddiscovery.ModDiscoverer/SCAN]: Found mod file "c2me-neoforge-opts-scheduling-mc1.21.1-0.4.0-alpha.0.120.jar" [parent: c2me-neoforge-mc1.21.1-0.4.0-alpha.0.120.jar, locator: jarinjar, reader: mod manifest]
[26Aug2026 04:48:20.024] [main/INFO] [net.neoforged.fml.loading.moddiscovery.ModDiscoverer/SCAN]: Found mod file "athena-neoforge-1.21.1-4.0.6.jar" [parent: the_bumblezone-7.15.3+1.21.1-neoforge.jar, locator: jarinjar, reader: mod manifest]
[26Aug2026 04:48:20.024] [main/INFO] [net.neoforged.fml.loading.moddiscovery.ModDiscoverer/SCAN]: Found library file "exp4j-0.4.8.jar" [parent: c2me-neoforge-mc1.21.1-0.4.0-alpha.0.120.jar, locator: jarinjar]
[26Aug2026 04:48:20.025] [main/INFO] [net.neoforged.fml.loading.moddiscovery.ModDiscoverer/SCAN]: Found library file "snakeyaml-2.4.jar" [parent: krypton_fnp-neoforge-1.21.1-0.2.28.1-1.21.1.jar, locator: jarinjar]
[26Aug2026 04:48:20.025] [main/INFO] [net.neoforged.fml.loading.moddiscovery.ModDiscoverer/SCAN]: Found library file "jankson-1.2.3.jar" [parent: Gobber-NeoForge-1.21.1-2.10.15.jar, locator: jarinjar]
[26Aug2026 04:48:20.025] [main/INFO] [net.neoforged.fml.loading.moddiscovery.ModDiscoverer/SCAN]: Found gamelibrary file "mixinextras-neoforge-0.5.3.jar" [parent: neoforge-21.1.248-universal.jar, locator: jarinjar, reader: mod manifest]
[26Aug2026 04:48:20.025] [main/INFO] [net.neoforged.fml.loading.moddiscovery.ModDiscoverer/SCAN]: Found mod file "fabric-game-rule-api-v1-1.0.53+36d727be19.jar" [parent: SnowRealMagic-1.21.1-NeoForge-12.2.2.jar, locator: jarinjar, reader: mod manifest]
[26Aug2026 04:48:20.025] [main/INFO] [net.neoforged.fml.loading.moddiscovery.ModDiscoverer/SCAN]: Found library file "gson-0.1.5.1.jar" [parent: owo-lib-neoforge-0.12.15.5-beta.1+1.21.jar, locator: jarinjar]
[26Aug2026 04:48:20.025] [main/INFO] [net.neoforged.fml.loading.moddiscovery.ModDiscoverer/SCAN]: Found mod file "fabric-api-base-0.4.42+d1308dedd1.jar" [parent: owo-lib-neoforge-0.12.15.5-beta.1+1.21.jar, locator: jarinjar, reader: mod manifest]
[26Aug2026 04:48:20.025] [main/INFO] [net.neoforged.fml.loading.moddiscovery.ModDiscoverer/SCAN]: Found library file "jlayer-1.0.3.jar" [parent: etched-5.1.0.jar, locator: jarinjar]
[26Aug2026 04:48:20.025] [main/INFO] [net.neoforged.fml.loading.moddiscovery.ModDiscoverer/SCAN]: Found mod file "c2me-neoforge-fixes-chunkio-threading-issues-mc1.21.1-0.4.0-alpha.0.120.jar" [parent: c2me-neoforge-mc1.21.1-0.4.0-alpha.0.120.jar, locator: jarinjar, reader: mod manifest]
[26Aug2026 04:48:20.025] [main/INFO] [net.neoforged.fml.loading.moddiscovery.ModDiscoverer/SCAN]: Found gamelibrary file "mixinlite-0.2.0.jar" [parent: gbf-1.21.1-1.0.2.jar, locator: jarinjar, reader: mod manifest]
[26Aug2026 04:48:20.025] [main/INFO] [net.neoforged.fml.loading.moddiscovery.ModDiscoverer/SCAN]: Found mod file "c2me-neoforge-client-uncapvd-mc1.21.1-0.4.0-alpha.0.120.jar" [parent: c2me-neoforge-mc1.21.1-0.4.0-alpha.0.120.jar, locator: jarinjar, reader: mod manifest]
[26Aug2026 04:48:20.025] [main/INFO] [net.neoforged.fml.loading.moddiscovery.ModDiscoverer/SCAN]: Found mod file "c2me-neoforge-server-utils-mc1.21.1-0.4.0-alpha.0.120.jar" [parent: c2me-neoforge-mc1.21.1-0.4.0-alpha.0.120.jar, locator: jarinjar, reader: mod manifest]
[26Aug2026 04:48:20.025] [main/INFO] [net.neoforged.fml.loading.moddiscovery.ModDiscoverer/SCAN]: Found library file "thedarkcolour.kfflang-5.12.0.jar" [parent: kotlinforforge-5.12.0-all.jar, locator: jarinjar, reader: mod manifest]
[26Aug2026 04:48:20.025] [main/INFO] [net.neoforged.fml.loading.moddiscovery.ModDiscoverer/SCAN]: Found mod file "spectrelib-neoforge-0.17.2+1.21.jar" [parent: charmofundying-neoforge-9.1.0+1.21.1.jar, locator: jarinjar, reader: mod manifest]
[26Aug2026 04:48:20.025] [main/INFO] [net.neoforged.fml.loading.moddiscovery.ModDiscoverer/SCAN]: Found library file "imageio-metadata-3.12.0.jar" [parent: yet_another_config_lib_v3-3.8.2+1.21.1-neoforge.jar, locator: jarinjar]
[26Aug2026 04:48:20.025] [main/INFO] [net.neoforged.fml.loading.moddiscovery.ModDiscoverer/SCAN]: Found gamelibrary file "thedarkcolour.kfflib-5.12.0.jar" [parent: kotlinforforge-5.12.0-all.jar, locator: jarinjar, reader: mod manifest]
[26Aug2026 04:48:20.025] [main/INFO] [net.neoforged.fml.loading.moddiscovery.ModDiscoverer/SCAN]: Found mod file "bendy-lib-forge-5.1.jar" [parent: emotecraft-for-MC1.21.1-2.4.12-neoforge.jar, locator: jarinjar, reader: mod manifest]
[26Aug2026 04:48:20.025] [main/INFO] [net.neoforged.fml.loading.moddiscovery.ModDiscoverer/SCAN]: Found mod file "thedarkcolour.kffmod-5.12.0.jar" [parent: kotlinforforge-5.12.0-all.jar, locator: jarinjar, reader: mod manifest]
[26Aug2026 04:48:20.026] [main/INFO] [net.neoforged.fml.loading.moddiscovery.ModDiscoverer/SCAN]: Found library file "gson-0.2.1.jar" [parent: yet_another_config_lib_v3-3.8.2+1.21.1-neoforge.jar, locator: jarinjar]
[26Aug2026 04:48:20.026] [main/INFO] [net.neoforged.fml.loading.moddiscovery.ModDiscoverer/SCAN]: Found mod file "c2me-neoforge-opts-dfc-mc1.21.1-0.4.0-alpha.0.120.jar" [parent: c2me-neoforge-mc1.21.1-0.4.0-alpha.0.120.jar, locator: jarinjar, reader: mod manifest]
[26Aug2026 04:48:20.026] [main/INFO] [net.neoforged.fml.loading.moddiscovery.ModDiscoverer/SCAN]: Found library file "kotlin-stdlib-2.4.0.jar" [parent: kotlinforforge-5.12.0-all.jar, locator: jarinjar]
[26Aug2026 04:48:20.026] [main/INFO] [net.neoforged.fml.loading.moddiscovery.ModDiscoverer/SCAN]: Found library file "kotlin-reflect-2.4.0.jar" [parent: kotlinforforge-5.12.0-all.jar, locator: jarinjar]
[26Aug2026 04:48:20.026] [main/INFO] [net.neoforged.fml.loading.moddiscovery.ModDiscoverer/SCAN]: Found mod file "sable-companion-common-1.21.1-1.6.0.jar" [parent: supplementaries-1.21.1-3.9.3-neoforge.jar, locator: jarinjar, reader: mod manifest]
[26Aug2026 04:48:20.026] [main/INFO] [net.neoforged.fml.loading.moddiscovery.ModDiscoverer/SCAN]: Found library file "velocity-native-3.4.0-SNAPSHOT.jar" [parent: krypton_fnp-neoforge-1.21.1-0.2.28.1-1.21.1.jar, locator: jarinjar]
[26Aug2026 04:48:20.026] [main/INFO] [net.neoforged.fml.loading.moddiscovery.ModDiscoverer/SCAN]: Found mod file "c2me-neoforge-notickvd-mc1.21.1-0.4.0-alpha.0.120.jar" [parent: c2me-neoforge-mc1.21.1-0.4.0-alpha.0.120.jar, locator: jarinjar, reader: mod manifest]
[26Aug2026 04:48:20.026] [main/INFO] [net.neoforged.fml.loading.moddiscovery.ModDiscoverer/SCAN]: Found gamelibrary file "mixinsquared-forge-0.3.7-beta.3.jar" [parent: supplementaries-1.21.1-3.9.3-neoforge.jar, locator: jarinjar, reader: mod manifest]
[26Aug2026 04:48:20.026] [main/INFO] [net.neoforged.fml.loading.moddiscovery.ModDiscoverer/SCAN]: Found mod file "c2me-neoforge-opts-worldgen-general-mc1.21.1-0.4.0-alpha.0.120.jar" [parent: c2me-neoforge-mc1.21.1-0.4.0-alpha.0.120.jar, locator: jarinjar, reader: mod manifest]
[26Aug2026 04:48:20.026] [main/INFO] [net.neoforged.fml.loading.moddiscovery.ModDiscoverer/SCAN]: Found library file "tomlkt-jvm-0.3.7.jar" [parent: fzzy_config-0.7.6+1.21+neoforge.jar, locator: jarinjar]
[26Aug2026 04:48:20.026] [main/INFO] [net.neoforged.fml.loading.moddiscovery.ModDiscoverer/SCAN]: Found mod file "c2me-neoforge-opts-chunkio-mc1.21.1-0.4.0-alpha.0.120.jar" [parent: c2me-neoforge-mc1.21.1-0.4.0-alpha.0.120.jar, locator: jarinjar, reader: mod manifest]
[26Aug2026 04:48:20.026] [main/INFO] [net.neoforged.fml.loading.moddiscovery.ModDiscoverer/SCAN]: Found library file "json-0.2.1.jar" [parent: yet_another_config_lib_v3-3.8.2+1.21.1-neoforge.jar, locator: jarinjar]
[26Aug2026 04:48:20.026] [main/INFO] [net.neoforged.fml.loading.moddiscovery.ModDiscoverer/SCAN]: Found mod file "accessories-neoforge-1.1.0-beta.48+1.21.1.jar" [parent: aether-1.21.1-1.5.10-neoforge.jar, locator: jarinjar, reader: mod manifest]
[26Aug2026 04:48:20.026] [main/INFO] [net.neoforged.fml.loading.moddiscovery.ModDiscoverer/SCAN]: Found library file "MathParser.org-mXparser-5.2.1.jar" [parent: immersive_aircraft-1.4.6+1.21.1-neoforge.jar, locator: jarinjar]
[26Aug2026 04:48:20.026] [main/INFO] [net.neoforged.fml.loading.moddiscovery.ModDiscoverer/SCAN]: Found mod file "cumulus_menus-1.21.1-2.0.7-neoforge.jar" [parent: aether-1.21.1-1.5.10-neoforge.jar, locator: jarinjar, reader: mod manifest]
[26Aug2026 04:48:20.026] [main/INFO] [net.neoforged.fml.loading.moddiscovery.ModDiscoverer/SCAN]: Found library file "MixinSquared-0.3.7-beta.3.jar" [parent: mixinsquared-forge-0.3.7-beta.3.jar, locator: jarinjar]
[26Aug2026 04:48:20.026] [main/INFO] [net.neoforged.fml.loading.moddiscovery.ModDiscoverer/SCAN]: Found library file "s.tf-asm-4.8.3345.jar" [parent: twilightforest-1.21.1-4.8.3345-universal.jar, locator: jarinjar, reader: mod manifest]
[26Aug2026 04:48:20.026] [main/INFO] [net.neoforged.fml.loading.moddiscovery.ModDiscoverer/SCAN]: Found library file "common-io-3.12.0.jar" [parent: yet_another_config_lib_v3-3.8.2+1.21.1-neoforge.jar, locator: jarinjar]
[26Aug2026 04:48:20.027] [main/INFO] [net.neoforged.fml.loading.moddiscovery.ModDiscoverer/SCAN]: Found mod file "nitrogen_internals-1.21.1-1.1.25-neoforge.jar" [parent: aether-1.21.1-1.5.10-neoforge.jar, locator: jarinjar, reader: mod manifest]
[26Aug2026 04:48:20.027] [main/INFO] [net.neoforged.fml.loading.moddiscovery.ModDiscoverer/SCAN]: Found library file "imageio-webp-3.12.0.jar" [parent: yet_another_config_lib_v3-3.8.2+1.21.1-neoforge.jar, locator: jarinjar]
[26Aug2026 04:48:20.027] [main/INFO] [net.neoforged.fml.loading.moddiscovery.ModDiscoverer/SCAN]: Found library file "kotlinx-serialization-core-jvm-1.11.0.jar" [parent: kotlinforforge-5.12.0-all.jar, locator: jarinjar]
[26Aug2026 04:48:20.027] [main/INFO] [net.neoforged.fml.loading.moddiscovery.ModDiscoverer/SCAN]: Found library file "caffeine-3.2.1.jar" [parent: c2me-neoforge-mc1.21.1-0.4.0-alpha.0.120.jar, locator: jarinjar]
[26Aug2026 04:48:20.027] [main/INFO] [net.neoforged.fml.loading.moddiscovery.ModDiscoverer/SCAN]: Found mod file "c2me-neoforge-rewrites-chunkio-mc1.21.1-0.4.0-alpha.0.120.jar" [parent: c2me-neoforge-mc1.21.1-0.4.0-alpha.0.120.jar, locator: jarinjar, reader: mod manifest]
[26Aug2026 04:48:20.027] [main/INFO] [net.neoforged.fml.loading.moddiscovery.ModDiscoverer/SCAN]: Found mod file "c2me-neoforge-opts-allocs-mc1.21.1-0.4.0-alpha.0.120.jar" [parent: c2me-neoforge-mc1.21.1-0.4.0-alpha.0.120.jar, locator: jarinjar, reader: mod manifest]
[26Aug2026 04:48:20.027] [main/INFO] [net.neoforged.fml.loading.moddiscovery.ModDiscoverer/SCAN]: Found library file "common-lang-3.12.0.jar" [parent: yet_another_config_lib_v3-3.8.2+1.21.1-neoforge.jar, locator: jarinjar]
[26Aug2026 04:48:20.027] [main/INFO] [net.neoforged.fml.loading.moddiscovery.ModDiscoverer/SCAN]: Found library file "imageio-core-3.12.0.jar" [parent: yet_another_config_lib_v3-3.8.2+1.21.1-neoforge.jar, locator: jarinjar]
[26Aug2026 04:48:20.027] [main/INFO] [net.neoforged.fml.loading.moddiscovery.ModDiscoverer/SCAN]: Found library file "lunar-1.7.3.jar" [parent: OELib-neoforge-1.21.1-0.2.3.jar, locator: jarinjar]
[26Aug2026 04:48:20.027] [main/INFO] [net.neoforged.fml.loading.moddiscovery.ModDiscoverer/SCAN]: Found library file "asyncutil-0.1.0.jar" [parent: c2me-neoforge-mc1.21.1-0.4.0-alpha.0.120.jar, locator: jarinjar]
[26Aug2026 04:48:20.033] [main/INFO] [net.neoforged.fml.loading.moddiscovery.ModDiscoverer/]: 
     Mod List:
		Name Version (Mod Id)

		[Let's Do] BloomingNature 1.1.10 (bloomingnature)
		[Let's Do] Farm & Charm 1.1.23 (farm_and_charm)
		[Let's Do] Meadow 1.4.8 (meadow)
		[Let's Do] Vinery 1.5.3 (vinery)
		[NoCube's] Realm RPG: Treasure Balloons 1.0.0 (realmrpg_balloons)
		Accessories 1.1.0-beta.48+1.21.1 (accessories)
		Additional Structures 6.3.2 (additionalstructures)
		Alex Mobs: Tweaks 1.3.0 (amt)
		Alex's Caves 2.0.10 (alexscaves)
		Alex's Mobs Continued 2.1.7 (alexsmobs)
		All The Leaks 1.1.12+1.21.1-neoforge (alltheleaks)
		Apollib 1.2.0 (apollib)
		Architectury 13.0.11 (architectury)
		AstikorCarts Redux 1.2.4 (astikorcartsredux)
		Athena 4.0.6 (athena)
		ATi Structures 1.4.5 (mr_ati_structuresfabricforge)
		Bendy lib 5.1 (bendylib)
		Biolith 3.0.14 (biolith)
		BlockPops 1.5.0 (blockpops)
		Blueprint 8.1.1 (blueprint)
		Bogos_BInted 1.2.0 (bogos_binted)
		Bookshelf 21.1.81 (bookshelf)
		Carry On 2.2.6 (carryon)
		Charm of Undying 9.1.0+1.21.1 (charmofundying)
		chunksending mod 3.7 (chunksending)
		Chunky 1.4.23 (chunky)
		Citadel 2.7.6 (citadel)
		Cloth Config v15 API 15.0.140 (cloth_config)
		CodecUI 1.21.1-1.3.6 (codecui)
		CodxLib 1.5.1 (codxlib)
		Concurrent Chunk Management Engine 0.4.0-alpha.0.120+1.21.1 (c2me)
		Concurrent Chunk Management Engine (Base) 0.4.0-alpha.0.120+1.21.1 (c2me_base)
		Concurrent Chunk Management Engine (Client/Uncap View Distance) 0.4.0-alpha.0.120+1.21.1 (c2me_client_uncapvd)
		Concurrent Chunk Management Engine (Fixes/Chunk IO/Threading Issues) 0.4.0-alpha.0.120+1.21.1 (c2me_fixes_chunkio_threading_issues)
		Concurrent Chunk Management Engine (Fixes/General/Threading Issues) 0.4.0-alpha.0.120+1.21.1 (c2me_fixes_general_threading_issues)
		Concurrent Chunk Management Engine (Fixes/WorldGen/Threading Issues) 0.4.0-alpha.0.120+1.21.1 (c2me_fixes_worldgen_threading_issues)
		Concurrent Chunk Management Engine (Fixes/WorldGen/Vanilla Bugs) 0.4.0-alpha.0.120+1.21.1 (c2me_fixes_worldgen_vanilla_bugs)
		Concurrent Chunk Management Engine (No Tick View Distance) 0.4.0-alpha.0.120+1.21.1 (c2me_notickvd)
		Concurrent Chunk Management Engine (Optimizations/Chunk IO) 0.4.0-alpha.0.120+1.21.1 (c2me_opts_chunkio)
		Concurrent Chunk Management Engine (Optimizations/Density Function Compiler) 0.4.0-alpha.0.120+1.21.1 (c2me_opts_dfc)
		Concurrent Chunk Management Engine (Optimizations/General WorldGen) 0.4.0-alpha.0.120+1.21.1 (c2me_opts_worldgen_general)
		Concurrent Chunk Management Engine (Optimizations/Math) 0.4.0-alpha.0.120+1.21.1 (c2me_opts_math)
		Concurrent Chunk Management Engine (Optimizations/Memory Allocations) 0.4.0-alpha.0.120+1.21.1 (c2me_opts_allocs)
		Concurrent Chunk Management Engine (Optimizations/Natives Math) 0.4.0-alpha.0.120+1.21.1 (c2me_opts_natives_math)
		Concurrent Chunk Management Engine (Optimizations/Scheduling) 0.4.0-alpha.0.120+1.21.1 (c2me_opts_scheduling)
		Concurrent Chunk Management Engine (Optimizations/Vanilla WorldGen) 0.4.0-alpha.0.120+1.21.1 (c2me_opts_worldgen_vanilla)
		Concurrent Chunk Management Engine (Rewrites/Chunk IO) 0.4.0-alpha.0.120+1.21.1 (c2me_rewrites_chunkio)
		Concurrent Chunk Management Engine (Rewrites/Chunk System) 0.4.0-alpha.0.120+1.21.1 (c2me_rewrites_chunk_system)
		Concurrent Chunk Management Engine (Server Utils) 0.4.0-alpha.0.120+1.21.1 (c2me_server_utils)
		Concurrent Chunk Management Engine (Threading/Lighting) 0.4.0-alpha.0.120+1.21.1 (c2me_threading_lighting)
		Connectivity Mod 7.6 (connectivity)
		Corail Tombstone 9.5.5 (tombstone)
		CorgiLib 5.0.0.9 (corgilib)
		CosmeticArmorReworked 1.21.1-v1-neoforge (cosmeticarmorreworked)
		CrashExploitFixer 2.0.0 (crashexploitfixer)
		CreativeCore 2.13.44 (creativecore)
		Cristel Lib 3.1.7 (cristellib)
		Critters and Companions 2.7.0 (crittersandcompanions)
		Cumulus 2.0.7 (cumulus_menus)
		Cupboard mod 4.0 (cupboard)
		Curios API 9.5.1+1.21.1 (curios)
		Deeper and Darker 1.4.1 (deeperdarker)
		DespawnTweakerRefoxed 1.0-SNAPSHOT (despawntweaker)
		DoesPotatoTick 1.21.1-5.6.4 (doespotatotick)
		Dungeon Crawl 2.3.17 (dungeoncrawl)
		Dungeons and Taverns 1-v4.4.4 (mr_dungeons_andtaverns)
		Duplicationless 1.21.1-1.2.1 (duplicationless)
		Easy Anvils 21.1.0 (easyanvils)
		Easy Magic 21.1.4 (easymagic)
		Echoes of the End ( Structures ) 12.00.13 (echoes_of_the_end__structures_)
		Elysium-API 2.0.1 (elysium_api)
		Emotecraft 2.4.12 (emotecraft)
		EnchantmentDescriptions 21.1.11 (enchdesc)
		End Remastered 6.3.0 (endrem)
		End's Delight 2.6.1+neoforge.1.21.1 (ends_delight)
		Enderscape 1.0.9 (enderscape)
		Etched 5.1.0 (etched)
		extra dungeons 1.0.7 (extra_dungeons)
		Faewulf's Lib 1.4.0 (faewulf_lib)
		Farmer's Delight 1.3.3 (farmersdelight)
		FarmersStructures 1.0.6 (farmers_structures)
		Fast Item Frames 21.1.6 (fastitemframes)
		Fast Paintings 1.21-1.3.0 (fastpaintings)
		fastasyncworldsave mod 2.6 (fastasyncworldsave)
		Faz Roleplay Plus 0.0.1 (faz_roleplay_plus)
		FDLib 1.0.9 (fdlib)
		Ferrite Core 7.0.3 (ferritecore)
		Fetzi's Displays 1.1.1 (fetzisdisplays)
		Forgified Fabric API Base 0.4.42+d1308dedd1 (fabric_api_base)
		Forgified Fabric BlockView API (v2) 1.0.10+9afaaf8c19 (fabric_block_view_api_v2)
		Forgified Fabric Game Rule API (v1) 1.0.53+36d727be19 (fabric_game_rule_api_v1)
		Forgified Fabric Model Loading API (v1) 2.0.0+986ae77219 (fabric_model_loading_api_v1)
		Forgified Fabric Renderer - Indigo 1.7.0+acb05a3919 (fabric_renderer_indigo)
		Forgified Fabric Renderer API (v1) 3.4.0+9c40919e19 (fabric_renderer_api_v1)
		Formations 1.0.4 (formations)
		Formations Nether 1.0.5+a (formationsnether)
		Framework 0.13.11 (framework)
		Furnitury 3.0908-neoforge-1.21.1 (furnitury)
		Fzzy Config 0.7.6+1.21+neoforge (fzzy_config)
		GeckoBetterFPS 1.0.2 (gbf)
		GeckoLib 4 4.9.2 (geckolib)
		Ghosts 1.3.4 (ghosts)
		Gobber for NeoForge 2.10.15 (gobber2)
		Hearths 1.0.5 (hearths)
		Hellish Trials 1.0.5 (hellish_trials)
		Hominid 1.3.4 (hominid)
		HopoBetterRuinedPortals 1.4.4 (hoporp)
		Immersive Aircraft 1.4.6+1.21.1 (immersive_aircraft)
		Immersive Structures 2.2.1c (imst)
		Incendium 5.4.3 (incendium)
		It Takes a Pillage Continuation 1.0.12 (takesapillage)
		Jaden's Nether Expansion 2.4.1 (netherexp)
		Jungle Treehouse Village 1.0.0 (jungle_treehouse_village)
		Just Enough Items 19.27.0.340-async-10 (jei)
		JustInNETHER 1.0.0 (just_in_nether)
		Kaleidoscope Tavern 1.2.0-neoforge+mc1.21.1 (kaleidoscope_tavern)
		Kiwi Library 15.8.7+neoforge (kiwi)
		Knight Lib 1.6.1 (knightlib)
		Knight Quest 1.9.3 (knightquest)
		Kotlin For Forge 5.12.0 (kotlinforforge)
		Krypton FNP 0.2.28.1-1.21.1 (krypton_fnp)
		Ksyxis 1.4.3 (ksyxis)
		leaky mod 2.4 (leaky)
		limitedchunks mod 4.1 (limitedchunks)
		Lithostitched 1.8.0+beta4 (lithostitched)
		Lodestone 1.8.2 (lodestone)
		Lootr 1.21.1-1.11.38.124 (lootr)
		Lucky's Wardrobe Restitched 2.0.0 (luckyswardrobe)
		Luminous Nether 1.3.3 (luminous_nether)
		Medieval Buildings 1.1.1 (medieval_buildings)
		Medieval Buildings [The End Edition] 1.0.4 (medievalend)
		Medieval Buildings [The Nether Edition] 1.0.2 (medieval_nether)
		Mighty Mail 1.1.4 (mighty_mail)
		Minecraft 1.21.1 (minecraft)
		Minopp 1.4.0+1.21.1+neoforge (minopp)
		ModernFix 5.27.20+mc1.21.1 (modernfix)
		Moog's Structure Lib 3.1.2 (moogs_structures)
		MoogsEndStructures 2.0.3 (mes)
		MoogsNetherStructures 3.0.0 (mns)
		Moonlight Lib 1.21.1-3.5.0 (moonlight)
		Mowzie's Mobs 1.8.2 (mowziesmobs)
		My Nether's Delight 1.10.4 (mynethersdelight)
		Mythrais 5.2.1-1.21.1-neo (mythrais)
		Naturalist 2.0.3 (naturalist)
		NeoForge 21.1.248 (neoforge)
		Nether's Exoticism 1.2.9 (nethers_exoticism)
		Nitrogen 1.1.25 (nitrogen_internals)
		NoCollision 0.1 (mr_no_collision)
		Noisium 2.7.0+mc1.21-1.21.1 (noisium)
		nordic_adventure 1.7.4 (nordic_structures)
		OELib 0.2.3 (oelib)
		Oh The Biomes We've Gone 2.6.0 (biomeswevegone)
		Oh The Trees You'll Grow 5.3.2 (ohthetreesyoullgrow)
		Overweight Farming 1.21.1-2.2.0-forge (overweight_farming)
		oωo 0.12.15.5-beta.1+1.21 (owo)
		Performance Tweaks 1.3.0 (perf_tweaks)
		Piggyback 1.1.1 (piggyback)
		Piglin Proliferation 2.0.15 (piglinproliferation)
		Platform 1.3.3 (platform)
		Player Animator 2.0.4+1.21.1 (playeranimator)
		PlayerRevive 2.1.2 (playerrevive)
		PrickleMC 21.1.11 (prickle)
		Primal 1.1.6 (primal)
		Puzzles Lib 21.1.52 (puzzleslib)
		qraftyfied 9.1.1 (mr_qraftyfied)
		Quantified API 2.2.0 (quantified)
		QuickSkin 2.6.2.4 (quickskin)
		Raids: Enhanced 1.0.2 (raidsenhanced)
		recipeessentials mod 4.7 (recipeessentials)
		Regions Unexplored 0.6.2 (regions_unexplored)
		Resourceful Lib 3.0.12 (resourcefullib)
		Resourcefulconfig 3.0.11 (resourcefulconfig)
		Ribbits 1.21.1-NeoForge-4.1.6 (ribbits)
		Sable Companion 1.6.0 (sablecompanion)
		Save My Shit Network 1.4.3-1.21.1 (smsn)
		SawmillHouse 2.0.1 (sawmillhouse)
		ScalableLux 0.3.0-alpha.0.8+1.21.1 (scalablelux)
		SecurityCraft 1.10.2.1 (securitycraft)
		Server Sleep 1-datapack2 (mr_serversleep)
		Shield Expansion 1.4.1 (shieldexp)
		Silent Lib 10.6.0 (silentlib)
		Silent's Power Scale 0.3.1.1 (powerscale)
		Simple Belts 0.2.2 (belts)
		Simple Voice Chat 1.21.1-2.6.22 (voicechat)
		Simply Swords 1.70.1-1.21.1 (simplyswords)
		Simply Tooltips 0.1.5 (simplytooltips)
		Sky Arena 1.3.6-1.21.1 (skyarena)
		Sky Whale Ship 1.0.3 (sky_whale_ship)
		Smoothchunk mod 4.1 (smoothchunk)
		Snow! Real Magic! 12.2.2+neoforge (snowrealmagic)
		spark 1.10.124 (spark)
		SpectreLib 0.17.2+1.21 (spectrelib)
		Spelunker's Charm 5.0.6 (spelunkers_charm)
		Structory 1.3.17 (structory)
		Structure Layout Optimizer 1.0.12 (structure_layout_optimizer)
		Supplementaries 1.21.1-3.9.3 (supplementaries)
		TerraBlender 4.1.0.8 (terrablender)
		The Aether 1.5.10 (aether)
		The Bumblezone 7.15.3+1.21.1-neoforge (the_bumblezone)
		The Lost Castle 2.1.0 (tlc)
		The Twilight Forest 4.8.3345 (twilightforest)
		Too Many Bows 1.21.1-3.4.0 (too_many_bows)
		Towns and Towers 1.13.11 (t_and_t)
		Traveler's Backpack 10.1.38 (travelersbackpack)
		Trek 1-B0.6.2 (mr_trek)
		Trimmed 3.0.0 (trimmed)
		Universal Sawmill 1.21-1.8.0 (sawmill)
		Unnamed Desert 2.0.3 (u_desert)
		Unnamed Sea 1.2.5 (u_sea)
		Unusual Fish Mod 1.21.1-1.1.13 (unusualfishmod)
		VanillaBackport 1.1.7.10 (vanillabackport)
		WaterFrames 2.1.23 (waterframes)
		WaterVision 0.1.0-alpha (watervision)
		When Dungeons Arise 2.1.68 (dungeons_arise)
		When Dungeons Arise: Seven Seas 1.0.4 (dungeons_arise_seven_seas)
		YetAnotherConfigLib 3.8.2+1.21.1-neoforge (yet_another_config_lib_v3)
		Yggdrasil 6.0.0 (mr_yggdrasil_structure)
		YUNG's API 1.21.1-NeoForge-5.1.8 (yungsapi)
[26Aug2026 04:48:23.884] [main/INFO] [mixin/]: Compatibility level set to JAVA_21
[26Aug2026 04:48:24.402] [main/INFO] [net.fabricmc.loader.impl.bootstrap.FabricLoaderBootstrap/]: Propagating FML mod list to Fabric Loader
[26Aug2026 04:48:24.427] [main/INFO] [cpw.mods.modlauncher.LaunchServiceHandler/MODLAUNCHER]: Launching target 'forgeserver' with arguments [nogui]
[26Aug2026 04:48:24.598] [main/INFO] [C2ME Modules Manager/]: Initializing com.ishland.c2me.fixes.worldgen.threading_issues.mixin
[26Aug2026 04:48:24.630] [main/INFO] [C2ME Config System/]: Config fixes.enforceSafeWorldRandomAccess changed from true to false
[26Aug2026 04:48:24.642] [main/WARN] [mixin/]: Reference map 'despawntweaker.refmap.json' for despawntweaker.mixins.json could not be read. If this is a development environment you can ignore this message
[26Aug2026 04:48:24.644] [main/INFO] [C2ME Modules Manager/]: Initializing com.ishland.c2me.fixes.general.threading_issues.mixin
[26Aug2026 04:48:24.721] [main/INFO] [ModernFix/]: Loaded configuration file for ModernFix 5.27.20+mc1.21.1: 89 options available, 4 override(s) found
[26Aug2026 04:48:24.722] [main/WARN] [ModernFix/]: Option 'mixin.perf.release_protochunks' overriden (by mods [c2me]) to 'false'
[26Aug2026 04:48:24.723] [main/WARN] [ModernFix/]: Option 'mixin.bugfix.paper_chunk_patches' overriden (by mods [c2me]) to 'false'
[26Aug2026 04:48:24.723] [main/WARN] [ModernFix/]: Option 'mixin.perf.cache_strongholds' overriden (by mods [c2me]) to 'false'
[26Aug2026 04:48:24.723] [main/WARN] [ModernFix/]: Option 'mixin.bugfix.chunk_deadlock' overriden (by mods [c2me]) to 'false'
[26Aug2026 04:48:24.724] [main/INFO] [ModernFix/]: Applying Nashorn fix
[26Aug2026 04:48:24.814] [main/INFO] [one.pkg.config.SewliaConfig/]: All configurations saved
[26Aug2026 04:48:24.821] [main/INFO] [one.pkg.config.SewliaConfig/]: Reloaded configuration: ModConfig
[26Aug2026 04:48:24.821] [main/INFO] [one.pkg.config.SewliaConfig/]: Successfully initialized configuration manager, loaded 1 configuration classes
[26Aug2026 04:48:24.822] [main/WARN] [mixin/]: Reference map '' for krypton_fnp.mixins.json could not be read. If this is a development environment you can ignore this message
[26Aug2026 04:48:24.826] [main/WARN] [mixin/]: Reference map 'yungsapi.refmap.json' for yungsapi.mixins.json could not be read. If this is a development environment you can ignore this message
[26Aug2026 04:48:24.830] [main/WARN] [mixin/]: Reference map 'mixins.medievalend.refmap.json' for mixins.medievalend.json could not be read. If this is a development environment you can ignore this message
[26Aug2026 04:48:24.831] [main/WARN] [mixin/]: Reference map 'snowrealmagic.refmap.json' for snowrealmagic.mixins.json could not be read. If this is a development environment you can ignore this message
[26Aug2026 04:48:24.832] [main/WARN] [mixin/]: Reference map 'prickle.refmap.json' for prickle.mixins.json could not be read. If this is a development environment you can ignore this message
[26Aug2026 04:48:24.833] [main/INFO] [C2ME Modules Manager/]: Initializing com.ishland.c2me.base.mixin
[26Aug2026 04:48:24.837] [main/INFO] [C2ME Config System/]: Config threadPoolPriority changed from 4 to 3
[26Aug2026 04:48:24.917] [main/INFO] [C2ME Config System/]: Config globalExecutorParallelism changed from 3 to 2
[26Aug2026 04:48:24.918] [main/INFO] [C2ME Config System/]: Global Executor Parallelism: 2 configured, 3 evaluated, 3 default evaluated
[26Aug2026 04:48:24.934] [main/INFO] [C2ME Modules Manager/]: Initializing com.ishland.c2me.opts.dfc.mixin
[26Aug2026 04:48:24.935] [main/INFO] [C2ME Config System/]: Config vanillaWorldGenOptimizations.useDensityFunctionCompiler changed from true to false
[26Aug2026 04:48:24.937] [main/INFO] [C2ME Modules Manager/]: Disabling com.ishland.c2me.opts.dfc.mixin
[26Aug2026 04:48:24.940] [main/WARN] [mixin/]: Reference map 'curios.refmap.json' for curios.neoforge.mixins.json could not be read. If this is a development environment you can ignore this message
[26Aug2026 04:48:24.941] [main/WARN] [mixin/]: Reference map 'curios.refmap.json' for curios.mixins.json could not be read. If this is a development environment you can ignore this message
[26Aug2026 04:48:24.945] [main/WARN] [mixin/]: Reference map 'mixins.tombstone.refmap.json' for tombstone.mixins.json could not be read. If this is a development environment you can ignore this message
[26Aug2026 04:48:24.948] [main/WARN] [mixin/]: Reference map '' for accessories-common.mixins.json could not be read. If this is a development environment you can ignore this message
[26Aug2026 04:48:24.952] [main/WARN] [mixin/]: Reference map '' for accessories-forge.mixins.json could not be read. If this is a development environment you can ignore this message
[26Aug2026 04:48:24.953] [main/WARN] [mixin/]: Reference map 'cumulus_menus.refmap.json' for cumulus_menus.mixins.json could not be read. If this is a development environment you can ignore this message
[26Aug2026 04:48:24.953] [main/WARN] [mixin/]: Reference map 'cumulus_menus.refmap.json' for cumulus_menus.neoforge.mixins.json could not be read. If this is a development environment you can ignore this message
[26Aug2026 04:48:24.954] [main/WARN] [mixin/]: Reference map 'nitrogen_internals.refmap.json' for nitrogen_internals.mixins.json could not be read. If this is a development environment you can ignore this message
[26Aug2026 04:48:24.955] [main/WARN] [mixin/]: Reference map 'ghosts.refmap.json' for ghosts.mixins.json could not be read. If this is a development environment you can ignore this message
[26Aug2026 04:48:24.956] [main/WARN] [mixin/]: Reference map 'playerrevive.mixin.refmap.json' for playerrevive.mixins.json could not be read. If this is a development environment you can ignore this message
[26Aug2026 04:48:24.959] [main/WARN] [mixin/]: Reference map 'kiwi.refmap.json' for kiwi.mixins.json could not be read. If this is a development environment you can ignore this message
[26Aug2026 04:48:24.960] [main/WARN] [mixin/]: Reference map 'mowziesmobs.refmap.json' for mowziesmobs.mixins.json could not be read. If this is a development environment you can ignore this message
[26Aug2026 04:48:24.962] [main/INFO] [C2ME Modules Manager/]: Initializing com.ishland.c2me.threading.lighting.mixin
[26Aug2026 04:48:24.966] [main/WARN] [mixin/]: Reference map 'fastasyncworldsave.refmap.json' for fastasyncworldsave.mixins.json could not be read. If this is a development environment you can ignore this message
[26Aug2026 04:48:24.971] [main/INFO] [C2ME Modules Manager/]: Initializing com.ishland.c2me.rewrites.chunksystem.mixin
[26Aug2026 04:48:24.972] [main/INFO] [C2ME Config System/]: Config chunkSystem.asyncSerialization changed from true to true
[26Aug2026 04:48:24.972] [main/INFO] [C2ME Config System/]: Config chunkSystem.recoverFromErrors changed from false to true
[26Aug2026 04:48:24.972] [main/INFO] [C2ME Config System/]: Config chunkSystem.allowPOIUnloading changed from true to true
[26Aug2026 04:48:24.973] [main/INFO] [C2ME Config System/]: Disabling config chunkSystem.suppressGhostMushrooms: Incompatible with twilightforest@4.8.3345 (*) (defined in c2me)
[26Aug2026 04:48:24.973] [main/INFO] [C2ME Config System/]: Config chunkSystem.suppressGhostMushrooms changed from true to false
[26Aug2026 04:48:24.973] [main/INFO] [C2ME Config System/]: Config chunkSystem.syncPlayerTickets changed from true to true
[26Aug2026 04:48:24.973] [main/INFO] [C2ME Config System/]: Config chunkSystem.delayFullChunkEvents changed from true to true
[26Aug2026 04:48:24.979] [main/INFO] [C2ME Modules Manager/]: Initializing com.ishland.c2me.opts.worldgen.vanilla.mixin
[26Aug2026 04:48:24.980] [main/INFO] [C2ME Modules Manager/]: Initializing com.ishland.c2me.opts.scheduling.mixin
[26Aug2026 04:48:24.983] [main/WARN] [mixin/]: Reference map 'trimmed.refmap.json' for trimmed.mixins.json could not be read. If this is a development environment you can ignore this message
[26Aug2026 04:48:24.983] [main/WARN] [mixin/]: Reference map 'trimmed.refmap.json' for trimmed.neo.mixins.json could not be read. If this is a development environment you can ignore this message
[26Aug2026 04:48:24.988] [main/WARN] [mixin/]: Reference map 'smoothchunk.refmap.json' for smoothchunk.mixins.json could not be read. If this is a development environment you can ignore this message
[26Aug2026 04:48:24.988] [main/WARN] [mixin/]: Reference map 'overweight_farming.refmap.json' for overweight_farming.mixins.json could not be read. If this is a development environment you can ignore this message
[26Aug2026 04:48:24.989] [main/WARN] [mixin/]: Reference map 'terrablender.refmap.json' for terrablender.mixins.json could not be read. If this is a development environment you can ignore this message
[26Aug2026 04:48:24.989] [main/WARN] [mixin/]: Reference map 'terrablender.refmap.json' for terrablender_neoforge.mixins.json could not be read. If this is a development environment you can ignore this message
[26Aug2026 04:48:24.991] [main/WARN] [mixin/]: Reference map 'fdlib.refmap.json' for fdlib.mixins.json could not be read. If this is a development environment you can ignore this message
[26Aug2026 04:48:24.995] [main/WARN] [mixin/]: Reference map 'knightquest.refmap.json' for knightquest.mixins.json could not be read. If this is a development environment you can ignore this message
[26Aug2026 04:48:25.034] [main/WARN] [mixin/]: Reference map 'securitycraft.refmap.json' for securitycraft.mixins.json could not be read. If this is a development environment you can ignore this message
[26Aug2026 04:48:25.035] [main/INFO] [C2ME Modules Manager/]: Initializing com.ishland.c2me.notickvd.mixin
[26Aug2026 04:48:25.049] [main/INFO] [C2ME Config System/]: Config noTickViewDistance.maxConcurrentChunkLoads changed from 6 to 4
[26Aug2026 04:48:25.054] [main/WARN] [mixin/]: Reference map 'skyarena.refmap.json' for skyarena.mixins.json could not be read. If this is a development environment you can ignore this message
[26Aug2026 04:48:25.058] [main/WARN] [mixin/]: Reference map 'chunksending.refmap.json' for chunksending.mixins.json could not be read. If this is a development environment you can ignore this message
[26Aug2026 04:48:25.059] [main/WARN] [mixin/]: Reference map 'mixins.medieval_nether.refmap.json' for mixins.medieval_nether.json could not be read. If this is a development environment you can ignore this message
[26Aug2026 04:48:25.061] [main/WARN] [mixin/]: Reference map 'geckolib.refmap.json' for geckolib.mixins.json could not be read. If this is a development environment you can ignore this message
[26Aug2026 04:48:25.062] [main/WARN] [mixin/]: Reference map 'recipeessentials.refmap.json' for recipeessentials.mixins.json could not be read. If this is a development environment you can ignore this message
[26Aug2026 04:48:25.064] [main/WARN] [mixin/]: Reference map 'aether.refmap.json' for aether.mixins.json could not be read. If this is a development environment you can ignore this message
[26Aug2026 04:48:25.065] [main/INFO] [C2ME Modules Manager/]: Initializing com.ishland.c2me.opts.natives_math.mixin
[26Aug2026 04:48:25.066] [main/WARN] [C2ME Modules Manager/]: Disabling com.ishland.c2me.opts.natives_math.mixin due to incompatible Java version, see debug logs for details
[26Aug2026 04:48:25.066] [main/INFO] [C2ME Modules Manager/]: Disabling com.ishland.c2me.opts.natives_math.mixin
[26Aug2026 04:48:25.068] [main/WARN] [mixin/]: Reference map 'connectivity.refmap.json' for connectivity.mixins.json could not be read. If this is a development environment you can ignore this message
[26Aug2026 04:48:25.069] [main/WARN] [mixin/]: Reference map 'kaleidoscope_tavern.refmap.json' for kaleidoscope_tavern.mixins.json could not be read. If this is a development environment you can ignore this message
[26Aug2026 04:48:25.070] [main/WARN] [mixin/]: Reference map 'piglinproliferation.refmap.json' for piglinproliferation.mixins.json could not be read. If this is a development environment you can ignore this message
[26Aug2026 04:48:25.071] [main/WARN] [mixin/]: Reference map 'citadel.refmap.json' for citadel.mixins.json could not be read. If this is a development environment you can ignore this message
[26Aug2026 04:48:25.072] [main/WARN] [mixin/]: Reference map 'bookshelf.refmap.json' for bookshelf.mixins.json could not be read. If this is a development environment you can ignore this message
[26Aug2026 04:48:25.073] [main/INFO] [C2ME Modules Manager/]: Initializing com.ishland.c2me.opts.math.mixin
[26Aug2026 04:48:25.074] [main/WARN] [mixin/]: Reference map 'mythrais.refmap.json' for mixins/mythrais.mixins.json could not be read. If this is a development environment you can ignore this message
[26Aug2026 04:48:25.075] [main/WARN] [mixin/]: Reference map 'mythrais.refmap.json' for mixins/mythrais.worldedit.mixins.json could not be read. If this is a development environment you can ignore this message
[26Aug2026 04:48:25.077] [main/WARN] [mixin/]: Reference map 'takesapillage.refmap.json' for takesapillage-common.mixins.json could not be read. If this is a development environment you can ignore this message
[26Aug2026 04:48:25.078] [main/WARN] [mixin/]: Reference map 'takesapillage.refmap.json' for takesapillage-neoforge.mixins.json could not be read. If this is a development environment you can ignore this message
[26Aug2026 04:48:25.079] [main/WARN] [mixin/]: Reference map 'mixins.medieval_buildings.refmap.json' for mixins.medieval_buildings.json could not be read. If this is a development environment you can ignore this message
[26Aug2026 04:48:25.080] [main/WARN] [mixin/]: Reference map 'carryon.refmap.json' for carryon.mixins.json could not be read. If this is a development environment you can ignore this message
[26Aug2026 04:48:25.081] [main/WARN] [mixin/]: Reference map 'shieldexp.refmap.json' for shieldexp.mixins.json could not be read. If this is a development environment you can ignore this message
[26Aug2026 04:48:25.082] [main/WARN] [mixin/]: Reference map 'shieldexp.refmap.json' for shieldexp.neoforge.mixins.json could not be read. If this is a development environment you can ignore this message
[26Aug2026 04:48:25.082] [main/WARN] [mixin/]: Reference map 'raidsenhanced.refmap.json' for raidsenhanced.mixins.json could not be read. If this is a development environment you can ignore this message
[26Aug2026 04:48:25.083] [main/INFO] [C2ME Modules Manager/]: Initializing com.ishland.c2me.fixes.worldgen.vanilla_bugs.mixin
[26Aug2026 04:48:25.085] [main/WARN] [mixin/]: Reference map 'faewulf_lib.refmap.json' for faewulf_lib.mixins.json could not be read. If this is a development environment you can ignore this message
[26Aug2026 04:48:25.087] [main/WARN] [mixin/]: Reference map 'faewulf_lib.refmap.json' for faewulf_lib.client.mixins.json could not be read. If this is a development environment you can ignore this message
[26Aug2026 04:48:25.087] [main/INFO] [C2ME Modules Manager/]: Initializing com.ishland.c2me.fixes.chunkio.threading_issues.mixin
[26Aug2026 04:48:25.089] [main/WARN] [mixin/]: Reference map 'endrem.refmap.json' for endrem.mixins.json could not be read. If this is a development environment you can ignore this message
[26Aug2026 04:48:25.090] [main/WARN] [mixin/]: Reference map 'perf_tweaks.refmap.json' for perf_tweaks.mixins.json could not be read. If this is a development environment you can ignore this message
[26Aug2026 04:48:25.090] [main/INFO] [C2ME Modules Manager/]: Initializing com.ishland.c2me.client.uncapvd.mixin
[26Aug2026 04:48:25.093] [main/WARN] [mixin/]: Reference map 'leaky.refmap.json' for leaky.mixins.json could not be read. If this is a development environment you can ignore this message
[26Aug2026 04:48:25.094] [main/WARN] [mixin/]: Reference map 'watervision.mixin-refmap.json' for watervision.mixin.json could not be read. If this is a development environment you can ignore this message
[26Aug2026 04:48:25.102] [main/WARN] [mixin/]: Reference map 'piggyback.refmap.json' for piggyback.mixins.json could not be read. If this is a development environment you can ignore this message
[26Aug2026 04:48:25.102] [main/WARN] [mixin/]: Reference map 'piggyback.refmap.json' for piggyback.client.mixins.json could not be read. If this is a development environment you can ignore this message
[26Aug2026 04:48:25.103] [main/WARN] [mixin/]: Reference map 'piggyback.refmap.json' for piggyback.compat.mixins.json could not be read. If this is a development environment you can ignore this message
[26Aug2026 04:48:25.104] [main/WARN] [mixin/]: Reference map 'moogs_structures.refmap.json' for moogs_structures-common.mixins.json could not be read. If this is a development environment you can ignore this message
[26Aug2026 04:48:25.104] [main/INFO] [C2ME Modules Manager/]: Initializing com.ishland.c2me.rewrites.chunkio.mixin
[26Aug2026 04:48:25.106] [main/INFO] [C2ME Modules Manager/]: Initializing com.ishland.c2me.opts.allocs.mixin
[26Aug2026 04:48:25.109] [main/WARN] [mixin/]: Reference map 'limitedchunks.refmap.json' for limitedchunks.mixins.json could not be read. If this is a development environment you can ignore this message
[26Aug2026 04:48:25.111] [main/WARN] [mixin/]: Reference map 'knightlib.refmap.json' for knightlib.mixins.json could not be read. If this is a development environment you can ignore this message
[26Aug2026 04:48:25.112] [main/WARN] [mixin/]: Reference map 'blueprint.refmap.json' for blueprint.mixins.json could not be read. If this is a development environment you can ignore this message
[26Aug2026 04:48:25.113] [main/WARN] [mixin/]: Reference map 'alexscaves.refmap.json' for alexscaves.mixins.json could not be read. If this is a development environment you can ignore this message
[26Aug2026 04:48:25.115] [main/WARN] [mixin/]: Reference map 'enchdesc.refmap.json' for enchdesc.mixins.json could not be read. If this is a development environment you can ignore this message
[26Aug2026 04:48:25.117] [main/WARN] [mixin/]: Reference map '${mod_id}.refmap.json' for regions_unexplored.mixins.json could not be read. If this is a development environment you can ignore this message
[26Aug2026 04:48:25.118] [main/WARN] [mixin/]: Reference map '${mod_id}.refmap.json' for regions_unexplored.neoforge.mixins.json could not be read. If this is a development environment you can ignore this message
[26Aug2026 04:48:25.119] [main/WARN] [mixin/]: Reference map 'creativecore.mixins.refmap.json' for creativecore.mixins.json could not be read. If this is a development environment you can ignore this message
[26Aug2026 04:48:25.120] [main/WARN] [mixin/]: Reference map 'creativecore.mixins.refmap.json' for creativecore.forge.mixins.json could not be read. If this is a development environment you can ignore this message
[26Aug2026 04:48:25.122] [main/INFO] [C2ME Modules Manager/]: Initializing com.ishland.c2me.server.utils.mixin
[26Aug2026 04:48:25.123] [main/WARN] [mixin/]: Reference map 'ribbits.refmap.json' for ribbits.mixins.json could not be read. If this is a development environment you can ignore this message
[26Aug2026 04:48:25.124] [main/WARN] [mixin/]: Reference map 'ribbits.refmap.json' for ribbits_neoforge.mixins.json could not be read. If this is a development environment you can ignore this message
[26Aug2026 04:48:25.125] [main/INFO] [C2ME Modules Manager/]: Initializing com.ishland.c2me.opts.worldgen.general.mixin
[26Aug2026 04:48:25.126] [main/INFO] [C2ME Modules Manager/]: Initializing com.ishland.c2me.opts.chunkio.mixin
[26Aug2026 04:48:25.140] [main/WARN] [mixin/]: Reference map '${refmap_target}refmap.json' for ferritecore.predicates.mixin.json could not be read. If this is a development environment you can ignore this message
[26Aug2026 04:48:25.143] [main/WARN] [mixin/]: Reference map '${refmap_target}refmap.json' for ferritecore.fastmap.mixin.json could not be read. If this is a development environment you can ignore this message
[26Aug2026 04:48:25.144] [main/WARN] [mixin/]: Reference map '${refmap_target}refmap.json' for ferritecore.mrl.mixin.json could not be read. If this is a development environment you can ignore this message
[26Aug2026 04:48:25.145] [main/WARN] [mixin/]: Reference map '${refmap_target}refmap.json' for ferritecore.dedupmultipart.mixin.json could not be read. If this is a development environment you can ignore this message
[26Aug2026 04:48:25.146] [main/WARN] [mixin/]: Reference map '${refmap_target}refmap.json' for ferritecore.blockstatecache.mixin.json could not be read. If this is a development environment you can ignore this message
[26Aug2026 04:48:25.147] [main/WARN] [mixin/]: Reference map '${refmap_target}refmap.json' for ferritecore.dedupbakedquad.mixin.json could not be read. If this is a development environment you can ignore this message
[26Aug2026 04:48:25.148] [main/WARN] [mixin/]: Reference map '${refmap_target}refmap.json' for ferritecore.threaddetec.mixin.json could not be read. If this is a development environment you can ignore this message
[26Aug2026 04:48:25.149] [main/WARN] [mixin/]: Reference map '${refmap_target}refmap.json' for ferritecore.modelsides.mixin.json could not be read. If this is a development environment you can ignore this message
[26Aug2026 04:48:25.150] [main/WARN] [mixin/]: Reference map '${refmap_target}refmap.json' for ferritecore.datacomponents.mixin.json could not be read. If this is a development environment you can ignore this message
[26Aug2026 04:48:25.150] [main/WARN] [mixin/]: Reference map '${refmap_target}refmap.json' for ferritecore.accessors.mixin.json could not be read. If this is a development environment you can ignore this message
[26Aug2026 04:48:25.151] [main/WARN] [mixin/]: Reference map 'yet_another_config_lib_v3.refmap.json' for yacl.mixins.json could not be read. If this is a development environment you can ignore this message
[26Aug2026 04:48:25.152] [main/WARN] [mixin/]: Reference map 'charmofundying.refmap.json' for charmofundying.mixins.json could not be read. If this is a development environment you can ignore this message
[26Aug2026 04:48:25.152] [main/WARN] [mixin/]: Reference map 'lodestone.refmap.json' for lodestone.mixins.json could not be read. If this is a development environment you can ignore this message
[26Aug2026 04:48:25.607] [main/ERROR] [net.neoforged.fml.common.asm.RuntimeDistCleaner/DISTXFORM]: Attempted to load class net/minecraft/client/gui/Gui for invalid dist DEDICATED_SERVER
[26Aug2026 04:48:25.608] [main/WARN] [mixin/]: Error loading class: net/minecraft/client/gui/Gui (java.lang.RuntimeException: Attempted to load class net/minecraft/client/gui/Gui for invalid dist DEDICATED_SERVER)
[26Aug2026 04:48:25.609] [main/WARN] [mixin/]: @Mixin target net.minecraft.client.gui.Gui was not found alexsmobs.mixins.json:client.GuiMixin from mod alexsmobs
[26Aug2026 04:48:25.611] [main/ERROR] [net.neoforged.fml.common.asm.RuntimeDistCleaner/DISTXFORM]: Attempted to load class net/minecraft/client/model/HumanoidModel for invalid dist DEDICATED_SERVER
[26Aug2026 04:48:25.612] [main/WARN] [mixin/]: Error loading class: net/minecraft/client/model/HumanoidModel (java.lang.RuntimeException: Attempted to load class net/minecraft/client/model/HumanoidModel for invalid dist DEDICATED_SERVER)
[26Aug2026 04:48:25.612] [main/WARN] [mixin/]: @Mixin target net.minecraft.client.model.HumanoidModel was not found alexsmobs.mixins.json:client.HumanoidModelMixin from mod alexsmobs
[26Aug2026 04:48:25.613] [main/ERROR] [net.neoforged.fml.common.asm.RuntimeDistCleaner/DISTXFORM]: Attempted to load class net/minecraft/client/renderer/ItemBlockRenderTypes for invalid dist DEDICATED_SERVER
[26Aug2026 04:48:25.614] [main/WARN] [mixin/]: Error loading class: net/minecraft/client/renderer/ItemBlockRenderTypes (java.lang.RuntimeException: Attempted to load class net/minecraft/client/renderer/ItemBlockRenderTypes for invalid dist DEDICATED_SERVER)
[26Aug2026 04:48:25.614] [main/WARN] [mixin/]: @Mixin target net.minecraft.client.renderer.ItemBlockRenderTypes was not found alexsmobs.mixins.json:client.ItemBlockRenderTypesMixin from mod alexsmobs
[26Aug2026 04:48:25.623] [main/ERROR] [net.neoforged.fml.common.asm.RuntimeDistCleaner/DISTXFORM]: Attempted to load class net/minecraft/client/renderer/LevelRenderer for invalid dist DEDICATED_SERVER
[26Aug2026 04:48:25.624] [main/WARN] [mixin/]: Error loading class: net/minecraft/client/renderer/LevelRenderer (java.lang.RuntimeException: Attempted to load class net/minecraft/client/renderer/LevelRenderer for invalid dist DEDICATED_SERVER)
[26Aug2026 04:48:25.624] [main/WARN] [mixin/]: @Mixin target net.minecraft.client.renderer.LevelRenderer was not found alexsmobs.mixins.json:client.LevelRendererMixin from mod alexsmobs
[26Aug2026 04:48:25.626] [main/ERROR] [net.neoforged.fml.common.asm.RuntimeDistCleaner/DISTXFORM]: Attempted to load class net/minecraft/client/multiplayer/ClientLevel for invalid dist DEDICATED_SERVER
[26Aug2026 04:48:25.627] [main/WARN] [mixin/]: Error loading class: net/minecraft/client/multiplayer/ClientLevel (java.lang.RuntimeException: Attempted to load class net/minecraft/client/multiplayer/ClientLevel for invalid dist DEDICATED_SERVER)
[26Aug2026 04:48:25.627] [main/WARN] [mixin/]: @Mixin target net.minecraft.client.multiplayer.ClientLevel was not found alexsmobs.mixins.json:client.ClientLevelMixin from mod alexsmobs
[26Aug2026 04:48:25.629] [main/ERROR] [net.neoforged.fml.common.asm.RuntimeDistCleaner/DISTXFORM]: Attempted to load class net/minecraft/client/Camera for invalid dist DEDICATED_SERVER
[26Aug2026 04:48:25.630] [main/WARN] [mixin/]: Error loading class: net/minecraft/client/Camera (java.lang.RuntimeException: Attempted to load class net/minecraft/client/Camera for invalid dist DEDICATED_SERVER)
[26Aug2026 04:48:25.630] [main/WARN] [mixin/]: @Mixin target net.minecraft.client.Camera was not found alexsmobs.mixins.json:client.CameraMixin from mod alexsmobs
[26Aug2026 04:48:25.856] [main/INFO] [KryptonFNP MixinBootstrap/]: Mixin one.pkg.kfnp.mixin.network.experimental.RconClientMixin disabled
[26Aug2026 04:48:25.856] [main/INFO] [KryptonFNP MixinBootstrap/]: Mixin one.pkg.kfnp.mixin.network.microopt.ServerEntityMixin enabled
[26Aug2026 04:48:25.856] [main/INFO] [KryptonFNP MixinBootstrap/]: Mixin one.pkg.kfnp.mixin.network.microopt.Utf8StringMixin enabled
[26Aug2026 04:48:25.857] [main/INFO] [KryptonFNP MixinBootstrap/]: Mixin one.pkg.kfnp.mixin.network.microopt.VarIntMixin enabled
[26Aug2026 04:48:25.857] [main/INFO] [KryptonFNP MixinBootstrap/]: Mixin one.pkg.kfnp.mixin.network.microopt.VarLongMixin enabled
[26Aug2026 04:48:25.857] [main/INFO] [KryptonFNP MixinBootstrap/]: Mixin one.pkg.kfnp.mixin.network.pipeline.LegacyQueryHandlerMixin enabled
[26Aug2026 04:48:25.858] [main/INFO] [KryptonFNP MixinBootstrap/]: Mixin one.pkg.kfnp.mixin.network.pipeline.Varint21FrameDecoderMixin enabled
[26Aug2026 04:48:25.858] [main/INFO] [KryptonFNP MixinBootstrap/]: Mixin one.pkg.kfnp.mixin.network.pipeline.compression.ConnectionMixin enabled
[26Aug2026 04:48:25.859] [main/INFO] [KryptonFNP MixinBootstrap/]: Mixin one.pkg.kfnp.mixin.network.pipeline.encryption.ConnectionMixin enabled
[26Aug2026 04:48:25.859] [main/INFO] [KryptonFNP MixinBootstrap/]: Mixin one.pkg.kfnp.mixin.network.pipeline.encryption.ServerLoginPacketListenerImplMixin enabled
[26Aug2026 04:48:25.859] [main/INFO] [KryptonFNP MixinBootstrap/]: Mixin one.pkg.kfnp.mixin.network.pipeline.prepender.ConnectionMixin enabled
[26Aug2026 04:48:25.860] [main/INFO] [KryptonFNP MixinBootstrap/]: Mixin one.pkg.kfnp.mixin.network.thread.ServerLoginPacketListenerImplMixin enabled
[26Aug2026 04:48:25.947] [main/WARN] [mixin/]: Error loading class: fuzs/diagonalblocks/world/phys/shapes/VoxelCollection (java.lang.ClassNotFoundException: fuzs.diagonalblocks.world.phys.shapes.VoxelCollection)
[26Aug2026 04:48:25.948] [main/WARN] [mixin/]: @Mixin target fuzs.diagonalblocks.world.phys.shapes.VoxelCollection was not found snowrealmagic.mixins.json:diagonalblocks.VoxelCollectionAccess from mod snowrealmagic
[26Aug2026 04:48:25.949] [main/WARN] [mixin/]: Error loading class: sereneseasons/season/RandomUpdateHandler (java.lang.ClassNotFoundException: sereneseasons.season.RandomUpdateHandler)
[26Aug2026 04:48:25.949] [main/WARN] [mixin/]: @Mixin target sereneseasons.season.RandomUpdateHandler was not found snowrealmagic.mixins.json:sereneseasons.RandomUpdateHandlerMixin from mod snowrealmagic
[26Aug2026 04:48:26.136] [main/ERROR] [net.neoforged.fml.common.asm.RuntimeDistCleaner/DISTXFORM]: Attempted to load class net/minecraft/client/multiplayer/ClientLevel for invalid dist DEDICATED_SERVER
[26Aug2026 04:48:26.137] [main/WARN] [mixin/]: Error loading class: net/minecraft/client/multiplayer/ClientLevel (java.lang.RuntimeException: Attempted to load class net/minecraft/client/multiplayer/ClientLevel for invalid dist DEDICATED_SERVER)
[26Aug2026 04:48:26.137] [main/WARN] [mixin/]: @Mixin target net.minecraft.client.multiplayer.ClientLevel was not found astikorcartsredux.mixins.json:ClientLevelMixin from mod astikorcartsredux
[26Aug2026 04:48:26.139] [main/ERROR] [net.neoforged.fml.common.asm.RuntimeDistCleaner/DISTXFORM]: Attempted to load class net/minecraft/client/multiplayer/ClientPacketListener for invalid dist DEDICATED_SERVER
[26Aug2026 04:48:26.140] [main/WARN] [mixin/]: Error loading class: net/minecraft/client/multiplayer/ClientPacketListener (java.lang.RuntimeException: Attempted to load class net/minecraft/client/multiplayer/ClientPacketListener for invalid dist DEDICATED_SERVER)
[26Aug2026 04:48:26.140] [main/WARN] [mixin/]: @Mixin target net.minecraft.client.multiplayer.ClientPacketListener was not found astikorcartsredux.mixins.json:ClientPacketListenerMixin from mod astikorcartsredux
[26Aug2026 04:48:26.185] [main/WARN] [mixin/]: Error loading class: jeresources/api/util/BiomeHelper (java.lang.ClassNotFoundException: jeresources.api.util.BiomeHelper)
[26Aug2026 04:48:26.187] [main/WARN] [mixin/]: Error loading class: yalter/mousetweaks/Main (java.lang.ClassNotFoundException: yalter.mousetweaks.Main)
[26Aug2026 04:48:26.385] [main/INFO] [C2ME Config System/]: Config vanillaWorldGenOptimizations.optimizeAquifer changed from true to false
[26Aug2026 04:48:26.385] [main/INFO] [C2ME Config System/]: Disabling config vanillaWorldGenOptimizations.useEndBiomeCache: Incompatible with biolith@3.0.14 (*) (defined in c2me)
[26Aug2026 04:48:26.386] [main/INFO] [C2ME Config System/]: Config vanillaWorldGenOptimizations.useEndBiomeCache changed from true to false
[26Aug2026 04:48:26.386] [main/INFO] [C2ME Config System/]: Disabling config vanillaWorldGenOptimizations.optimizeStructureWeightSampler: Incompatible with twilightforest@4.8.3345 (*) (defined in c2me)
[26Aug2026 04:48:26.391] [main/WARN] [mixin/]: Error loading class: traben/entity_model_features/models/animation/EMFAnimationEntityContext (java.lang.ClassNotFoundException: traben.entity_model_features.models.animation.EMFAnimationEntityContext)
[26Aug2026 04:48:26.427] [main/WARN] [mixin/]: Error loading class: net/minecraft/client/player/KeyboardInput (java.lang.ClassNotFoundException: net.minecraft.client.player.KeyboardInput)
[26Aug2026 04:48:26.427] [main/WARN] [mixin/]: @Mixin target net.minecraft.client.player.KeyboardInput was not found fdlib.mixins.json:KeyboardInputMixin from mod fdlib
[26Aug2026 04:48:26.433] [main/INFO] [AllTheLeaks/]: Class dev.uncandango.alltheleaks.leaks.common.mods.supplementaries.UntrackedIssue002 will be loaded as it matches versions: 1.21.1-3.9.3 in [1.21-3.5.0,)
[26Aug2026 04:48:26.434] [main/INFO] [AllTheLeaks/]: Class dev.uncandango.alltheleaks.leaks.common.mods.neoforge.Issue1486 will be loaded as it matches versions: 21.1.248 in [21.,)
[26Aug2026 04:48:26.434] [main/INFO] [AllTheLeaks/]: Class dev.uncandango.alltheleaks.leaks.common.mods.minecraft.UntrackedIssue003 will be loaded as it matches versions: 1.21.1 in [1.21.1,1.21.1]
[26Aug2026 04:48:26.434] [main/INFO] [AllTheLeaks/]: Mixins added to allowed list: [main.DebugSampleSubscriptionTrackerMixin]
[26Aug2026 04:48:26.434] [main/INFO] [AllTheLeaks/]: Class dev.uncandango.alltheleaks.leaks.common.mods.minecraft.UntrackedIssue002 will be loaded as it matches versions: 1.21.1 in 1.21.1
[26Aug2026 04:48:26.434] [main/INFO] [AllTheLeaks/]: Class dev.uncandango.alltheleaks.leaks.common.mods.minecraft.UntrackedIssue001 will be loaded as it matches versions: 1.21.1 in 1.21.1
[26Aug2026 04:48:26.435] [main/INFO] [AllTheLeaks/]: Mixins added to allowed list: [main.EntityTickListMixin]
[26Aug2026 04:48:26.435] [main/INFO] [AllTheLeaks/]: Class dev.uncandango.alltheleaks.leaks.common.mods.geckolib.UntrackedIssue001 will be loaded as it matches versions: 4.9.2 in *
[26Aug2026 04:48:26.435] [main/INFO] [AllTheLeaks/]: Mixins added to allowed list: [main.SingletonGeoAnimatableMixin]
[26Aug2026 04:48:26.436] [main/INFO] [AllTheLeaks/]: Class dev.uncandango.alltheleaks.leaks.common.mods.curios.Issue22 will be loaded as it matches versions: 9.5.1+1.21.1 in [9.0.6,)
[26Aug2026 04:48:26.436] [main/INFO] [AllTheLeaks/]: Mixins added to allowed list: [main.CuriosEventHandlerMixin]
[26Aug2026 04:48:26.436] [main/INFO] [AllTheLeaks/]: Class dev.uncandango.alltheleaks.leaks.common.mods.connectivity.UntrackedIssue001 will be loaded as it matches versions: 7.6 in [5.8,)
[26Aug2026 04:48:26.446] [main/INFO] [AllTheLeaks/]: Class dev.uncandango.alltheleaks.feature.common.mods.minecraft.SaveWithLoadedChunks will be loaded as it matches versions: 1.21.1 in 1.21.1
[26Aug2026 04:48:26.446] [main/INFO] [AllTheLeaks/]: Class dev.uncandango.alltheleaks.feature.common.mods.minecraft.MemoryMonitor will be loaded as it matches versions: 1.21.1 in 1.21.1
[26Aug2026 04:48:26.446] [main/INFO] [AllTheLeaks/]: Mixins added to allowed list: [main.PlayerMixin, main.ChunkAccessMixin, main.LevelMixin, main.MinecraftServerMixin]
[26Aug2026 04:48:26.446] [main/INFO] [AllTheLeaks/]: Class dev.uncandango.alltheleaks.diag.common.mods.minecraft.LogSavedData will be loaded as it matches versions: 21.1.248 in [21.1,)
[26Aug2026 04:48:26.446] [main/INFO] [AllTheLeaks/]: Mixins added to allowed list: [main.SavedDataMixin]
[26Aug2026 04:48:26.516] [main/WARN] [mixin/]: Error loading class: com/simibubi/create/content/schematics/SchematicPrinter (java.lang.ClassNotFoundException: com.simibubi.create.content.schematics.SchematicPrinter)
[26Aug2026 04:48:26.523] [main/WARN] [mixin/]: Error loading class: com/github/L_Ender/cataclysm/entity/InternalAnimationMonster/IABossMonsters/Ancient_Remnant/Ancient_Remnant_Entity (java.lang.ClassNotFoundException: com.github.L_Ender.cataclysm.entity.InternalAnimationMonster.IABossMonsters.Ancient_Remnant.Ancient_Remnant_Entity)
[26Aug2026 04:48:26.524] [main/WARN] [mixin/]: Error loading class: com/github/L_Ender/cataclysm/entity/AnimationMonster/BossMonsters/Ender_Guardian_Entity (java.lang.ClassNotFoundException: com.github.L_Ender.cataclysm.entity.AnimationMonster.BossMonsters.Ender_Guardian_Entity)
[26Aug2026 04:48:26.526] [main/WARN] [mixin/]: Error loading class: com/github/L_Ender/cataclysm/entity/InternalAnimationMonster/IABossMonsters/Maledictus/Maledictus_Entity (java.lang.ClassNotFoundException: com.github.L_Ender.cataclysm.entity.InternalAnimationMonster.IABossMonsters.Maledictus.Maledictus_Entity)
[26Aug2026 04:48:26.527] [main/WARN] [mixin/]: Error loading class: com/github/L_Ender/cataclysm/entity/InternalAnimationMonster/IABossMonsters/NewNetherite_Monstrosity/Netherite_Monstrosity_Entity (java.lang.ClassNotFoundException: com.github.L_Ender.cataclysm.entity.InternalAnimationMonster.IABossMonsters.NewNetherite_Monstrosity.Netherite_Monstrosity_Entity)
[26Aug2026 04:48:26.528] [main/WARN] [mixin/]: Error loading class: com/github/L_Ender/cataclysm/entity/InternalAnimationMonster/IABossMonsters/Scylla/Scylla_Entity (java.lang.ClassNotFoundException: com.github.L_Ender.cataclysm.entity.InternalAnimationMonster.IABossMonsters.Scylla.Scylla_Entity)
[26Aug2026 04:48:26.530] [main/WARN] [mixin/]: Error loading class: com/github/L_Ender/cataclysm/entity/AnimationMonster/BossMonsters/The_Harbinger_Entity (java.lang.ClassNotFoundException: com.github.L_Ender.cataclysm.entity.AnimationMonster.BossMonsters.The_Harbinger_Entity)
[26Aug2026 04:48:26.552] [main/INFO] [com.cupboard.Cupboard/]: Loaded config for: chunksending.json
[26Aug2026 04:48:26.565] [main/WARN] [com.recipeessentials.RecipeEssentials/]: Disabling fastItemComparison feature, due to the Owo mod's faulty implementation breaking it
[26Aug2026 04:48:26.567] [main/INFO] [com.cupboard.Cupboard/]: Loaded config for: recipeessentials.json
[26Aug2026 04:48:26.568] [main/WARN] [com.recipeessentials.RecipeEssentials/]: Disabling fastItemComparison feature, due to the Owo mod's faulty implementation breaking it
[26Aug2026 04:48:26.568] [main/WARN] [com.recipeessentials.RecipeEssentials/]: Disabling fastItemComparison feature, due to the Owo mod's faulty implementation breaking it
[26Aug2026 04:48:26.569] [main/WARN] [com.recipeessentials.RecipeEssentials/]: Disabling fastItemComparison feature, due to the Owo mod's faulty implementation breaking it
[26Aug2026 04:48:26.569] [main/WARN] [com.recipeessentials.RecipeEssentials/]: Disabling fastItemComparison feature, due to the Owo mod's faulty implementation breaking it
[26Aug2026 04:48:26.645] [main/WARN] [mixin/]: Error loading class: net/minecraft/client/OptionInstance (java.lang.ClassNotFoundException: net.minecraft.client.OptionInstance)
[26Aug2026 04:48:26.645] [main/WARN] [mixin/]: @Mixin target net.minecraft.client.OptionInstance was not found c2me-client-uncapvd.mixins.json:ISimpleOption from mod c2me_client_uncapvd
[26Aug2026 04:48:26.647] [main/ERROR] [net.neoforged.fml.common.asm.RuntimeDistCleaner/DISTXFORM]: Attempted to load class net/minecraft/client/Options for invalid dist DEDICATED_SERVER
[26Aug2026 04:48:26.647] [main/WARN] [mixin/]: Error loading class: net/minecraft/client/Options (java.lang.RuntimeException: Attempted to load class net/minecraft/client/Options for invalid dist DEDICATED_SERVER)
[26Aug2026 04:48:26.647] [main/WARN] [mixin/]: @Mixin target net.minecraft.client.Options was not found c2me-client-uncapvd.mixins.json:MixinGameOptions from mod c2me_client_uncapvd
[26Aug2026 04:48:26.648] [main/WARN] [mixin/]: Error loading class: me/jellysquid/mods/sodium/client/gui/SodiumGameOptionPages (java.lang.ClassNotFoundException: me.jellysquid.mods.sodium.client.gui.SodiumGameOptionPages)
[26Aug2026 04:48:26.649] [main/WARN] [mixin/]: Error loading class: net/caffeinemc/sodium/config/user/UserConfigCategories (java.lang.ClassNotFoundException: net.caffeinemc.sodium.config.user.UserConfigCategories)
[26Aug2026 04:48:26.651] [main/WARN] [mixin/]: Error loading class: net/caffeinemc/mods/sodium/client/gui/SodiumGameOptionPages (java.lang.ClassNotFoundException: net.caffeinemc.mods.sodium.client.gui.SodiumGameOptionPages)
[26Aug2026 04:48:26.651] [main/WARN] [mixin/]: Error loading class: net/vulkanmod/config/option/Options (java.lang.ClassNotFoundException: net.vulkanmod.config.option.Options)
[26Aug2026 04:48:26.656] [main/ERROR] [net.neoforged.fml.common.asm.RuntimeDistCleaner/DISTXFORM]: Attempted to load class net/minecraft/client/renderer/LevelRenderer for invalid dist DEDICATED_SERVER
[26Aug2026 04:48:26.657] [main/WARN] [mixin/]: Error loading class: net/minecraft/client/renderer/LevelRenderer (java.lang.RuntimeException: Attempted to load class net/minecraft/client/renderer/LevelRenderer for invalid dist DEDICATED_SERVER)
[26Aug2026 04:48:26.657] [main/WARN] [mixin/]: @Mixin target net.minecraft.client.renderer.LevelRenderer was not found c2me-client-uncapvd.mixins.json:rendering.MixinFogRenderer from mod c2me_client_uncapvd
[26Aug2026 04:48:26.766] [main/WARN] [mixin/]: Error loading class: net/bettercombat/network/ServerNetwork (java.lang.ClassNotFoundException: net.bettercombat.network.ServerNetwork)
[26Aug2026 04:48:26.793] [main/WARN] [mixin/]: Error loading class: net/minecraft/client/gui/screens/CreateBuffetWorldScreen$BiomeList (java.lang.ClassNotFoundException: net.minecraft.client.gui.screens.CreateBuffetWorldScreen$BiomeList)
[26Aug2026 04:48:26.793] [main/WARN] [mixin/]: @Mixin target net.minecraft.client.gui.screens.CreateBuffetWorldScreen$BiomeList was not found regions_unexplored.mixins.json:removals.BiomeListMixin from mod regions_unexplored
[26Aug2026 04:48:26.877] [main/WARN] [mixin/]: Redundant @Unique on injector method netherexp$makeVoidsRender(Lnet/minecraft/world/level/block/state/BlockState;Lorg/spongepowered/asm/mixin/injection/callback/CallbackInfoReturnable;)V in netherexp.mixins.json:block.StructureVoidBlockMixin from mod netherexp. Injectors are implicitly unique
[26Aug2026 04:48:27.255] [main/INFO] [MixinExtras|Service/]: Initializing MixinExtras via com.llamalad7.mixinextras.service.MixinExtrasServiceImpl(version=0.5.3).
[26Aug2026 04:48:27.987] [main/INFO] [net.minecraft.server.Bootstrap/]: ModernFix reached bootstrap stage (11.84 s after launch)
[26Aug2026 04:48:28.368] [main/INFO] [ModernFix/]: Injecting BlockStateBase cache population hook into scalablelux$actuallyDynamicLightEmission from ca.spottedleaf.starlight.mixin.common.blockstate.BlockStateBaseMixin
[26Aug2026 04:48:28.368] [main/INFO] [ModernFix/]: Injecting BlockStateBase cache population hook into scalablelux$isConditionallyFullOpaque from ca.spottedleaf.starlight.mixin.common.blockstate.BlockStateBaseMixin
[26Aug2026 04:48:28.368] [main/INFO] [ModernFix/]: Injecting BlockStateBase cache population hook into scalablelux$getOpacityIfCached from ca.spottedleaf.starlight.mixin.common.blockstate.BlockStateBaseMixin
[26Aug2026 04:48:28.950] [main/WARN] [mixin/]: Method overwrite conflict for getCitadelEntityData in citadel.mixins.json:LivingEntityMixin from mod citadel, previously written by com.github.alexthe666.alexsmobs.mixin.LivingEntityMixin. Skipping method.
[26Aug2026 04:48:28.951] [main/WARN] [mixin/]: Method overwrite conflict for setCitadelEntityData in citadel.mixins.json:LivingEntityMixin from mod citadel, previously written by com.github.alexthe666.alexsmobs.mixin.LivingEntityMixin. Skipping method.
[26Aug2026 04:48:29.020] [main/WARN] [mixin/]: @Inject(@At("INVOKE")) Shift.BY=1 on crittersandcompanions.mixins.json:LivingEntityMixin from mod crittersandcompanions::handler$col000$crittersandcompanions$onDie exceeds the maximum allowed value: 0. Increase the value of maxShiftBy to suppress this warning.
[26Aug2026 04:48:29.907] [main/WARN] [mixin/]: Redundant @Unique on injector method netherexp$makeVoidsRender(Lnet/minecraft/world/level/block/state/BlockState;Lorg/spongepowered/asm/mixin/injection/callback/CallbackInfoReturnable;)V in netherexp.mixins.json:block.StructureVoidBlockMixin from mod netherexp. Injectors are implicitly unique
[26Aug2026 04:48:31.957] [main/WARN] [mixin/]: Method overwrite conflict for scheduleRandomTick in corgilib-common.mixins.json:chunk.MixinChunkAccess from mod corgilib, previously written by dev.corgitaco.ohthetreesyoullgrow.mixin.chunk.MixinChunkAccess. Skipping method.
[26Aug2026 04:48:31.958] [main/WARN] [mixin/]: Method overwrite conflict for getScheduledRandomTicks in corgilib-common.mixins.json:chunk.MixinChunkAccess from mod corgilib, previously written by dev.corgitaco.ohthetreesyoullgrow.mixin.chunk.MixinChunkAccess. Skipping method.
[26Aug2026 04:48:35.007] [main/WARN] [mixin/]: Mixin alexscaves.mixins.json:SwampHutPieceMixin from mod alexscaves has multiple constructors, <init>(Lnet/minecraft/world/level/levelgen/structure/pieces/StructurePieceType;IIIIIILnet/minecraft/core/Direction;)V was selected

[26Aug2026 04:48:35.757] [main/INFO] [net.minecraft.server.Bootstrap/]: Vanilla bootstrap took 7766 milliseconds
[26Aug2026 04:48:36.194] [modloading-worker-0/INFO] [Puzzles Lib/]: Constructing components for easyanvils:common
[26Aug2026 04:48:36.332] [modloading-worker-0/INFO] [net.neoforged.neoforge.common.NeoForgeMod/NEOFORGE-MOD]: NeoForge mod loading, version 21.1.248, for MC 1.21.1
[26Aug2026 04:48:36.342] [modloading-worker-0/INFO] [Puzzles Lib/]: Dispatching loading event for config easyanvils-common.toml
[26Aug2026 04:48:36.470] [modloading-worker-0/WARN] [net.minecraft.server.packs.VanillaPackResourcesBuilder/]: Assets URL 'union:/workspaces/newservos/servidor_minecraft/libraries/net/minecraft/server/1.21.1-20240808.144430/server-1.21.1-20240808.144430-srg.jar%23299!/assets/.mcassetsroot' uses unexpected schema
[26Aug2026 04:48:36.471] [modloading-worker-0/WARN] [net.minecraft.server.packs.VanillaPackResourcesBuilder/]: Assets URL 'union:/workspaces/newservos/servidor_minecraft/libraries/net/minecraft/server/1.21.1-20240808.144430/server-1.21.1-20240808.144430-srg.jar%23299!/data/.mcassetsroot' uses unexpected schema
[26Aug2026 04:48:36.567] [modloading-worker-0/INFO] [ModSharedBootstrap/]: KryptonFNP is now accelerating your Minecraft server's networking stack 🚀
[26Aug2026 04:48:36.599] [modloading-worker-0/INFO] [ModSharedBootstrap/]: Compression will use libdeflate (Linux x86_64), encryption will use OpenSSL 3.x.x (Linux x86_64)
[26Aug2026 04:48:36.609] [modloading-worker-0/INFO] [biolith/]: Biolith for NeoForge is initializing...
[26Aug2026 04:48:36.613] [modloading-worker-0/INFO] [biolith/]: Enabling Biolith's TerraBlender compatibility layer.
[26Aug2026 04:48:36.761] [modloading-worker-0/INFO] [Moonlight/]: Sending changed configs to client
[26Aug2026 04:48:36.798] [modloading-worker-0/INFO] [Moonlight/]: Sending changed configs to client
[26Aug2026 04:48:36.874] [modloading-worker-0/INFO] [noisium/]: Loading Noisium.
[26Aug2026 04:48:37.549] [modloading-worker-0/WARN] [Supplementaries/]: Dye color white produced diffuse color -1 (white), this should never happen
[26Aug2026 04:48:37.654] [modloading-worker-0/INFO] [snownee.kiwi.Kiwi/INIT]: Processing 9 KiwiModule annotations
[26Aug2026 04:48:37.888] [modloading-worker-0/INFO] [cc.sighs.oelib.event.EventAutoRegistration/]: [EventAutoReg] Scanning 1 package(s) for event listeners...
[26Aug2026 04:48:37.928] [modloading-worker-0/INFO] [cc.sighs.oelib.event.EventAutoRegistration/]: [EventAutoReg] Registered 1 listener class(es).
[26Aug2026 04:48:37.960] [modloading-worker-0/INFO] [oelib/]: Loaded config oelib:dev_features from /workspaces/newservos/servidor_minecraft/config/oelib/dev_features.toml
[26Aug2026 04:48:37.964] [modloading-worker-0/INFO] [oelib/]: Data registry initialized with 0 registered types
[26Aug2026 04:48:37.965] [modloading-worker-0/WARN] [oelib/]: MVEL2 not found in classpath. Expression engine will be disabled.
[26Aug2026 04:48:37.966] [modloading-worker-0/INFO] [oelib/]: Loaded config oelib:dev_features from /workspaces/newservos/servidor_minecraft/config/oelib/dev_features.toml
[26Aug2026 04:48:38.190] [modloading-worker-0/INFO] [STDOUT/]: [codx.codxlib.CodxLibMod:commonInit:46]: codxlib: common init complete (v1.5.1).
[26Aug2026 04:48:38.407] [modloading-worker-0/INFO] [net.potionstudios.biomeswevegone.BiomesWeveGone/]: Registering Oh The Biomes We've Gone data components
[26Aug2026 04:48:38.422] [modloading-worker-0/INFO] [Ksyxis/MOD_KSYXIS]: Ksyxis: Loading... (platform: neoforge, version: 1.4.3, manual: false)
[26Aug2026 04:48:38.423] [modloading-worker-0/INFO] [Ksyxis/MOD_KSYXIS]: Ksyxis: Ready to remove unneeded chunks. (mixinVersion: 0.8.7, time: 0 ms)
[26Aug2026 04:48:38.428] [modloading-worker-0/INFO] [KnightLib/]: The following content usage has been enabled: COPPER_GRAILS
[26Aug2026 04:48:38.429] [modloading-worker-0/INFO] [KnightLib/]: The following content usage has been enabled: GREAT_CHALICE
[26Aug2026 04:48:38.429] [modloading-worker-0/INFO] [KnightLib/]: The following content usage has been enabled: GREEN_ESSENCES
[26Aug2026 04:48:38.437] [modloading-worker-0/INFO] [net.potionstudios.biomeswevegone.BiomesWeveGone/]: Registering Oh The Biomes We've Gone items
[26Aug2026 04:48:38.509] [modloading-worker-0/INFO] [net.potionstudios.biomeswevegone.BiomesWeveGone/]: Registering Oh The Biomes We've Gone Blocks
[26Aug2026 04:48:38.553] [modloading-worker-0/INFO] [net.potionstudios.biomeswevegone.BiomesWeveGone/]: Registering Oh The Biomes We've Gone Wood
[26Aug2026 04:48:38.554] [modloading-worker-0/INFO] [net.potionstudios.biomeswevegone.BiomesWeveGone/]: Registering Oh The Biomes We've Gone Block Entities
[26Aug2026 04:48:38.554] [modloading-worker-0/INFO] [net.potionstudios.biomeswevegone.BiomesWeveGone/]: Registering Oh The Biomes We've Gone Entities
[26Aug2026 04:48:38.555] [modloading-worker-0/INFO] [net.potionstudios.biomeswevegone.BiomesWeveGone/]: Registering Oh The Biomes We've Gone Creative Tabs
[26Aug2026 04:48:38.560] [modloading-worker-0/INFO] [net.potionstudios.biomeswevegone.BiomesWeveGone/]: Registering Oh The Biomes We've Gone Sounds
[26Aug2026 04:48:38.564] [modloading-worker-0/INFO] [net.potionstudios.biomeswevegone.BiomesWeveGone/]: Registering Oh The Biomes We've Gone Block Predicate
[26Aug2026 04:48:38.569] [modloading-worker-0/INFO] [net.potionstudios.biomeswevegone.BiomesWeveGone/]: Registering Oh The Biomes We've Gone State Providers
[26Aug2026 04:48:38.571] [modloading-worker-0/INFO] [net.potionstudios.biomeswevegone.BiomesWeveGone/]: Registering Oh The Biomes We've Gone Tree Decorators
[26Aug2026 04:48:38.588] [modloading-worker-0/INFO] [net.potionstudios.biomeswevegone.BiomesWeveGone/]: Registering Oh The Biomes We've Gone Custom Features
[26Aug2026 04:48:38.592] [modloading-worker-0/INFO] [net.potionstudios.biomeswevegone.BiomesWeveGone/]: Registering Oh The Biomes We've Gone Structure Pieces
[26Aug2026 04:48:38.593] [modloading-worker-0/INFO] [net.potionstudios.biomeswevegone.BiomesWeveGone/]: Registering Oh The Biomes We've Gone Custom Structure Types
[26Aug2026 04:48:38.601] [modloading-worker-0/INFO] [net.potionstudios.biomeswevegone.BiomesWeveGone/]: Registering Oh The Biomes We've Gone Configured Features
[26Aug2026 04:48:38.615] [modloading-worker-0/INFO] [net.potionstudios.biomeswevegone.BiomesWeveGone/]: Creating and Registering Overworld Vegetation Configured Features
[26Aug2026 04:48:38.736] [modloading-worker-0/INFO] [net.potionstudios.biomeswevegone.BiomesWeveGone/]: Registering Oh The Biomes We've Gone Tree Configured Features
[26Aug2026 04:48:38.740] [modloading-worker-0/INFO] [net.potionstudios.biomeswevegone.BiomesWeveGone/]: Creating and Registering Vanilla Configured Features
[26Aug2026 04:48:38.750] [modloading-worker-0/INFO] [net.potionstudios.biomeswevegone.BiomesWeveGone/]: Registering Oh The Biomes You'll Go Overworld Configured Features
[26Aug2026 04:48:38.758] [modloading-worker-0/INFO] [net.potionstudios.biomeswevegone.BiomesWeveGone/]: Registering Oh The Biomes We've Gone Placed Features
[26Aug2026 04:48:38.782] [modloading-worker-0/INFO] [net.potionstudios.biomeswevegone.BiomesWeveGone/]: Creating and Registering Overworld Tree Placed Features
[26Aug2026 04:48:38.797] [modloading-worker-0/INFO] [net.potionstudios.biomeswevegone.BiomesWeveGone/]: Creating and Registering Overworld Vegetation Placed Features
[26Aug2026 04:48:38.806] [modloading-worker-0/INFO] [net.potionstudios.biomeswevegone.BiomesWeveGone/]: Creating and Registering Vanilla Placed Features
[26Aug2026 04:48:38.806] [modloading-worker-0/INFO] [net.potionstudios.biomeswevegone.BiomesWeveGone/]: Registering Oh The Biomes We've Gone Custom Surface Rules
[26Aug2026 04:48:38.829] [modloading-worker-0/INFO] [net.potionstudios.biomeswevegone.BiomesWeveGone/]: Registering Oh The Biomes We've Gone Template Pools
[26Aug2026 04:48:38.855] [modloading-worker-0/INFO] [net.potionstudios.biomeswevegone.BiomesWeveGone/]: Registering Oh The Biome's We've Gone Village Template Pools
[26Aug2026 04:48:38.856] [modloading-worker-0/INFO] [net.potionstudios.biomeswevegone.BiomesWeveGone/]: Registering Oh The Biomes We've Gone Poi Types
[26Aug2026 04:48:38.856] [modloading-worker-0/INFO] [net.potionstudios.biomeswevegone.BiomesWeveGone/]: Registering Oh The Biomes We've Gone Villager Professions
[26Aug2026 04:48:38.859] [modloading-worker-0/INFO] [net.potionstudios.biomeswevegone.BiomesWeveGone/]: Registering Oh The Biomes We've Gone Custom Structure Processors
[26Aug2026 04:48:38.860] [modloading-worker-0/INFO] [net.potionstudios.biomeswevegone.BiomesWeveGone/]: Registering Oh The Biomes We've Gone villager types
[26Aug2026 04:48:38.865] [modloading-worker-0/INFO] [net.potionstudios.biomeswevegone.BiomesWeveGone/]: Registering Oh The Biomes We've Gone Schedules
[26Aug2026 04:48:38.866] [modloading-worker-0/INFO] [net.potionstudios.biomeswevegone.BiomesWeveGone/]: Registering Oh The Biomes We've Gone Memory Module Types
[26Aug2026 04:48:38.871] [modloading-worker-0/INFO] [net.potionstudios.biomeswevegone.BiomesWeveGone/]: Registering Oh The Biomes We've Gone Sensor Types
[26Aug2026 04:48:38.876] [modloading-worker-0/INFO] [net.potionstudios.biomeswevegone.BiomesWeveGone/]: Registering Oh The Biomes We've Gone Map Decoration Types
[26Aug2026 04:48:38.881] [modloading-worker-0/INFO] [net.potionstudios.biomeswevegone.BiomesWeveGone/]: Registering Oh The Biomes We've Gone Entity SubPredicates
[26Aug2026 04:48:38.965] [modloading-worker-0/INFO] [The-Lost-Castle/]: Lost Castle config loaded successfully
[26Aug2026 04:48:39.039] [modloading-worker-0/INFO] [Puzzles Lib/]: Constructing components for puzzleslib:common
[26Aug2026 04:48:39.109] [modloading-worker-0/INFO] [thedarkcolour.kotlinforforge.neoforge.test.KotlinForForge/]: Kotlin For Forge Enabled!
[26Aug2026 04:48:39.133] [modloading-worker-0/INFO] [CodecUI/]: Codec construction mixins inactive (Codec, MapCodec, RecordCodecBuilder) - expected on NeoForge; using reflective schema inference (numeric ranges recovered, optional-field defaults not).
[26Aug2026 04:48:39.398] [modloading-worker-0/INFO] [STDOUT/]: [com.vayns_skywhaleship.neoforge.NeoForgeEntrypoint:<init>:9]: Sky Whale Ship load
[26Aug2026 04:48:39.593] [modloading-worker-0/INFO] [Puzzles Lib/]: Constructing components for fastitemframes:common
[26Aug2026 04:48:40.052] [modloading-worker-0/INFO] [twilightforest.beanification.BeanContext/]: Starting Bean Context
[26Aug2026 04:48:40.169] [modloading-worker-0/INFO] [Faewulf's Lib/]: [Faewulf's Lib] Initializing...
[26Aug2026 04:48:40.170] [modloading-worker-0/INFO] [Faewulf's Lib/]: [Faewulf's Lib] Hello from Faewulf with <3
[26Aug2026 04:48:40.170] [modloading-worker-0/INFO] [Faewulf's Lib/]: [Faewulf's Lib] Init done
[26Aug2026 04:48:40.181] [modloading-worker-0/INFO] [End Remastered/]: End Remastered config loaded with success
[26Aug2026 04:48:40.189] [modloading-worker-0/INFO] [End Remastered/]: End Remastered eyes loaded with success
[26Aug2026 04:48:40.201] [modloading-worker-0/INFO] [perf_tweaks/]: Loaded config /workspaces/newservos/servidor_minecraft/config/perf_tweaks/perf_tweaks.json
[26Aug2026 04:48:40.201] [modloading-worker-0/INFO] [perf_tweaks/]: Performance Tweaks initialized
[26Aug2026 04:48:40.226] [modloading-worker-0/OFF] [gobber2/]: gobber2 config settings json5 found
[26Aug2026 04:48:40.275] [modloading-worker-0/INFO] [com.alganaut.hominid.Hominid/]: Elk_Hastiness
[26Aug2026 04:48:40.569] [modloading-worker-0/INFO] [com.cupboard.Cupboard/]: Loaded config for: cupboard.json
[26Aug2026 04:48:40.574] [modloading-worker-0/INFO] [Piggyback/]: [Piggyback] Loading
[26Aug2026 04:48:40.577] [modloading-worker-0/INFO] [Piggyback/]: [Piggyback] Register commands...
[26Aug2026 04:48:40.725] [modloading-worker-0/INFO] [Piggyback/]: [Piggyback] Init done
[26Aug2026 04:48:40.761] [modloading-worker-0/INFO] [twilightforest.beanification.BeanContext/]: Bean Context loaded in 709 ms
[26Aug2026 04:48:40.827] [modloading-worker-0/INFO] [Towns and Towers/]: Loading T&T
[26Aug2026 04:48:40.829] [modloading-worker-0/INFO] [owo/]: Jello was 126 years old when we added this line
[26Aug2026 04:48:40.885] [modloading-worker-0/INFO] [Puzzles Lib/]: Constructing components for easymagic:common
[26Aug2026 04:48:40.919] [modloading-worker-0/INFO] [Puzzles Lib/]: Dispatching loading event for config easymagic-common.toml
[26Aug2026 04:48:40.929] [modloading-worker-0/INFO] [blockpops/]: Initializing BlockPops mod
[26Aug2026 04:48:40.946] [modloading-worker-0/INFO] [Dungeon Crawl/]: Here we go! Launching Dungeon Crawl 2.3.17...
[26Aug2026 04:48:40.974] [modloading-worker-0/INFO] [blockpops/]: BlockPops mod initialization complete
[26Aug2026 04:48:41.034] [modloading-worker-0/INFO] [Moonlight/]: Sending changed configs to client
[26Aug2026 04:48:41.275] [modloading-worker-0/INFO] [YetAnotherConfigLib/]: Deserializing EnderscapeConfig from '/workspaces/newservos/servidor_minecraft/config/enderscape.json5'
[26Aug2026 04:48:41.463] [modloading-worker-0/INFO] [net.bunten.enderscape.Enderscape/]: Enderscape initialized!
[26Aug2026 04:48:41.549] [modloading-worker-0/INFO] [YetAnotherConfigLib/]: Deserializing CACCommonConfig from '/workspaces/newservos/servidor_minecraft/config/crittersandcompanions-common.json5'
[26Aug2026 04:48:41.626] [modloading-worker-0/INFO] [YetAnotherConfigLib/]: Deserializing YACLConfig from '/workspaces/newservos/servidor_minecraft/config/yacl.json5'
[26Aug2026 04:48:41.664] [modloading-worker-0/INFO] [org.admany.quantified.core.neoforge.QuantifiedCoreNeoForge/]: Configured LWJGL stack size to 64 MiB (67108864 bytes)
[26Aug2026 04:48:41.665] [modloading-worker-0/INFO] [org.admany.quantified.core.neoforge.QuantifiedCoreNeoForge/]: [Quantified] Quantified API starting
[26Aug2026 04:48:41.695] [modloading-worker-0/INFO] [org.admany.quantified.core.neoforge.QuantifiedCoreNeoForge/]: Loaded flat configuration from /workspaces/newservos/servidor_minecraft/config/QuantifiedAPI/quantified_config.json
[26Aug2026 04:48:41.701] [modloading-worker-0/INFO] [org.admany.quantified.core.neoforge.QuantifiedCoreNeoForge/]: Quantified GPU config: enabled=true, preferredBackend=VULKAN_PREFERRED, vulkanDevice=auto, openclDevice=auto, forceOpenCL=false
[26Aug2026 04:48:41.701] [modloading-worker-0/INFO] [org.admany.quantified.core.neoforge.QuantifiedCoreNeoForge/]: [Quantified] Quantified Core Starting
[26Aug2026 04:48:41.711] [modloading-worker-0/INFO] [org.admany.quantified.core.neoforge.QuantifiedCoreNeoForge/]: Async scheduler configured with 1 foreground and 1 background threads (4 cores detected)
[26Aug2026 04:48:41.711] [modloading-worker-0/INFO] [org.admany.quantified.core.neoforge.QuantifiedCoreNeoForge/]: [Quantified] Quantified Async Pool Start
[26Aug2026 04:48:41.767] [modloading-worker-0/INFO] [org.admany.quantified.core.common.cache.disk.DiskCacheManager/]: Initialized disk cache at: /workspaces/newservos/servidor_minecraft/config/QuantifiedAPI/cache
[26Aug2026 04:48:41.819] [modloading-worker-0/INFO] [org.admany.quantified.core.neoforge.QuantifiedCoreNeoForge/]: OpenCL initialization deferred to background probe.
[26Aug2026 04:48:41.824] [modloading-worker-0/INFO] [org.admany.quantified.core.common.gpu.backend.VulkanProbeScheduler/]: Vulkan probe scheduler armed (maxAttempts=3, initialDelayMs=0, retryDelayMs=60000)
[26Aug2026 04:48:41.825] [modloading-worker-0/INFO] [org.admany.quantified.core.common.gpu.backend.VulkanProbeScheduler/]: Scheduling Vulkan probe attempt #1 (initial) in 0 ms
[26Aug2026 04:48:41.828] [Quantified-Vulkan-Probe-Scheduler/INFO] [org.admany.quantified.core.common.gpu.backend.VulkanProbeScheduler/]: Running Vulkan probe attempt #1 (initial)
[26Aug2026 04:48:41.829] [Quantified-Vulkan-Probe-Scheduler/INFO] [org.admany.quantified.core.common.gpu.backend.VulkanRuntime/]: [Vulkan][Probe 1] Reprobe requested on thread 'Quantified-Vulkan-Probe-Scheduler' (group=main')
[26Aug2026 04:48:41.829] [Quantified-Vulkan-Probe-Scheduler/INFO] [org.admany.quantified.core.common.gpu.backend.VulkanRuntime/]: [Vulkan][Probe 1] Probe start on thread 'Quantified-Vulkan-Probe-Scheduler' LWJGL-stack=64 MiB
[26Aug2026 04:48:41.830] [modloading-worker-0/INFO] [org.admany.quantified.core.neoforge.QuantifiedCoreNeoForge/]: Vulkan initialization deferred to background probe (isolated bundled runtime for legacy Minecraft).
[26Aug2026 04:48:41.845] [Quantified-Vulkan-Probe-Scheduler/INFO] [org.admany.quantified.core.common.gpu.backend.VulkanRuntime/]: [Vulkan][Probe 1] Environment: os=Linux 6.8.0-1052-azure, arch=amd64, java=21.0.10, vendor=Ubuntu, lwjgl.stack.bytes=67108864, quantified.lwjgl.stackSizeBytes=67108864, quantified.lwjgl.stackSizeKb=65536, quantified.gpuThreadStackBytes=<unset>, quantified.gpuThreadStackKb=<unset>, quantified.probeThreadStackBytes=<unset>, quantified.probeThreadStackKb=<unset>, org.lwjgl.system.stackSizeKb=65536
[26Aug2026 04:48:41.846] [Quantified-Vulkan-Probe-Scheduler/INFO] [org.admany.quantified.core.common.gpu.backend.VulkanRuntime/]: [Vulkan][Probe 1] Loader env: VK_ICD_FILENAMES=<unset>, VK_DRIVER_FILES=<unset>, VK_LAYER_PATH=<unset>, VK_INSTANCE_LAYERS=<unset>, VK_LOADER_DEBUG=<unset>, VK_LOADER_LAYERS_DISABLE=<unset>
[26Aug2026 04:48:42.009] [modloading-worker-0/INFO] [org.admany.quantified.core.neoforge.QuantifiedCoreNeoForge/]: Vulkan isolated runtime classes loaded successfully for legacy Minecraft.
[26Aug2026 04:48:42.009] [modloading-worker-0/INFO] [org.admany.quantified.core.neoforge.QuantifiedCoreNeoForge/]: All Quantified API classes successfully initialized.
[26Aug2026 04:48:42.009] [modloading-worker-0/INFO] [org.admany.quantified.core.neoforge.QuantifiedCoreNeoForge/]: Quantified API initialized successfully.
[26Aug2026 04:48:42.011] [modloading-worker-0/INFO] [org.admany.quantified.core.neoforge.QuantifiedCoreNeoForge/]: [Quantified] Quantified API has been called out by:
  - [Quantified Frontend] (Version 2.2.0) at 04:48
  - [test-mod] (Version 1.0.0) at 04:48
[26Aug2026 04:48:42.045] [modloading-worker-0/INFO] [org.admany.quantified.core.compat.LegacyApiRegistry/]: Quantified API v2: no legacy v1.x mod integrations detected.
[26Aug2026 04:48:42.244] [Quantified-Vulkan-Probe-Scheduler/INFO] [org.admany.quantified.core.common.gpu.backend.VulkanRuntime/]: [Vulkan][Probe 1] Launching isolated Vulkan probe: /usr/lib/jvm/java-21-openjdk-amd64/bin/java -Xms16m -Xmx256m -XX:MaxDirectMemorySize=128m -Xss16m -Dorg.lwjgl.system.stackSize=16384 -Dquantified.lwjgl.stackSizeKb=16384 -Dquantified.lwjgl.stackSizeBytes=16777216 -Dorg.lwjgl.system.SharedLibraryExtractPath=/workspaces/newservos/servidor_minecraft/config/QuantifiedAPI/cache/tools/vulkanProbe/natives -Dorg.lwjgl.librarypath=/workspaces/newservos/servidor_minecraft/config/QuantifiedAPI/cache/tools/vulkanProbe/natives -cp /workspaces/newservos/servidor_minecraft/config/QuantifiedAPI/cache/tools/vulkanProbe/quantified-vulkan-probe.jar:/workspaces/newservos/servidor_minecraft/config/QuantifiedAPI/cache/tools/vulkanProbe/lib/lwjgl-3.3.3-natives-linux-arm64.jar:/workspaces/newservos/servidor_minecraft/config/QuantifiedAPI/cache/tools/vulkanProbe/lib/lwjgl-3.3.3-natives-linux.jar:/workspaces/newservos/servidor_minecraft/config/QuantifiedAPI/cache/tools/vulkanProbe/lib/lwjgl-3.3.3-natives-windows.jar:/workspaces/newservos/servidor_minecraft/config/QuantifiedAPI/cache/tools/vulkanProbe/lib/lwjgl-3.3.3.jar:/workspaces/newservos/servidor_minecraft/config/QuantifiedAPI/cache/tools/vulkanProbe/lib/lwjgl-vulkan-3.3.3.jar org.admany.quantified.vulkan.probe.VulkanProbeEntrypoint [VK_LOADER_LAYERS_DISABLE=~implicit~, VK_LOADER_DEBUG=error]
[26Aug2026 04:48:42.338] [Quantified-Vulkan-Probe-Stdout/INFO] [org.admany.quantified.core.common.gpu.backend.VulkanRuntime/]: [Vulkan][Probe 1] [Subprocess] [probe] [heartbeat] startup
[26Aug2026 04:48:42.341] [Quantified-Vulkan-Probe-Stdout/INFO] [org.admany.quantified.core.common.gpu.backend.VulkanRuntime/]: [Vulkan][Probe 1] [Subprocess] [probe] [heartbeat] pre-librarypath-config
[26Aug2026 04:48:42.392] [Quantified-Vulkan-Probe-Stdout/INFO] [org.admany.quantified.core.common.gpu.backend.VulkanRuntime/]: [Vulkan][Probe 1] [Subprocess] [probe] java=21.0.10, vendor=Ubuntu, os=Linux 6.8.0-1052-azure, arch=amd64
[26Aug2026 04:48:42.397] [Quantified-Vulkan-Probe-Stdout/INFO] [org.admany.quantified.core.common.gpu.backend.VulkanRuntime/]: [Vulkan][Probe 1] [Subprocess] [probe] org.lwjgl.system.stackSizeKb=16384, quantified.lwjgl.stackSizeBytes=16777216
[26Aug2026 04:48:42.397] [Quantified-Vulkan-Probe-Stdout/INFO] [org.admany.quantified.core.common.gpu.backend.VulkanRuntime/]: [Vulkan][Probe 1] [Subprocess] [probe] java.library.path=/tmp/_MEId5FXm4:/usr/java/packages/lib:/usr/lib/x86_64-linux-gnu/jni:/lib/x86_64-linux-gnu:/usr/lib/x86_64-linux-gnu:/usr/lib/jni:/lib:/usr/lib
[26Aug2026 04:48:42.397] [Quantified-Vulkan-Probe-Stdout/INFO] [org.admany.quantified.core.common.gpu.backend.VulkanRuntime/]: [Vulkan][Probe 1] [Subprocess] [probe] org.lwjgl.librarypath=/workspaces/newservos/servidor_minecraft/config/QuantifiedAPI/cache/tools/vulkanProbe/natives
[26Aug2026 04:48:42.398] [Quantified-Vulkan-Probe-Stdout/INFO] [org.admany.quantified.core.common.gpu.backend.VulkanRuntime/]: [Vulkan][Probe 1] [Subprocess] [probe] org.lwjgl.system.SharedLibraryExtractPath(original)=/workspaces/newservos/servidor_minecraft/config/QuantifiedAPI/cache/tools/vulkanProbe/natives
[26Aug2026 04:48:42.398] [Quantified-Vulkan-Probe-Stdout/INFO] [org.admany.quantified.core.common.gpu.backend.VulkanRuntime/]: [Vulkan][Probe 1] [Subprocess] [probe] org.lwjgl.system.SharedLibraryExtractPath(effective)=/workspaces/newservos/servidor_minecraft/config/QuantifiedAPI/cache/tools/vulkanProbe/natives
[26Aug2026 04:48:42.398] [Quantified-Vulkan-Probe-Stdout/INFO] [org.admany.quantified.core.common.gpu.backend.VulkanRuntime/]: [Vulkan][Probe 1] [Subprocess] [probe] [heartbeat] post-librarypath-config
[26Aug2026 04:48:42.421] [Quantified-Vulkan-Probe-Stdout/INFO] [org.admany.quantified.core.common.gpu.backend.VulkanRuntime/]: [Vulkan][Probe 1] [Subprocess] [probe] [heartbeat] pre-VK-init
[26Aug2026 04:48:42.573] [modloading-worker-0/INFO] [fzzy_config/]: Loaded config simplyswords:general in 744ms
[26Aug2026 04:48:42.577] [modloading-worker-0/INFO] [fzzy_config/]: Loaded config simplytooltips:config in 665ms
[26Aug2026 04:48:42.583] [modloading-worker-0/INFO] [simplytooltips/]: SimplyTooltips config loaded: simplytooltips:config
[26Aug2026 04:48:42.601] [modloading-worker-0/INFO] [fzzy_config/]: Loaded config simplyswords:gui in 15ms
[26Aug2026 04:48:42.661] [Quantified-Vulkan-Probe-Stdout/INFO] [org.admany.quantified.core.common.gpu.backend.VulkanRuntime/]: [Vulkan][Probe 1] [Subprocess] [LWJGL] Failed to load a library. Possible solutions:
[26Aug2026 04:48:42.664] [Quantified-Vulkan-Probe-Stdout/INFO] [org.admany.quantified.core.common.gpu.backend.VulkanRuntime/]: [Vulkan][Probe 1] [Subprocess] 	a) Install the library or the driver that provides the library.
[26Aug2026 04:48:42.664] [Quantified-Vulkan-Probe-Stdout/INFO] [org.admany.quantified.core.common.gpu.backend.VulkanRuntime/]: [Vulkan][Probe 1] [Subprocess] 	b) Ensure that the library is accessible from the system library paths.
[26Aug2026 04:48:42.664] [Quantified-Vulkan-Probe-Stdout/INFO] [org.admany.quantified.core.common.gpu.backend.VulkanRuntime/]: [Vulkan][Probe 1] [Subprocess] [LWJGL] Enable debug mode with -Dorg.lwjgl.util.Debug=true for better diagnostics.
[26Aug2026 04:48:42.664] [Quantified-Vulkan-Probe-Stdout/INFO] [org.admany.quantified.core.common.gpu.backend.VulkanRuntime/]: [Vulkan][Probe 1] [Subprocess] [LWJGL] Enable the SharedLibraryLoader debug mode with -Dorg.lwjgl.util.DebugLoader=true for better diagnostics.
[26Aug2026 04:48:42.673] [Quantified-Vulkan-Probe-Stdout/INFO] [org.admany.quantified.core.common.gpu.backend.VulkanRuntime/]: [Vulkan][Probe 1] [Subprocess] [probe] VK bootstrap failure: java.lang.UnsatisfiedLinkError: Failed to locate library: libvulkan.so.1
[26Aug2026 04:48:42.674] [Quantified-Vulkan-Probe-Stdout/INFO] [org.admany.quantified.core.common.gpu.backend.VulkanRuntime/]: [Vulkan][Probe 1] [Subprocess] java.lang.UnsatisfiedLinkError: Failed to locate library: libvulkan.so.1
[26Aug2026 04:48:42.674] [Quantified-Vulkan-Probe-Stdout/INFO] [org.admany.quantified.core.common.gpu.backend.VulkanRuntime/]: [Vulkan][Probe 1] [Subprocess] 	at org.lwjgl.system.Library.loadNative(Library.java:346)
[26Aug2026 04:48:42.674] [Quantified-Vulkan-Probe-Stdout/INFO] [org.admany.quantified.core.common.gpu.backend.VulkanRuntime/]: [Vulkan][Probe 1] [Subprocess] 	at org.lwjgl.system.Library.loadNative(Library.java:236)
[26Aug2026 04:48:42.674] [Quantified-Vulkan-Probe-Stdout/INFO] [org.admany.quantified.core.common.gpu.backend.VulkanRuntime/]: [Vulkan][Probe 1] [Subprocess] 	at org.lwjgl.system.Library.loadNative(Library.java:217)
[26Aug2026 04:48:42.674] [Quantified-Vulkan-Probe-Stdout/INFO] [org.admany.quantified.core.common.gpu.backend.VulkanRuntime/]: [Vulkan][Probe 1] [Subprocess] 	at org.lwjgl.system.Library.loadNative(Library.java:431)
[26Aug2026 04:48:42.674] [Quantified-Vulkan-Probe-Stdout/INFO] [org.admany.quantified.core.common.gpu.backend.VulkanRuntime/]: [Vulkan][Probe 1] [Subprocess] 	at org.lwjgl.system.Library.loadNative(Library.java:402)
[26Aug2026 04:48:42.674] [Quantified-Vulkan-Probe-Stdout/INFO] [org.admany.quantified.core.common.gpu.backend.VulkanRuntime/]: [Vulkan][Probe 1] [Subprocess] 	at org.lwjgl.vulkan.VK.create(VK.java:52)
[26Aug2026 04:48:42.674] [Quantified-Vulkan-Probe-Stdout/INFO] [org.admany.quantified.core.common.gpu.backend.VulkanRuntime/]: [Vulkan][Probe 1] [Subprocess] 	at org.lwjgl.vulkan.VK.<clinit>(VK.java:37)
[26Aug2026 04:48:42.674] [Quantified-Vulkan-Probe-Stdout/INFO] [org.admany.quantified.core.common.gpu.backend.VulkanRuntime/]: [Vulkan][Probe 1] [Subprocess] 	at java.base/java.lang.Class.forName0(Native Method)
[26Aug2026 04:48:42.674] [Quantified-Vulkan-Probe-Stdout/INFO] [org.admany.quantified.core.common.gpu.backend.VulkanRuntime/]: [Vulkan][Probe 1] [Subprocess] 	at java.base/java.lang.Class.forName(Class.java:423)
[26Aug2026 04:48:42.674] [Quantified-Vulkan-Probe-Stdout/INFO] [org.admany.quantified.core.common.gpu.backend.VulkanRuntime/]: [Vulkan][Probe 1] [Subprocess] 	at java.base/java.lang.Class.forName(Class.java:414)
[26Aug2026 04:48:42.674] [Quantified-Vulkan-Probe-Stdout/INFO] [org.admany.quantified.core.common.gpu.backend.VulkanRuntime/]: [Vulkan][Probe 1] [Subprocess] 	at org.admany.quantified.vulkan.probe.VulkanProbeEntrypoint.bootstrapVulkanBinding(VulkanProbeEntrypoint.java:89)
[26Aug2026 04:48:42.674] [Quantified-Vulkan-Probe-Stdout/INFO] [org.admany.quantified.core.common.gpu.backend.VulkanRuntime/]: [Vulkan][Probe 1] [Subprocess] 	at org.admany.quantified.vulkan.probe.VulkanProbeEntrypoint.main(VulkanProbeEntrypoint.java:69)
[26Aug2026 04:48:42.674] [Quantified-Vulkan-Probe-Stdout/INFO] [org.admany.quantified.core.common.gpu.backend.VulkanRuntime/]: [Vulkan][Probe 1] [Subprocess] [probe] [heartbeat] post-VK-init-failed
[26Aug2026 04:48:42.674] [Quantified-Vulkan-Probe-Stdout/INFO] [org.admany.quantified.core.common.gpu.backend.VulkanRuntime/]: [Vulkan][Probe 1] [Subprocess] [probe] [heartbeat] done
[26Aug2026 04:48:42.674] [Quantified-Vulkan-Probe-Stdout/INFO] [org.admany.quantified.core.common.gpu.backend.VulkanRuntime/]: [Vulkan][Probe 1] [Subprocess] {"ok":false,"code":"vk_class_init_failed","maxApiVersion":0,"selectedApiVersion":0,"devices":[],"failure":"UnsatisfiedLinkError: Failed to locate library: libvulkan.so.1"}
[26Aug2026 04:48:42.691] [Quantified-Vulkan-Probe-Scheduler/WARN] [org.admany.quantified.core.common.gpu.backend.VulkanRuntime/]: [Vulkan][Probe 1] UnsatisfiedLinkError: Failed to locate library: libvulkan.so.1
[26Aug2026 04:48:42.710] [Quantified-Vulkan-Probe-Scheduler/INFO] [org.admany.quantified.core.common.gpu.backend.VulkanRuntime/]: [Quantified][GPU Startup][Vulkan] probe=1 inProcessAvailable=false executionCandidate=false mode=ISOLATED inProcessBindings=false embeddedProbeBundle=true devices=none reason=UnsatisfiedLinkError: Failed to locate library: libvulkan.so.1 linux{libvulkan=false,libopencl=false,dri=true,nvidia=false,vkIcdOverride=false,vkDriverOverride=false,openclVendorDir=false}
[26Aug2026 04:48:42.714] [Quantified-Vulkan-Probe-Scheduler/INFO] [org.admany.quantified.core.common.gpu.backend.VulkanProbeScheduler/]: Scheduling Vulkan probe attempt #2 (retry:unavailable) in 60000 ms
[26Aug2026 04:48:43.082] [modloading-worker-0/INFO] [fzzy_config/]: Loaded config simplyswords:gem_powers in 430ms
[26Aug2026 04:48:43.087] [modloading-worker-0/INFO] [fzzy_config/]: Loaded config simplyswords:status_effects in 4ms
[26Aug2026 04:48:43.219] [modloading-worker-0/INFO] [fzzy_config/]: Loaded config simplyswords:weapon_attributes in 128ms
[26Aug2026 04:48:43.828] [modloading-worker-0/INFO] [fzzy_config/]: Loaded config simplyswords:unique_effects in 513ms
[26Aug2026 04:48:43.881] [modloading-worker-0/INFO] [fzzy_config/]: Loaded config simplyswords:compatibility in 31ms
[26Aug2026 04:48:44.003] [modloading-worker-0/INFO] [STDOUT/]: [net.sweenus.simplyswords.SimplySwords:init:178]: /workspaces/newservos/servidor_minecraft/config
[26Aug2026 04:48:44.203] [modloading-sync-worker/INFO] [snownee.kiwi.Kiwi/INIT]: Module [snowrealmagic:core] initialized
[26Aug2026 04:48:44.204] [modloading-sync-worker/INFO] [snownee.kiwi.Kiwi/INIT]: 		block: 11, block_entity_type: 2, loot_pool_entry_type: 1
[26Aug2026 04:48:44.204] [modloading-sync-worker/INFO] [snownee.kiwi.Kiwi/INIT]: Module [kiwi:data] initialized
[26Aug2026 04:48:44.205] [modloading-sync-worker/INFO] [snownee.kiwi.Kiwi/INIT]: 		recipe_serializer: 2, neoforge:condition_codecs: 2
[26Aug2026 04:48:47.041] [Quantified-OpenCL-Probe/INFO] [org.admany.quantified.core.common.opencl.core.OpenCLRuntime/]: [OpenCL][Probe 1] Launching isolated OpenCL probe: /usr/lib/jvm/java-21-openjdk-amd64/bin/java -Xms16m -Xmx256m -Xss16m -Dorg.lwjgl.opencl.explicitInit=true -Dorg.lwjgl.system.stackSize=16384 -Dorg.lwjgl.system.SharedLibraryExtractPath=/workspaces/newservos/servidor_minecraft/config/QuantifiedAPI/cache/tools/openclProbe/natives -Dorg.lwjgl.librarypath=/workspaces/newservos/servidor_minecraft/config/QuantifiedAPI/cache/tools/openclProbe/natives -cp /workspaces/newservos/servidor_minecraft/config/QuantifiedAPI/cache/tools/openclProbe/quantified-opencl-probe.jar:/workspaces/newservos/servidor_minecraft/config/QuantifiedAPI/cache/tools/openclProbe/lib/lwjgl-3.3.3-natives-linux-arm64.jar:/workspaces/newservos/servidor_minecraft/config/QuantifiedAPI/cache/tools/openclProbe/lib/lwjgl-3.3.3-natives-linux.jar:/workspaces/newservos/servidor_minecraft/config/QuantifiedAPI/cache/tools/openclProbe/lib/lwjgl-3.3.3-natives-windows.jar:/workspaces/newservos/servidor_minecraft/config/QuantifiedAPI/cache/tools/openclProbe/lib/lwjgl-3.3.3.jar:/workspaces/newservos/servidor_minecraft/config/QuantifiedAPI/cache/tools/openclProbe/lib/lwjgl-opencl-3.3.3.jar org.admany.quantified.opencl.probe.OpenCLProbeEntrypoint
[26Aug2026 04:48:47.284] [Quantified-OpenCL-Probe-Stdout/INFO] [org.admany.quantified.core.common.opencl.core.OpenCLRuntime/]: [OpenCL][Probe 1] [Subprocess] [LWJGL] Failed to load a library. Possible solutions:
[26Aug2026 04:48:47.284] [Quantified-OpenCL-Probe-Stdout/INFO] [org.admany.quantified.core.common.opencl.core.OpenCLRuntime/]: [OpenCL][Probe 1] [Subprocess] 	a) Install the library or the driver that provides the library.
[26Aug2026 04:48:47.285] [Quantified-OpenCL-Probe-Stdout/INFO] [org.admany.quantified.core.common.opencl.core.OpenCLRuntime/]: [OpenCL][Probe 1] [Subprocess] 	b) Ensure that the library is accessible from the system library paths.
[26Aug2026 04:48:47.285] [Quantified-OpenCL-Probe-Stdout/INFO] [org.admany.quantified.core.common.opencl.core.OpenCLRuntime/]: [OpenCL][Probe 1] [Subprocess] [LWJGL] Enable debug mode with -Dorg.lwjgl.util.Debug=true for better diagnostics.
[26Aug2026 04:48:47.286] [Quantified-OpenCL-Probe-Stdout/INFO] [org.admany.quantified.core.common.opencl.core.OpenCLRuntime/]: [OpenCL][Probe 1] [Subprocess] [LWJGL] Enable the SharedLibraryLoader debug mode with -Dorg.lwjgl.util.DebugLoader=true for better diagnostics.
[26Aug2026 04:48:47.286] [Quantified-OpenCL-Probe-Stdout/INFO] [org.admany.quantified.core.common.opencl.core.OpenCLRuntime/]: [OpenCL][Probe 1] [Subprocess] {"ok":false,"devices":[],"failure":"UnsatisfiedLinkError: Failed to locate library: libOpenCL.so.1"}
[26Aug2026 04:48:48.639] [modloading-sync-worker/WARN] [Moonlight/]: Failed to find child for WoodType: luminous_nether:mushroom - stick. Ignored! ERROR: No value present
[26Aug2026 04:48:48.691] [modloading-sync-worker/INFO] [Moonlight/]: Initialized block sets in 53ms
[26Aug2026 04:48:49.954] [modloading-sync-worker/INFO] [Moonlight/]: Sending changed configs to client
[26Aug2026 04:48:49.993] [modloading-sync-worker/INFO] [Silent's Power Scale/]: Config loading :)
[26Aug2026 04:48:49.999] [modloading-sync-worker/INFO] [Moonlight/]: Sending changed configs to client
[26Aug2026 04:48:50.065] [modloading-sync-worker/INFO] [Moonlight/]: Sending changed configs to client
[26Aug2026 04:48:50.079] [modloading-worker-0/INFO] [voicechat/]: [voicechat] Compatibility version 20
[26Aug2026 04:48:50.083] [modloading-worker-0/INFO] [com.jusipat.astikorcartsredux.AstikorCartsRedux/]: HELLO FROM COMMON SETUP
[26Aug2026 04:48:50.084] [NeoForge Version Check/INFO] [net.neoforged.fml.VersionChecker/]: [easyanvils] Starting version check at https://raw.githubusercontent.com/Fuzss/modresources/main/update/easyanvils.json
[26Aug2026 04:48:50.108] [modloading-worker-0/INFO] [terrablender/]: Registered region minecraft:overworld to index 0 for type OVERWORLD
[26Aug2026 04:48:50.108] [modloading-worker-0/INFO] [terrablender/]: Registered region minecraft:nether to index 0 for type NETHER
[26Aug2026 04:48:50.108] [modloading-worker-0/INFO] [terrablender/]: Registered region vanillabackport:overworld to index 1 for type OVERWORLD
[26Aug2026 04:48:50.164] [modloading-worker-0/INFO] [voicechat/]: [voicechat] Loading plugins
[26Aug2026 04:48:50.178] [modloading-worker-0/INFO] [com.yablon.furnitury.FurnituryMod/]: HELLO FROM COMMON SETUP
[26Aug2026 04:48:50.178] [modloading-worker-0/INFO] [com.yablon.furnitury.FurnituryMod/]: DIRT BLOCK >> minecraft:dirt
[26Aug2026 04:48:50.178] [modloading-worker-0/INFO] [com.yablon.furnitury.FurnituryMod/]: The magic number is... 42
[26Aug2026 04:48:50.179] [modloading-worker-0/INFO] [com.yablon.furnitury.FurnituryMod/]: ITEM >> minecraft:iron_ingot
[26Aug2026 04:48:50.193] [modloading-worker-0/INFO] [voicechat/]: [voicechat] Loaded 0 plugin(s)
[26Aug2026 04:48:50.195] [modloading-worker-0/INFO] [voicechat/]: [voicechat] Initializing plugins
[26Aug2026 04:48:50.195] [modloading-worker-0/INFO] [voicechat/]: [voicechat] Initialized 0 plugin(s)
[26Aug2026 04:48:50.201] [NeoForge Version Check/INFO] [net.neoforged.fml.VersionChecker/]: [easyanvils] Found status: UP_TO_DATE Current: 21.1.0 Target: null
[26Aug2026 04:48:50.201] [NeoForge Version Check/INFO] [net.neoforged.fml.VersionChecker/]: [krypton_fnp] Starting version check at https://mvnc.pkg.one/update/mod/krypton_fnp/forge_update.json
[26Aug2026 04:48:50.201] [modloading-worker-0/INFO] [com.chunksending.ChunkSending/]: chunksending mod initialized
[26Aug2026 04:48:50.209] [modloading-worker-0/INFO] [com.connectivity.Connectivity/]: Connectivity initialized
[26Aug2026 04:48:50.215] [modloading-worker-0/INFO] [com.cupboard.Cupboard/]: Loaded config for: leaky.json
[26Aug2026 04:48:50.216] [modloading-worker-0/INFO] [com.leaky.Leaky/]: leaky mod initialized
[26Aug2026 04:48:50.223] [modloading-worker-0/INFO] [com.limitedchunks.LimitedChunks/]: Limited chunkloading initialized
[26Aug2026 04:48:50.263] [modloading-worker-0/INFO] [fzzy_config/]: Loaded config simplyswords:loot in 11ms
[26Aug2026 04:48:50.289] [modloading-sync-worker/INFO] [ribbits/]: Registering Ribbit umbrella types...
[26Aug2026 04:48:50.289] [modloading-sync-worker/INFO] [ribbits/]: Registering Ribbit professions...
[26Aug2026 04:48:50.290] [modloading-sync-worker/INFO] [ribbits/]: Registering Ribbit instruments...
[26Aug2026 04:48:50.300] [modloading-sync-worker/INFO] [Supplementaries/]: Finished mod setup in: [0, 1, 5, 0, 0, 0] ms
[26Aug2026 04:48:50.317] [NeoForge Version Check/INFO] [net.neoforged.fml.VersionChecker/]: [krypton_fnp] Found status: OUTDATED Current: 0.2.28.1-1.21.1 Target: 26.2.1-1.21.1
[26Aug2026 04:48:50.317] [NeoForge Version Check/INFO] [net.neoforged.fml.VersionChecker/]: [prickle] Starting version check at https://updates.blamejared.com/get?n=prickle&gv=1.21.1&ml=neoforge
[26Aug2026 04:48:50.332] [modloading-sync-worker/INFO] [com.tiviacz.travelersbackpack.TravelersBackpack/]: Registered the FluidEffect with Unique ID of minecraft:water for Water (Fluid Amount Required: 1000) with the ID 0
[26Aug2026 04:48:50.333] [modloading-sync-worker/INFO] [com.tiviacz.travelersbackpack.TravelersBackpack/]: Registered the FluidEffect with Unique ID of minecraft:lava for Lava (Fluid Amount Required: 1000) with the ID 1
[26Aug2026 04:48:50.333] [modloading-sync-worker/INFO] [com.tiviacz.travelersbackpack.TravelersBackpack/]: Registered the FluidEffect with Unique ID of travelersbackpack:potion for item.minecraft.potion.effect.empty.effect.empty (Fluid Amount Required: 250) with the ID 2
[26Aug2026 04:48:50.333] [modloading-sync-worker/INFO] [com.tiviacz.travelersbackpack.TravelersBackpack/]: Registered the FluidEffect with Unique ID of minecraft:milk for Milk (Fluid Amount Required: 1000) with the ID 3
[26Aug2026 04:48:50.337] [modloading-sync-worker/INFO] [com.finderfeed.fdlib.FDLib/]: Loading FD animations...
[26Aug2026 04:48:50.338] [modloading-sync-worker/INFO] [com.finderfeed.fdlib.FDLib/]: Loading animation: raidsenhanced:electromancer_walk_no_hands
[26Aug2026 04:48:50.356] [modloading-sync-worker/INFO] [com.finderfeed.fdlib.FDLib/]: Loading animation: raidsenhanced:electromancer_attack_1
[26Aug2026 04:48:50.361] [modloading-sync-worker/INFO] [com.finderfeed.fdlib.FDLib/]: Loading animation: raidsenhanced:raid_airship_death
[26Aug2026 04:48:50.371] [modloading-sync-worker/INFO] [com.finderfeed.fdlib.FDLib/]: Loading animation: raidsenhanced:player_blimp_dangle_lights
[26Aug2026 04:48:50.371] [modloading-sync-worker/INFO] [com.finderfeed.fdlib.FDLib/]: Loading animation: raidsenhanced:illager_golem_walk_no_hands
[26Aug2026 04:48:50.376] [modloading-sync-worker/INFO] [com.finderfeed.fdlib.FDLib/]: Loading animation: raidsenhanced:raid_airship_illager_observe
[26Aug2026 04:48:50.377] [modloading-sync-worker/INFO] [com.finderfeed.fdlib.FDLib/]: Loading animation: raidsenhanced:electromancer_lightnings_cast
[26Aug2026 04:48:50.380] [modloading-sync-worker/INFO] [com.finderfeed.fdlib.FDLib/]: Loading animation: raidsenhanced:raider_drill_unburrow
[26Aug2026 04:48:50.382] [modloading-sync-worker/INFO] [com.finderfeed.fdlib.FDLib/]: Loading animation: raidsenhanced:raider_drill_burrow
[26Aug2026 04:48:50.383] [modloading-sync-worker/INFO] [com.finderfeed.fdlib.FDLib/]: Loading animation: raidsenhanced:electromancer_idle
[26Aug2026 04:48:50.384] [modloading-sync-worker/INFO] [com.finderfeed.fdlib.FDLib/]: Loading animation: raidsenhanced:raid_airship_fly
[26Aug2026 04:48:50.385] [modloading-sync-worker/INFO] [com.finderfeed.fdlib.FDLib/]: Loading animation: raidsenhanced:illager_golem_strike_2
[26Aug2026 04:48:50.386] [modloading-sync-worker/INFO] [com.finderfeed.fdlib.FDLib/]: Loading animation: raidsenhanced:player_blimp_air_idle
[26Aug2026 04:48:50.386] [modloading-sync-worker/INFO] [com.finderfeed.fdlib.FDLib/]: Loading animation: raidsenhanced:electromancer_walk
[26Aug2026 04:48:50.390] [modloading-sync-worker/INFO] [com.finderfeed.fdlib.FDLib/]: Loading animation: raidsenhanced:illager_golem_whirlwind
[26Aug2026 04:48:50.395] [modloading-sync-worker/INFO] [com.finderfeed.fdlib.FDLib/]: Loading animation: raidsenhanced:electromancer_ray_charge
[26Aug2026 04:48:50.396] [modloading-sync-worker/INFO] [com.finderfeed.fdlib.FDLib/]: Loading animation: raidsenhanced:player_blimp_perpeller
[26Aug2026 04:48:50.397] [modloading-sync-worker/INFO] [com.finderfeed.fdlib.FDLib/]: Loading animation: raidsenhanced:player_blimp_turn_left
[26Aug2026 04:48:50.397] [modloading-sync-worker/INFO] [com.finderfeed.fdlib.FDLib/]: Loading animation: raidsenhanced:raider_drill_idle
[26Aug2026 04:48:50.399] [modloading-sync-worker/INFO] [com.finderfeed.fdlib.FDLib/]: Loading animation: raidsenhanced:illager_golem_death
[26Aug2026 04:48:50.400] [modloading-sync-worker/INFO] [com.finderfeed.fdlib.FDLib/]: Loading animation: raidsenhanced:electromancer_charge_stick
[26Aug2026 04:48:50.406] [modloading-sync-worker/INFO] [com.finderfeed.fdlib.FDLib/]: Loading animation: raidsenhanced:player_blimp_turn_right
[26Aug2026 04:48:50.409] [modloading-sync-worker/INFO] [com.finderfeed.fdlib.FDLib/]: Loading animation: raidsenhanced:electromancer_attack_2
[26Aug2026 04:48:50.411] [modloading-sync-worker/INFO] [com.finderfeed.fdlib.FDLib/]: Loading animation: raidsenhanced:illager_golem_idle
[26Aug2026 04:48:50.415] [modloading-sync-worker/INFO] [com.finderfeed.fdlib.FDLib/]: Loading animation: raidsenhanced:illager_golem_walk
[26Aug2026 04:48:50.418] [modloading-sync-worker/INFO] [com.finderfeed.fdlib.FDLib/]: Loading animation: raidsenhanced:raid_airship_throw_bomb
[26Aug2026 04:48:50.421] [modloading-sync-worker/INFO] [com.finderfeed.fdlib.FDLib/]: Loading animation: fdlib:testanim
[26Aug2026 04:48:50.422] [modloading-sync-worker/INFO] [com.finderfeed.fdlib.FDLib/]: Loading animation: raidsenhanced:electromancer_ray_cast
[26Aug2026 04:48:50.423] [modloading-sync-worker/INFO] [com.finderfeed.fdlib.FDLib/]: Loading animation: raidsenhanced:electromancer_ray_cast_stop
[26Aug2026 04:48:50.426] [modloading-sync-worker/INFO] [com.finderfeed.fdlib.FDLib/]: Loading animation: raidsenhanced:raid_airship_idle
[26Aug2026 04:48:50.429] [modloading-sync-worker/INFO] [com.finderfeed.fdlib.FDLib/]: Loading animation: raidsenhanced:illager_golem_strike_1
[26Aug2026 04:48:50.433] [modloading-sync-worker/INFO] [com.finderfeed.fdlib.FDLib/]: Loading animation: raidsenhanced:illager_golem_bombs
[26Aug2026 04:48:50.439] [modloading-sync-worker/INFO] [com.finderfeed.fdlib.FDLib/]: Loading animation: raidsenhanced:illager_golem_heavy_strike
[26Aug2026 04:48:50.443] [modloading-sync-worker/INFO] [com.finderfeed.fdlib.FDLib/]: FD Animations loaded!
[26Aug2026 04:48:50.445] [modloading-sync-worker/INFO] [com.finderfeed.fdlib.FDLib/]: Loading FD models...
[26Aug2026 04:48:50.446] [modloading-sync-worker/INFO] [com.finderfeed.fdlib.FDLib/]: Loading model: raidsenhanced:raid_airship_part_2
[26Aug2026 04:48:50.459] [modloading-sync-worker/INFO] [com.finderfeed.fdlib.FDLib/]: Loading model: raidsenhanced:player_blimp
[26Aug2026 04:48:50.462] [modloading-sync-worker/INFO] [com.finderfeed.fdlib.FDLib/]: Loading model: raidsenhanced:golem_of_last_resort
[26Aug2026 04:48:50.473] [modloading-sync-worker/INFO] [com.finderfeed.fdlib.FDLib/]: Loading model: fdlib:test
[26Aug2026 04:48:50.474] [modloading-sync-worker/INFO] [com.finderfeed.fdlib.FDLib/]: Loading model: fdlib:test
[26Aug2026 04:48:50.475] [modloading-sync-worker/INFO] [com.finderfeed.fdlib.FDLib/]: Loading model: raidsenhanced:raid_airship
[26Aug2026 04:48:50.485] [modloading-sync-worker/INFO] [com.finderfeed.fdlib.FDLib/]: Loading model: raidsenhanced:electromancer
[26Aug2026 04:48:50.487] [modloading-sync-worker/INFO] [com.finderfeed.fdlib.FDLib/]: Loading model: raidsenhanced:raid_airship_bomb
[26Aug2026 04:48:50.488] [modloading-sync-worker/INFO] [com.finderfeed.fdlib.FDLib/]: Loading model: raidsenhanced:raid_blimp_cannon_projectile
[26Aug2026 04:48:50.488] [modloading-sync-worker/INFO] [com.finderfeed.fdlib.FDLib/]: Loading model: raidsenhanced:raider_drill
[26Aug2026 04:48:50.489] [modloading-sync-worker/INFO] [com.finderfeed.fdlib.FDLib/]: Loading model: raidsenhanced:raid_airship_part_1
[26Aug2026 04:48:50.489] [modloading-sync-worker/INFO] [com.finderfeed.fdlib.FDLib/]: FD Models loaded!
[26Aug2026 04:48:50.512] [modloading-sync-worker/INFO] [net.potionstudios.biomeswevegone.BiomesWeveGone/]: Creating and Registering BWG Biome Modifiers for Vanilla Biomes
[26Aug2026 04:48:50.512] [modloading-sync-worker/INFO] [net.potionstudios.biomeswevegone.BiomesWeveGone/]: Will add Flower Patch, Clover Patch, White Anemone, Pink Anemone, Orange Daisy, Horseweed and rose to 
[26Aug2026 04:48:50.513] [modloading-sync-worker/INFO] [net.potionstudios.biomeswevegone.BiomesWeveGone/]: Will add Flower Patch, Clover Patch, White Anemone, Pink Anemone, Orange Daisy, Horseweed and rose to 
[26Aug2026 04:48:50.513] [modloading-sync-worker/INFO] [net.potionstudios.biomeswevegone.BiomesWeveGone/]: Will add Palm Trees to 
[26Aug2026 04:48:50.513] [modloading-sync-worker/INFO] [net.potionstudios.biomeswevegone.BiomesWeveGone/]: Will add Green/Cyan/Magenta/Purple/Yellow Tulips, Rose, Orange Daisy, Flower and Clover Patches to 
[26Aug2026 04:48:50.513] [modloading-sync-worker/INFO] [net.potionstudios.biomeswevegone.BiomesWeveGone/]: Will add Flower Patch, Clover Patch, Blue Rose Bush and Blue Berry Bushes to 
[26Aug2026 04:48:50.514] [modloading-sync-worker/INFO] [net.potionstudios.biomeswevegone.BiomesWeveGone/]: Creating and Registering BWG Biome Modifiers for Vanilla Biomes
[26Aug2026 04:48:50.514] [modloading-sync-worker/INFO] [net.potionstudios.biomeswevegone.BiomesWeveGone/]: Will add Flower Patch, Clover Patch, White Anemone, Pink Anemone, Orange Daisy, Horseweed and rose to 
[26Aug2026 04:48:50.515] [modloading-sync-worker/INFO] [net.potionstudios.biomeswevegone.BiomesWeveGone/]: Will add Flower Patch, Clover Patch, White Anemone, Pink Anemone, Orange Daisy, Horseweed and rose to 
[26Aug2026 04:48:50.515] [modloading-sync-worker/INFO] [net.potionstudios.biomeswevegone.BiomesWeveGone/]: Will add Palm Trees to 
[26Aug2026 04:48:50.515] [modloading-sync-worker/INFO] [net.potionstudios.biomeswevegone.BiomesWeveGone/]: Will add Flower Patch, Clover Patch, White Anemone, Pink Anemone, Orange Daisy, Horseweed and rose to 
[26Aug2026 04:48:50.515] [modloading-sync-worker/INFO] [net.potionstudios.biomeswevegone.BiomesWeveGone/]: Will add Flower Patch, Clover Patch, White Anemone, Pink Anemone, Orange Daisy, Horseweed and rose to 
[26Aug2026 04:48:50.515] [modloading-sync-worker/INFO] [net.potionstudios.biomeswevegone.BiomesWeveGone/]: Will add Palm Trees to 
[26Aug2026 04:48:50.515] [modloading-sync-worker/INFO] [net.potionstudios.biomeswevegone.BiomesWeveGone/]: Will add Green/Cyan/Magenta/Purple/Yellow Tulips, Rose, Orange Daisy, Flower and Clover Patches to 
[26Aug2026 04:48:50.515] [modloading-sync-worker/INFO] [net.potionstudios.biomeswevegone.BiomesWeveGone/]: Will add Flower Patch, Clover Patch, Blue Rose Bush and Blue Berry Bushes to 
[26Aug2026 04:48:50.515] [modloading-sync-worker/INFO] [net.potionstudios.biomeswevegone.BiomesWeveGone/]: Will add Flower Patch, Clover Patch, Blue Rose Bush and Blue Berry Bushes to 
[26Aug2026 04:48:50.515] [modloading-sync-worker/INFO] [net.potionstudios.biomeswevegone.BiomesWeveGone/]: Will add Green/Cyan/Magenta/Purple/Yellow Tulips, Rose, Orange Daisy, Flower and Clover Patches to 
[26Aug2026 04:48:50.532] [modloading-sync-worker/INFO] [terrablender/]: Registered region biomeswevegone:region_0 to index 2 for type OVERWORLD
[26Aug2026 04:48:50.532] [modloading-sync-worker/INFO] [terrablender/]: Registered region biomeswevegone:region_1 to index 3 for type OVERWORLD
[26Aug2026 04:48:50.532] [modloading-sync-worker/INFO] [terrablender/]: Registered region biomeswevegone:region_2 to index 4 for type OVERWORLD
[26Aug2026 04:48:50.564] [modloading-sync-worker/INFO] [terrablender/]: Registered region spelunkers_charm:spelunkers_charm to index 5 for type OVERWORLD
[26Aug2026 04:48:50.675] [NeoForge Version Check/INFO] [net.neoforged.fml.VersionChecker/]: [prickle] Found status: BETA Current: 21.1.11 Target: 21.1.11
[26Aug2026 04:48:50.675] [NeoForge Version Check/INFO] [net.neoforged.fml.VersionChecker/]: [mr_ati_structuresfabricforge] Starting version check at https://api.modrinth.com/updates/bii8qPSt/forge_updates.json?neoforge=only
[26Aug2026 04:48:50.684] [modloading-sync-worker/INFO] [Moonlight/]: Initialized color sets in 81ms
[26Aug2026 04:48:50.790] [NeoForge Version Check/INFO] [net.neoforged.fml.VersionChecker/]: [mr_ati_structuresfabricforge] Found status: OUTDATED Current: 1.4.5 Target: 1.4.6
[26Aug2026 04:48:50.790] [NeoForge Version Check/INFO] [net.neoforged.fml.VersionChecker/]: [mr_dungeons_andtaverns] Starting version check at https://api.modrinth.com/updates/tpehi7ww/forge_updates.json?neoforge=only
[26Aug2026 04:48:50.839] [modloading-sync-worker/WARN] [mixin/]: Static binding violation: PRIVATE @Overwrite method readChunk in c2me-rewrites-chunk-system.mixins.json:async_serialization.MixinThreadedAnvilChunkStorage from mod c2me_rewrites_chunk_system cannot reduce visibiliy of PUBLIC target method, visibility will be upgraded.
[26Aug2026 04:48:50.860] [NeoForge Version Check/INFO] [net.neoforged.fml.VersionChecker/]: [mr_dungeons_andtaverns] Found status: AHEAD Current: 1-v4.4.4 Target: null
[26Aug2026 04:48:50.860] [NeoForge Version Check/INFO] [net.neoforged.fml.VersionChecker/]: [tombstone] Starting version check at https://raw.githubusercontent.com/Corail31/tombstone_lite/master/neoforge-update.json
[26Aug2026 04:48:50.873] [NeoForge Version Check/INFO] [net.neoforged.fml.VersionChecker/]: [tombstone] Found status: UP_TO_DATE Current: 9.5.5 Target: null
[26Aug2026 04:48:50.873] [NeoForge Version Check/INFO] [net.neoforged.fml.VersionChecker/]: [mr_qraftyfied] Starting version check at https://api.modrinth.com/updates/ibnDR6oc/forge_updates.json?neoforge=only
[26Aug2026 04:48:50.875] [modloading-sync-worker/WARN] [mixin/]: @Redirect conflict. Skipping smoothchunk.mixins.json:ChunkMapSlowUnload from mod smoothchunk->@Redirect::getSize(Ljava/util/Queue;)I with priority 1000, already redirected by c2me-opts-scheduling.mixins.json:general_overheads.MixinThreadedAnvilChunkStorage from mod c2me_opts_scheduling->@Redirect::redirectUnloadSize(Ljava/util/Queue;)I with priority 1100
[26Aug2026 04:48:50.896] [NeoForge Version Check/INFO] [net.neoforged.fml.VersionChecker/]: [mr_qraftyfied] Found status: OUTDATED Current: 9.1.1 Target: 9.1.1+mod
[26Aug2026 04:48:50.897] [NeoForge Version Check/INFO] [net.neoforged.fml.VersionChecker/]: [emotecraft] Starting version check at https://api.modrinth.com/updates/emotecraft/forge_updates.json?neoforge=include
[26Aug2026 04:48:50.973] [NeoForge Version Check/INFO] [net.neoforged.fml.VersionChecker/]: [emotecraft] Found status: OUTDATED Current: 2.4.12 Target: 2.4.12+1.21.1-forge
[26Aug2026 04:48:50.973] [NeoForge Version Check/INFO] [net.neoforged.fml.VersionChecker/]: [voicechat] Starting version check at https://update.maxhenkel.de/neoforge/voicechat
[26Aug2026 04:48:51.035] [modloading-sync-worker/INFO] [com.cupboard.Cupboard/]: Loaded config for: connectivity.json
[26Aug2026 04:48:51.213] [modloading-sync-worker/INFO] [cc.sighs.oelib.network.api.NetworkAutoRegistration/]: [NetworkAutoReg] Scanning 4 package(s) for packets...
[26Aug2026 04:48:51.226] [modloading-sync-worker/INFO] [cc.sighs.oelib.network.api.NetworkAutoRegistration/]: [NetworkAutoReg] Scan packages: [cc.sighs.oelib.network.chunk, cc.sighs.oelib.config.net, cc.sighs.oelib.dev.example.net, cc.sighs.oelib.data.net] | found: 6 | added: 6 | skipped: 0
[26Aug2026 04:48:51.279] [modloading-sync-worker/INFO] [CorgiLib/]: Initializing network...
[26Aug2026 04:48:51.282] [modloading-sync-worker/INFO] [CorgiLib/]: Initialized network!
[26Aug2026 04:48:51.493] [NeoForge Version Check/INFO] [net.neoforged.fml.VersionChecker/]: [voicechat] Found status: UP_TO_DATE Current: 1.21.1-2.6.22 Target: null
[26Aug2026 04:48:51.493] [NeoForge Version Check/INFO] [net.neoforged.fml.VersionChecker/]: [ksyxis] Starting version check at https://raw.githubusercontent.com/VidTu/Ksyxis/main/updater_ksyxis_neoforge.json
[26Aug2026 04:48:51.530] [main/INFO] [com.mojang.authlib.yggdrasil.YggdrasilAuthenticationService/]: Environment: Environment[sessionHost=https://sessionserver.mojang.com, servicesHost=https://api.minecraftservices.com, name=PROD]
[26Aug2026 04:48:51.534] [NeoForge Version Check/INFO] [net.neoforged.fml.VersionChecker/]: [ksyxis] Found status: UP_TO_DATE Current: 1.4.3 Target: null
[26Aug2026 04:48:51.534] [NeoForge Version Check/INFO] [net.neoforged.fml.VersionChecker/]: [securitycraft] Starting version check at https://www.github.com/Geforce132/SecurityCraft/raw/master/Updates/Forge.json
[26Aug2026 04:48:51.644] [NeoForge Version Check/INFO] [net.neoforged.fml.VersionChecker/]: [securitycraft] Found status: UP_TO_DATE Current: 1.10.2.1 Target: null
[26Aug2026 04:48:51.645] [NeoForge Version Check/INFO] [net.neoforged.fml.VersionChecker/]: [puzzleslib] Starting version check at https://raw.githubusercontent.com/Fuzss/modresources/main/update/puzzleslib.json
[26Aug2026 04:48:51.653] [NeoForge Version Check/INFO] [net.neoforged.fml.VersionChecker/]: [puzzleslib] Found status: UP_TO_DATE Current: 21.1.52 Target: null
[26Aug2026 04:48:51.653] [NeoForge Version Check/INFO] [net.neoforged.fml.VersionChecker/]: [aether] Starting version check at https://github.com/The-Aether-Team/The-Aether/raw/1.21.1-develop/update.json
[26Aug2026 04:48:51.674] [main/INFO] [Ksyxis/MOD_KSYXIS]: Ksyxis: Enabled compatibility hack with ModernFix. (removeSpawnChunks: false)
[26Aug2026 04:48:51.675] [NeoForge Version Check/INFO] [net.neoforged.fml.VersionChecker/]: [aether] Found status: UP_TO_DATE Current: 1.5.10 Target: null
[26Aug2026 04:48:51.676] [NeoForge Version Check/INFO] [net.neoforged.fml.VersionChecker/]: [piglinproliferation] Starting version check at https://api.modrinth.com/updates/piglin-proliferation/forge_updates.json
[26Aug2026 04:48:51.700] [NeoForge Version Check/INFO] [net.neoforged.fml.VersionChecker/]: [piglinproliferation] Found status: BETA Current: 2.0.15 Target: null
[26Aug2026 04:48:51.701] [NeoForge Version Check/INFO] [net.neoforged.fml.VersionChecker/]: [fastitemframes] Starting version check at https://raw.githubusercontent.com/Fuzss/modresources/main/update/fastitemframes.json
[26Aug2026 04:48:51.714] [NeoForge Version Check/INFO] [net.neoforged.fml.VersionChecker/]: [fastitemframes] Found status: UP_TO_DATE Current: 21.1.6 Target: null
[26Aug2026 04:48:51.714] [NeoForge Version Check/INFO] [net.neoforged.fml.VersionChecker/]: [bookshelf] Starting version check at https://updates.blamejared.com/get?n=bookshelf&gv=1.21.1&ml=neoforge
[26Aug2026 04:48:51.722] [main/INFO] [net.minecraft.server.MinecraftServer/]: Found new data pack builtin/aether_accessories, loading it automatically
[26Aug2026 04:48:51.762] [main/INFO] [com.teamabnormals.blueprint.core.Blueprint/]: Successfully loaded 0 data remolders!
[26Aug2026 04:48:51.768] [main/INFO] [Moonlight/]: Resource cache state for SERVER_DATA: up to date
[26Aug2026 04:48:51.815] [NeoForge Version Check/INFO] [net.neoforged.fml.VersionChecker/]: [bookshelf] Found status: BETA Current: 21.1.81 Target: 21.1.81
[26Aug2026 04:48:51.815] [NeoForge Version Check/INFO] [net.neoforged.fml.VersionChecker/]: [additionalstructures] Starting version check at https://raw.githubusercontent.com/XxRexRaptorxX/Update-Checker/main/AdditionalStructures_NEO.json
[26Aug2026 04:48:51.845] [main/INFO] [Moonlight/]: Populated search tree for pack at /workspaces/newservos/servidor_minecraft/dynamic-data-pack-cache/sawmill-sawmill_recipes in 73.53 ms
[26Aug2026 04:48:51.847] [main/INFO] [Moonlight/]: Populated search tree for pack at /workspaces/newservos/servidor_minecraft/dynamic-data-pack-cache/supplementaries-generated_pack in 2.494 ms
[26Aug2026 04:48:51.848] [main/INFO] [Moonlight/]: Starting runtime resource generation for pack type SERVER_DATA with generators [sawmill:sawmill_recipes, supplementaries:generated_pack]
[26Aug2026 04:48:51.855] [NeoForge Version Check/INFO] [net.neoforged.fml.VersionChecker/]: [additionalstructures] Found status: UP_TO_DATE Current: 6.3.2 Target: null
[26Aug2026 04:48:51.855] [NeoForge Version Check/INFO] [net.neoforged.fml.VersionChecker/]: [twilightforest] Starting version check at https://gh.tamaized.com/TeamTwilight/twilightforest/update.json?m=1.21.1&l=NeoForge&v=21.1.248
[26Aug2026 04:48:51.862] [main/INFO] [Moonlight/]: Skipping regeneration for Dynamic SERVER_DATA Resources Provider [sawmill:sawmill_recipes] (cache up-to-date)
[26Aug2026 04:48:51.862] [main/INFO] [Moonlight/]: Skipping regeneration for Dynamic SERVER_DATA Resources Provider [supplementaries:generated_pack] (cache up-to-date)
[26Aug2026 04:48:51.862] [main/INFO] [Moonlight/]: Finished runtime resources generation for 2 packs in a total of 14.46 ms 
[26Aug2026 04:48:51.949] [NeoForge Version Check/INFO] [net.neoforged.fml.VersionChecker/]: [twilightforest] Found status: BETA Current: 4.8.3345 Target: null
[26Aug2026 04:48:51.950] [NeoForge Version Check/INFO] [net.neoforged.fml.VersionChecker/]: [mr_serversleep] Starting version check at https://api.modrinth.com/updates/Cw8IlnGM/forge_updates.json?neoforge=only
[26Aug2026 04:48:51.974] [NeoForge Version Check/INFO] [net.neoforged.fml.VersionChecker/]: [mr_serversleep] Found status: OUTDATED Current: 1-datapack2 Target: 2+mod
[26Aug2026 04:48:51.977] [NeoForge Version Check/INFO] [net.neoforged.fml.VersionChecker/]: [easymagic] Starting version check at https://raw.githubusercontent.com/Fuzss/modresources/main/update/easymagic.json
[26Aug2026 04:48:51.993] [NeoForge Version Check/INFO] [net.neoforged.fml.VersionChecker/]: [easymagic] Found status: UP_TO_DATE Current: 21.1.4 Target: null
[26Aug2026 04:48:51.995] [NeoForge Version Check/INFO] [net.neoforged.fml.VersionChecker/]: [mr_no_collision] Starting version check at https://api.modrinth.com/updates/XIGtm28Z/forge_updates.json?neoforge=only
[26Aug2026 04:48:52.054] [NeoForge Version Check/INFO] [net.neoforged.fml.VersionChecker/]: [mr_no_collision] Found status: OUTDATED Current: 0.1 Target: 0.1+mod
[26Aug2026 04:48:52.054] [NeoForge Version Check/INFO] [net.neoforged.fml.VersionChecker/]: [mighty_mail] Starting version check at https://mrcrayfish.com/modupdatejson?id=mighty_mail
[26Aug2026 04:48:54.019] [main/WARN] [mixin/]: @Redirect conflict. Skipping recipeessentials.mixins.json:RecipeManagerMixin from mod recipeessentials->@Redirect::logErrorOnce(Lorg/slf4j/Logger;Ljava/lang/String;Ljava/lang/Object;Ljava/lang/Object;)V with priority 200, already redirected by modernfix-modernfix.mixins.json:perf.datapack_reload_exceptions.RecipeManagerMixin from mod modernfix->@Redirect::silenceException(Lorg/slf4j/Logger;Ljava/lang/String;Ljava/lang/Object;Ljava/lang/Object;)V with priority 2000
[26Aug2026 04:48:54.709] [Worker-Main-3/ERROR] [net.minecraft.world.level.storage.loot.LootDataType/]: Couldn't parse element ResourceKey[minecraft:root / minecraft:loot_table]:unusualfishmod:entities/crimsonshell - Failed to parse either. First: Unknown registry key in ResourceKey[minecraft:root / minecraft:loot_function_type]: minecraft:looting_enchant; Second: Not a json array: {"function":"minecraft:looting_enchant","count":{"min":0,"max":2}}
[26Aug2026 04:48:54.740] [Worker-Main-3/ERROR] [net.minecraft.world.level.storage.loot.LootDataType/]: Couldn't parse element ResourceKey[minecraft:root / minecraft:loot_table]:unusualfishmod:entities/blizzardfin - Failed to parse either. First: Unknown registry key in ResourceKey[minecraft:root / minecraft:loot_function_type]: minecraft:looting_enchant; Second: Not a json array: {"function":"minecraft:looting_enchant","count":{"min":1,"max":2}}
[26Aug2026 04:48:54.992] [Worker-Main-3/ERROR] [net.minecraft.world.level.storage.loot.LootDataType/]: Couldn't parse element ResourceKey[minecraft:root / minecraft:loot_table]:unusualfishmod:entities/shockcat - Failed to parse either. First: Unknown registry key in ResourceKey[minecraft:root / minecraft:loot_function_type]: minecraft:looting_enchant; Second: Not a json array: {"function":"minecraft:looting_enchant","count":{"min":0,"max":1}}; Failed to parse either. First: Unknown registry key in ResourceKey[minecraft:root / minecraft:loot_function_type]: minecraft:looting_enchant; Second: Not a json array: {"function":"minecraft:looting_enchant","count":{"min":1,"max":2}}
[26Aug2026 04:48:55.019] [Worker-Main-3/ERROR] [net.minecraft.world.level.storage.loot.LootDataType/]: Couldn't parse element ResourceKey[minecraft:root / minecraft:loot_table]:unusualfishmod:entities/trumpet_squid - Failed to parse either. First: Unknown registry key in ResourceKey[minecraft:root / minecraft:loot_function_type]: minecraft:looting_enchant; Second: Not a json array: {"function":"minecraft:looting_enchant","count":{"min":0,"max":2}}
[26Aug2026 04:48:55.323] [Worker-Main-3/ERROR] [net.minecraft.world.level.storage.loot.LootDataType/]: Couldn't parse element ResourceKey[minecraft:root / minecraft:loot_table]:unusualfishmod:entities/porcupine_lobsta - Failed to parse either. First: Unknown registry key in ResourceKey[minecraft:root / minecraft:loot_function_type]: minecraft:looting_enchant; Second: Not a json array: {"function":"minecraft:looting_enchant","count":{"min":0,"max":1}}
[26Aug2026 04:48:55.657] [Worker-Main-3/ERROR] [net.minecraft.world.level.storage.loot.LootDataType/]: Couldn't parse element ResourceKey[minecraft:root / minecraft:loot_table]:unusualfishmod:entities/prawn - Failed to parse either. First: Unknown registry key in ResourceKey[minecraft:root / minecraft:loot_function_type]: minecraft:looting_enchant; Second: Not a json array: {"function":"minecraft:looting_enchant","count":1,"conditions":[{"condition":"minecraft:random_chance","chance":0.5}]}
[26Aug2026 04:48:55.988] [Worker-Main-3/WARN] [net.minecraft.server.ReloadableServerRegistries/]: Found loot table element validation problem in {minecraft:loot_table:alexscaves:blocks/amber}.pools[1].condition[1]: Parameters [<parameter minecraft:attacking_entity>] are not provided in this context
[26Aug2026 04:48:55.988] [Worker-Main-3/WARN] [net.minecraft.server.ReloadableServerRegistries/]: Found loot table element validation problem in {minecraft:loot_table:alexsmobs:gameplay/seal_reward}.pools[0].entries[0]->{minecraft:gameplay/fishing/junk}.pools[1].condition[1]: Parameters [<parameter minecraft:origin>] are not provided in this context
[26Aug2026 04:48:55.988] [Worker-Main-3/WARN] [net.minecraft.server.ReloadableServerRegistries/]: Found loot table element validation problem in {minecraft:loot_table:alexsmobs:gameplay/seal_reward}.pools[0].entries[0]->{minecraft:gameplay/fishing/junk}.pools[0].entries[12].condition[0]: Parameters [<parameter minecraft:origin>] are not provided in this context
[26Aug2026 04:48:56.522] [Worker-Main-3/INFO] [org.admany.quantified.core.neoforge.commands.QuantifiedNeoForgeCommand/]: Quantified command tree registered for NeoForge omni bootstrap
[26Aug2026 04:48:56.568] [Worker-Main-3/INFO] [com.github.alexthe666.alexsmobs.AlexsMobs/]: Adding datapack listener capsid_recipes
[26Aug2026 04:48:57.783] [Worker-Main-3/WARN] [net.neoforged.neoforge.registries.DataMapLoader/]: Found data map file for non-existent data map type 'minersdelight:cup_variant' on registry 'minecraft:item'.
[26Aug2026 04:48:58.413] [Worker-Main-3/INFO] [Faewulf's Lib/]: [Faewulf's Lib] Reloaded piggyback config file.
[26Aug2026 04:48:58.414] [Worker-Main-3/INFO] [Faewulf's Lib/]: [Faewulf's Lib] Total config reloaded: 1
[26Aug2026 04:48:59.096] [main/ERROR] [net.minecraft.world.item.crafting.RecipeManager/]: Parsing error loading recipe netherexp:warphopper_fur_paper: com.google.gson.JsonParseException: Map entry '#' : Failed to parse either. First: Not a json array: {"item":"netherexp:warphopper_fur"}; Second: No key tag in MapLike[{"item":"netherexp:warphopper_fur"}]; Unknown registry key in ResourceKey[minecraft:root / minecraft:item]: netherexp:warphopper_fur
[26Aug2026 04:48:59.105] [main/ERROR] [net.minecraft.world.item.crafting.RecipeManager/]: Parsing error loading recipe piglinproliferation:end_stone_fire_ring: com.google.gson.JsonParseException: Input does not contain a key [type]: MapLike[{}]
[26Aug2026 04:48:59.129] [main/ERROR] [net.minecraft.world.item.crafting.RecipeManager/]: Parsing error loading recipe netherexp:cooking/iron_nugget_from_iron_scrap_blasting: com.google.gson.JsonParseException: Failed to parse either. First: Not a json array: {"item":"netherexp:iron_scrap"}; Second: No key tag in MapLike[{"item":"netherexp:iron_scrap"}]; Unknown registry key in ResourceKey[minecraft:root / minecraft:item]: netherexp:iron_scrap
[26Aug2026 04:48:59.137] [main/ERROR] [net.minecraft.world.item.crafting.RecipeManager/]: Parsing error loading recipe piglinproliferation:netherrack_soul_fire_ring: com.google.gson.JsonParseException: Input does not contain a key [type]: MapLike[{}]
[26Aug2026 04:48:59.143] [main/ERROR] [net.minecraft.world.item.crafting.RecipeManager/]: Parsing error loading recipe piglinproliferation:end_stone_soul_fire_ring: com.google.gson.JsonParseException: Input does not contain a key [type]: MapLike[{}]
[26Aug2026 04:48:59.173] [main/ERROR] [net.minecraft.world.item.crafting.RecipeManager/]: Parsing error loading recipe piglinproliferation:blackstone_fire_ring: com.google.gson.JsonParseException: Input does not contain a key [type]: MapLike[{}]
[26Aug2026 04:48:59.176] [main/ERROR] [net.minecraft.world.item.crafting.RecipeManager/]: Parsing error loading recipe mythrais:finiel_gold_right_upper_67_alt_yellowwood: com.google.gson.JsonParseException: Unknown registry key in ResourceKey[minecraft:root / minecraft:item]: mythrais:finiel_gold_right_upper_67_alt_yellowwood
[26Aug2026 04:48:59.180] [main/ERROR] [net.minecraft.world.item.crafting.RecipeManager/]: Parsing error loading recipe piglinproliferation:netherrack_fire_ring: com.google.gson.JsonParseException: Input does not contain a key [type]: MapLike[{}]
[26Aug2026 04:48:59.189] [main/ERROR] [net.minecraft.world.item.crafting.RecipeManager/]: Parsing error loading recipe piglinproliferation:deepslate_soul_fire_ring: com.google.gson.JsonParseException: Input does not contain a key [type]: MapLike[{}]
[26Aug2026 04:48:59.212] [main/ERROR] [net.minecraft.world.item.crafting.RecipeManager/]: Parsing error loading recipe netherexp:cooking/iron_nugget_from_iron_scrap: com.google.gson.JsonParseException: Failed to parse either. First: Not a json array: {"item":"netherexp:iron_scrap"}; Second: No key tag in MapLike[{"item":"netherexp:iron_scrap"}]; Unknown registry key in ResourceKey[minecraft:root / minecraft:item]: netherexp:iron_scrap
[26Aug2026 04:48:59.236] [main/ERROR] [net.minecraft.world.item.crafting.RecipeManager/]: Parsing error loading recipe piglinproliferation:deepslate_fire_ring: com.google.gson.JsonParseException: Input does not contain a key [type]: MapLike[{}]
[26Aug2026 04:48:59.298] [main/ERROR] [net.minecraft.world.item.crafting.RecipeManager/]: Parsing error loading recipe piglinproliferation:stone_soul_fire_ring: com.google.gson.JsonParseException: Input does not contain a key [type]: MapLike[{}]
[26Aug2026 04:48:59.301] [main/ERROR] [net.minecraft.world.item.crafting.RecipeManager/]: Parsing error loading recipe netherexp:igneous_reeds_orange_dye: com.google.gson.JsonParseException: Failed to parse either. First: Not a json array: {"item":"netherexp:igneous_reeds"}; Second: No key tag in MapLike[{"item":"netherexp:igneous_reeds"}]; Unknown registry key in ResourceKey[minecraft:root / minecraft:item]: netherexp:igneous_reeds; No ingredients for shapeless recipe
[26Aug2026 04:48:59.326] [main/ERROR] [net.minecraft.world.item.crafting.RecipeManager/]: Parsing error loading recipe piglinproliferation:blackstone_soul_fire_ring: com.google.gson.JsonParseException: Input does not contain a key [type]: MapLike[{}]
[26Aug2026 04:48:59.345] [main/ERROR] [net.minecraft.world.item.crafting.RecipeManager/]: Parsing error loading recipe netherexp:stonecutting/from_pale_soul_slate/indented: com.google.gson.JsonParseException: Unknown registry key in ResourceKey[minecraft:root / minecraft:item]: netherexp:indented_soul_slate_tiles
[26Aug2026 04:48:59.385] [main/INFO] [Sawmill/]: Processing Sawmill Recipes into Recipe Manager
[26Aug2026 04:48:59.386] [main/INFO] [Sawmill/]: Skipping Sawmill recipe generation as packs didn't change
[26Aug2026 04:48:59.393] [main/INFO] [net.minecraft.world.item.crafting.RecipeManager/]: Loaded 18104 recipes
[26Aug2026 04:48:59.407] [main/INFO] [com.teamabnormals.blueprint.core.Blueprint/]: Advancement Modification Manager has loaded 0 modifier groups
[26Aug2026 04:48:59.891] [main/ERROR] [net.minecraft.advancements.AdvancementTree/]: Couldn't load advancements: [hominid:adventure/hematoma, minecraft:wander_add_map, dungeons_arise:find_thornborn_towers, dungeons_arise:find_fishing_hut, netherexp:nether/soul_sand_valley/big_brain_time, minecraft:give_quest_trader_trade]
[26Aug2026 04:48:59.891] [main/INFO] [net.minecraft.advancements.AdvancementTree/]: Loaded 7994 advancements
[26Aug2026 04:48:59.908] [main/INFO] [Silent's Power Scale/Scaling Attribute Manager]: Reloading scaling attribute files
[26Aug2026 04:48:59.909] [main/INFO] [Silent's Power Scale/Scaling Attribute Manager]: Decoding scaling attribute "powerscale:arrow_damage" in pack "mod/powerscale"
[26Aug2026 04:48:59.909] [main/INFO] [Silent's Power Scale/Scaling Attribute Manager]: Decoding scaling attribute "powerscale:attack_damage" in pack "mod/powerscale"
[26Aug2026 04:48:59.910] [main/INFO] [Silent's Power Scale/Scaling Attribute Manager]: Decoding scaling attribute "powerscale:max_health" in pack "mod/powerscale"
[26Aug2026 04:48:59.910] [main/INFO] [Silent's Power Scale/Scaling Attribute Manager]: Decoding scaling attribute "powerscale:movement_speed" in pack "mod/powerscale"
[26Aug2026 04:48:59.912] [main/INFO] [Silent's Power Scale/Scaling Attribute Manager]: Decoded 4 scaling attributes
[26Aug2026 04:48:59.918] [main/INFO] [Curios API/]: Loaded 11 curio slots
[26Aug2026 04:48:59.922] [main/ERROR] [Curios API/]: feet is not a registered slot type!
[26Aug2026 04:48:59.923] [main/INFO] [Curios API/]: Loaded 2 curio entities
[26Aug2026 04:48:59.925] [main/INFO] [ovh.corail.tombstone.entity.trade.TradeManager/]: Loaded 63 trades for Grave Guardian
[26Aug2026 04:48:59.938] [main/INFO] [Supplementaries/]: Loaded 29 flute songs
[26Aug2026 04:48:59.978] [main/INFO] [oelib/]: Loaded config oelib:dev_features from /workspaces/newservos/servidor_minecraft/config/oelib/dev_features.toml
[26Aug2026 04:48:59.980] [main/INFO] [oelib/]: Successfully reload 1 server config(s).
[26Aug2026 04:48:59.980] [main/INFO] [com.teamabnormals.blueprint.core.Blueprint/]: Chunk Generator Modification Manager has loaded 0 modifier groups
[26Aug2026 04:48:59.999] [main/INFO] [com.github.ysbbbbbb.kaleidoscopetavern.KaleidoscopeTavern/]: Successfully loaded drink effect data with 37 entries
[26Aug2026 04:49:00.015] [main/INFO] [Dungeon Crawl/]: Loading data...
[26Aug2026 04:49:00.243] [main/INFO] [Dungeon Crawl/]: Done.
[26Aug2026 04:49:00.266] [main/INFO] [Moonlight/]: Applied 31 data villager trades
[26Aug2026 04:49:00.269] [main/INFO] [Moonlight/]: Failed to load custom color set definition {"id":"quark:rune","colors":{"default":"quark:blank_rune"},"replace":false}. Ignoring
[26Aug2026 04:49:00.270] [main/INFO] [Moonlight/]: Failed to load custom color set definition {"id":"quark:shard","colors":{"default":"quark:clear_shard"},"replace":false}. Ignoring
[26Aug2026 04:49:00.315] [main/WARN] [net.minecraft.core.MappedRegistry/]: Not all defined tags for registry ResourceKey[minecraft:root / minecraft:block] are present in data pack: forge:air_tag, netherexp:fossil_ore_convertible
[26Aug2026 04:49:00.335] [main/WARN] [net.minecraft.core.MappedRegistry/]: Not all defined tags for registry ResourceKey[minecraft:root / minecraft:worldgen/biome] are present in data pack: netherexp:soul_has_feature/ecto_soul_sand
[26Aug2026 04:49:00.424] [main/ERROR] [net.neoforged.neoforge.registries.DataMapLoader/]: Object with ID modid:example specified in data map for registry minecraft:dimension doesn't exist
[26Aug2026 04:49:00.625] [main/ERROR] [com.telepathicgrunt.the_bumblezone.Bumblezone/]: Trade result entry is set to required but RawTradeOutputEntry[tag=Optional.empty, itemstack=Optional.empty, required=true, countOutputForTags=1, xpReward=0, weight=1] itemstack entry does not exist.
[26Aug2026 04:49:00.625] [main/ERROR] [com.telepathicgrunt.the_bumblezone.Bumblezone/]: Trade result entry is set to required but RawTradeOutputEntry[tag=Optional.empty, itemstack=Optional.empty, required=true, countOutputForTags=1, xpReward=0, weight=1] itemstack entry does not exist.
[26Aug2026 04:49:00.637] [main/ERROR] [com.telepathicgrunt.the_bumblezone.Bumblezone/]: Trade result entry is set to required but RawTradeOutputEntry[tag=Optional.empty, itemstack=Optional.empty, required=true, countOutputForTags=1, xpReward=0, weight=1] itemstack entry does not exist.
[26Aug2026 04:49:00.638] [main/ERROR] [com.telepathicgrunt.the_bumblezone.Bumblezone/]: Trade result entry is set to required but RawTradeOutputEntry[tag=Optional.empty, itemstack=Optional.empty, required=true, countOutputForTags=1, xpReward=0, weight=1] itemstack entry does not exist.
[26Aug2026 04:49:00.694] [main/INFO] [Supplementaries/]: Registering custom dispenser behaviors
[26Aug2026 04:49:00.747] [main/WARN] [ModernFix/]: Initial datapack load took 9.074 s
[26Aug2026 04:49:00.749] [main/INFO] [com.github.alexmodguy.alexscaves.AlexsCaves/]: [AC] WorldGenOptionsMixin: Set world seed 3321032613822830955 in ACWorldSeedHolder (thread: main)
[26Aug2026 04:49:00.835] [Server thread/INFO] [net.minecraft.server.dedicated.DedicatedServer/]: Starting minecraft server version 1.21.1
[26Aug2026 04:49:00.837] [Server thread/INFO] [net.minecraft.server.dedicated.DedicatedServer/]: Loading properties
[26Aug2026 04:49:00.837] [Server thread/INFO] [net.minecraft.server.dedicated.DedicatedServer/]: Default game type: SURVIVAL
[26Aug2026 04:49:00.837] [Server thread/INFO] [net.minecraft.server.MinecraftServer/]: Generating keypair
[26Aug2026 04:49:00.995] [Server thread/INFO] [net.minecraft.server.dedicated.DedicatedServer/]: Starting Minecraft server on *:25565
[26Aug2026 04:49:01.054] [Server thread/INFO] [net.minecraft.server.network.ServerConnectionListener/]: Using epoll channel type
[26Aug2026 04:49:01.103] [Server thread/WARN] [net.minecraft.server.dedicated.DedicatedServer/]: **** SERVER IS RUNNING IN OFFLINE/INSECURE MODE!
[26Aug2026 04:49:01.104] [Server thread/WARN] [net.minecraft.server.dedicated.DedicatedServer/]: The server will make no attempt to authenticate usernames. Beware.
[26Aug2026 04:49:01.104] [Server thread/WARN] [net.minecraft.server.dedicated.DedicatedServer/]: While this makes the game possible to play without internet access, it also opens up the ability for hackers to connect with any username they choose.
[26Aug2026 04:49:01.104] [Server thread/WARN] [net.minecraft.server.dedicated.DedicatedServer/]: To change this, set "online-mode" to "true" in the server.properties file.
[26Aug2026 04:49:01.122] [Server thread/INFO] [Puzzles Lib/]: Dispatching loading event for config easyanvils-server.toml
[26Aug2026 04:49:01.124] [Server thread/WARN] [net.neoforged.fml.config.ConfigTracker/CONFIG]: Configuration file /workspaces/newservos/servidor_minecraft/config/powerscale-server.toml is not correct. Correcting
[26Aug2026 04:49:01.130] [Server thread/INFO] [Silent's Power Scale/]: Config loading :)
[26Aug2026 04:49:01.143] [Server thread/INFO] [Puzzles Lib/]: Dispatching loading event for config easymagic-server.toml
[26Aug2026 04:49:01.212] [Server thread/WARN] [net.neoforged.neoforge.server.ServerLifecycleHooks/]: Detected alexsmobs:stradpole that was registered with WATER_AMBIENT mob category but was added under WATER_CREATURE mob category for minecraft:basalt_deltas biome! Mobs should be added to biomes under the same mob category that the mob was registered as to prevent mob cap spawning issues.
[26Aug2026 04:49:01.226] [Server thread/WARN] [net.neoforged.neoforge.server.ServerLifecycleHooks/]: Detected alexsmobs:skreecher that was registered with CREATURE mob category but was added under MONSTER mob category for deeperdarker:blooming_caverns biome! Mobs should be added to biomes under the same mob category that the mob was registered as to prevent mob cap spawning issues.
[26Aug2026 04:49:01.274] [Server thread/WARN] [net.neoforged.neoforge.server.ServerLifecycleHooks/]: Detected alexsmobs:skreecher that was registered with CREATURE mob category but was added under MONSTER mob category for deeperdarker:deeplands biome! Mobs should be added to biomes under the same mob category that the mob was registered as to prevent mob cap spawning issues.
[26Aug2026 04:49:01.282] [Server thread/WARN] [net.neoforged.neoforge.server.ServerLifecycleHooks/]: Detected alexsmobs:skreecher that was registered with CREATURE mob category but was added under MONSTER mob category for deeperdarker:echoing_forest biome! Mobs should be added to biomes under the same mob category that the mob was registered as to prevent mob cap spawning issues.
[26Aug2026 04:49:01.291] [Server thread/WARN] [net.neoforged.neoforge.server.ServerLifecycleHooks/]: Detected minecraft:ocelot that was registered with CREATURE mob category but was added under MONSTER mob category for regions_unexplored:eucalyptus_forest biome! Mobs should be added to biomes under the same mob category that the mob was registered as to prevent mob cap spawning issues.
[26Aug2026 04:49:01.411] [Server thread/WARN] [net.neoforged.neoforge.server.ServerLifecycleHooks/]: Detected minecraft:ocelot that was registered with CREATURE mob category but was added under MONSTER mob category for regions_unexplored:rainforest biome! Mobs should be added to biomes under the same mob category that the mob was registered as to prevent mob cap spawning issues.
[26Aug2026 04:49:01.444] [Server thread/WARN] [net.neoforged.neoforge.server.ServerLifecycleHooks/]: Detected minecraft:ocelot that was registered with CREATURE mob category but was added under MONSTER mob category for regions_unexplored:sparse_rainforest biome! Mobs should be added to biomes under the same mob category that the mob was registered as to prevent mob cap spawning issues.
[26Aug2026 04:49:01.445] [Server thread/WARN] [net.neoforged.neoforge.server.ServerLifecycleHooks/]: Detected minecraft:glow_squid that was registered with UNDERGROUND_WATER_CREATURE mob category but was added under MONSTER mob category for spelunkers_charm:spider_cave biome! Mobs should be added to biomes under the same mob category that the mob was registered as to prevent mob cap spawning issues.
[26Aug2026 04:49:01.471] [Server thread/WARN] [net.neoforged.neoforge.server.ServerLifecycleHooks/]: Detected minecraft:ocelot that was registered with CREATURE mob category but was added under MONSTER mob category for regions_unexplored:tropics biome! Mobs should be added to biomes under the same mob category that the mob was registered as to prevent mob cap spawning issues.
[26Aug2026 04:49:01.475] [Server thread/WARN] [net.neoforged.neoforge.server.ServerLifecycleHooks/]: Detected alexsmobs:stradpole that was registered with WATER_AMBIENT mob category but was added under WATER_CREATURE mob category for incendium:volcanic_deltas biome! Mobs should be added to biomes under the same mob category that the mob was registered as to prevent mob cap spawning issues.
[26Aug2026 04:49:01.489] [Server thread/WARN] [net.neoforged.neoforge.server.ServerLifecycleHooks/]: Detected alexsmobs:stradpole that was registered with WATER_AMBIENT mob category but was added under WATER_CREATURE mob category for incendium:withered_forest biome! Mobs should be added to biomes under the same mob category that the mob was registered as to prevent mob cap spawning issues.
[26Aug2026 04:49:01.510] [Server thread/INFO] [Sawmill/]: Injecting Carpenter Village Houses
[26Aug2026 04:49:01.602] [Server thread/INFO] [spark/]: Starting background profiler...
[26Aug2026 04:49:01.853] [Server thread/INFO] [me.kall.duplicationless.data.EntityTracker/]: Duplicationless Entity Tracker has initialized successfully.
[26Aug2026 04:49:01.856] [Server thread/INFO] [Framework/]: Loading server configs...
[26Aug2026 04:49:02.487] [Server thread/INFO] [terrablender/]: Initialized TerraBlender biomes for level stem minecraft:overworld
[26Aug2026 04:49:02.488] [Server thread/INFO] [ElysiumAPI/]: MosaicBiomeSource successfully patched surface rules from Terrablender for dimension: 'minecraft:the_nether'
[26Aug2026 04:49:02.489] [Server thread/INFO] [citadel/]: [Citadel] SurfaceRuleInitializer: Starting initialization...
[26Aug2026 04:49:02.490] [Server thread/INFO] [citadel/]: [Citadel] OVERWORLD rules registered: true
[26Aug2026 04:49:02.490] [Server thread/INFO] [citadel/]: [Citadel] Processing dimension: aether:the_aether
[26Aug2026 04:49:02.490] [Server thread/INFO] [citadel/]: Initialized Citadel surface rules for dimension: aether:the_aether (category: OVERWORLD)
[26Aug2026 04:49:02.491] [Server thread/INFO] [citadel/]: [Citadel] Processing dimension: the_bumblezone:the_bumblezone
[26Aug2026 04:49:02.491] [Server thread/INFO] [citadel/]: Initialized Citadel surface rules for dimension: the_bumblezone:the_bumblezone (category: OVERWORLD)
[26Aug2026 04:49:02.491] [Server thread/INFO] [citadel/]: [Citadel] Processing dimension: minecraft:overworld
[26Aug2026 04:49:02.491] [Server thread/INFO] [citadel/]: Initialized Citadel surface rules for dimension: minecraft:overworld (category: OVERWORLD)
[26Aug2026 04:49:02.491] [Server thread/INFO] [citadel/]: [Citadel] Processing dimension: deeperdarker:otherside
[26Aug2026 04:49:02.491] [Server thread/INFO] [citadel/]: Initialized Citadel surface rules for dimension: deeperdarker:otherside (category: OVERWORLD)
[26Aug2026 04:49:02.491] [Server thread/INFO] [citadel/]: [Citadel] Processing dimension: twilightforest:twilight_forest
[26Aug2026 04:49:02.492] [Server thread/INFO] [citadel/]: Initialized Citadel surface rules for dimension: twilightforest:twilight_forest (category: OVERWORLD)
[26Aug2026 04:49:02.492] [Server thread/INFO] [citadel/]: [Citadel] Processing dimension: minecraft:the_end
[26Aug2026 04:49:02.492] [Server thread/INFO] [citadel/]: Initialized Citadel surface rules for dimension: minecraft:the_end (category: OVERWORLD)
[26Aug2026 04:49:02.492] [Server thread/INFO] [citadel/]: [Citadel] Processing dimension: minecraft:the_nether
[26Aug2026 04:49:02.492] [Server thread/INFO] [citadel/]: [Citadel] SurfaceRuleInitializer: Initialization complete.
[26Aug2026 04:49:02.492] [Server thread/INFO] [com.github.alexmodguy.alexscaves.AlexsCaves/]: [AC] onServerAboutToStart event fired!
[26Aug2026 04:49:02.494] [Server thread/INFO] [com.github.alexmodguy.alexscaves.AlexsCaves/]: [AC] Setting world seed 3321032613822830955 on biome sources during server start
[26Aug2026 04:49:02.495] [Server thread/INFO] [com.github.alexmodguy.alexscaves.AlexsCaves/]: [AC] LevelStems count: 7
[26Aug2026 04:49:02.495] [Server thread/INFO] [com.github.alexmodguy.alexscaves.AlexsCaves/]: [AC] Found BiomeSourceAccessor for dimension: aether:the_aether
[26Aug2026 04:49:02.496] [Server thread/INFO] [com.github.alexmodguy.alexscaves.AlexsCaves/]: [AC] Set seed on biome source for dimension: aether:the_aether
[26Aug2026 04:49:02.496] [Server thread/INFO] [com.github.alexmodguy.alexscaves.AlexsCaves/]: [AC] Found BiomeSourceAccessor for dimension: the_bumblezone:the_bumblezone
[26Aug2026 04:49:02.496] [Server thread/INFO] [com.github.alexmodguy.alexscaves.AlexsCaves/]: [AC] Found BiomeSourceAccessor for dimension: minecraft:overworld
[26Aug2026 04:49:02.496] [Server thread/INFO] [com.github.alexmodguy.alexscaves.AlexsCaves/]: [AC] Set seed on biome source for dimension: minecraft:overworld
[26Aug2026 04:49:02.496] [Server thread/INFO] [com.github.alexmodguy.alexscaves.AlexsCaves/]: [AC] Adding biome to expansion: alexscaves:magnetic_caves
[26Aug2026 04:49:02.496] [Server thread/INFO] [com.github.alexmodguy.alexscaves.AlexsCaves/]: [AC] Adding biome to expansion: alexscaves:primordial_caves
[26Aug2026 04:49:02.497] [Server thread/INFO] [com.github.alexmodguy.alexscaves.AlexsCaves/]: [AC] Adding biome to expansion: alexscaves:toxic_caves
[26Aug2026 04:49:02.497] [Server thread/INFO] [com.github.alexmodguy.alexscaves.AlexsCaves/]: [AC] Adding biome to expansion: alexscaves:abyssal_chasm
[26Aug2026 04:49:02.497] [Server thread/INFO] [com.github.alexmodguy.alexscaves.AlexsCaves/]: [AC] Adding biome to expansion: alexscaves:forlorn_hollows
[26Aug2026 04:49:02.497] [Server thread/INFO] [com.github.alexmodguy.alexscaves.AlexsCaves/]: [AC] Adding biome to expansion: alexscaves:candy_cavity
[26Aug2026 04:49:02.497] [Server thread/INFO] [com.github.alexmodguy.alexscaves.AlexsCaves/]: [AC] About to expand biome source with 6 AC biomes
[26Aug2026 04:49:02.498] [Server thread/INFO] [com.github.alexmodguy.alexscaves.AlexsCaves/]: [AC] Expanded biome source with 6 Alex's Caves biomes
[26Aug2026 04:49:02.499] [Server thread/INFO] [com.github.alexmodguy.alexscaves.AlexsCaves/]: [AC] Found BiomeSourceAccessor for dimension: deeperdarker:otherside
[26Aug2026 04:49:02.499] [Server thread/INFO] [com.github.alexmodguy.alexscaves.AlexsCaves/]: [AC] Set seed on biome source for dimension: deeperdarker:otherside
[26Aug2026 04:49:02.499] [Server thread/INFO] [com.github.alexmodguy.alexscaves.AlexsCaves/]: [AC] Found BiomeSourceAccessor for dimension: twilightforest:twilight_forest
[26Aug2026 04:49:02.499] [Server thread/INFO] [com.github.alexmodguy.alexscaves.AlexsCaves/]: [AC] Found BiomeSourceAccessor for dimension: minecraft:the_end
[26Aug2026 04:49:02.499] [Server thread/INFO] [com.github.alexmodguy.alexscaves.AlexsCaves/]: [AC] Set seed on biome source for dimension: minecraft:the_end
[26Aug2026 04:49:02.499] [Server thread/INFO] [com.github.alexmodguy.alexscaves.AlexsCaves/]: [AC] Found BiomeSourceAccessor for dimension: minecraft:the_nether
[26Aug2026 04:49:02.514] [Server thread/INFO] [ElysiumAPI/]: MosaicBiomeSource successfully initialized for dimension: 'minecraft:the_nether'
[26Aug2026 04:49:02.515] [Server thread/INFO] [net.minecraft.server.dedicated.DedicatedServer/]: Preparing level "world"
[26Aug2026 04:49:02.849] [Server thread/WARN] [CheckedThreadLocalRandom/]: Not enforcing safe world random access
[26Aug2026 04:49:03.011] [Server thread/INFO] [STDOUT/]: [ca.spottedleaf.starlight.common.thread.GlobalExecutors:<clinit>:20]: [ScalableLux] Lighting scaling is enabled in externally managed mode
[26Aug2026 04:49:03.066] [Server thread/INFO] [TheSpeedyObjectFactory/]: Using TheSpeedyObjectFactory with Unsafe
[26Aug2026 04:49:07.058] [NeoForge Version Check/WARN] [net.neoforged.fml.VersionChecker/]: Failed to process update information
java.net.http.HttpConnectTimeoutException: HTTP connect timed out
	at java.net.http/jdk.internal.net.http.HttpClientImpl.send(HttpClientImpl.java:949) ~[java.net.http:?]
	at java.net.http/jdk.internal.net.http.HttpClientFacade.send(HttpClientFacade.java:133) ~[java.net.http:?]
	at MC-BOOTSTRAP/fml_loader@4.0.43/net.neoforged.fml.VersionChecker$1.openUrlString(VersionChecker.java:129) ~[loader-4.0.43.jar%2359!/:4.0]
	at MC-BOOTSTRAP/fml_loader@4.0.43/net.neoforged.fml.VersionChecker$1.process(VersionChecker.java:162) ~[loader-4.0.43.jar%2359!/:4.0]
	at java.base/java.lang.Iterable.forEach(Iterable.java:75) [?:?]
	at MC-BOOTSTRAP/fml_loader@4.0.43/net.neoforged.fml.VersionChecker$1.run(VersionChecker.java:105) [loader-4.0.43.jar%2359!/:4.0]
Caused by: java.net.http.HttpConnectTimeoutException: HTTP connect timed out
	at java.net.http/jdk.internal.net.http.ResponseTimerEvent.handle(ResponseTimerEvent.java:68) ~[java.net.http:?]
	at java.net.http/jdk.internal.net.http.HttpClientImpl.purgeTimeoutsAndReturnNextDeadline(HttpClientImpl.java:1788) ~[java.net.http:?]
	at java.net.http/jdk.internal.net.http.HttpClientImpl$SelectorManager.run(HttpClientImpl.java:1386) ~[java.net.http:?]
Caused by: java.net.ConnectException: HTTP connect timed out
	at java.net.http/jdk.internal.net.http.ResponseTimerEvent.handle(ResponseTimerEvent.java:69) ~[java.net.http:?]
	at java.net.http/jdk.internal.net.http.HttpClientImpl.purgeTimeoutsAndReturnNextDeadline(HttpClientImpl.java:1788) ~[java.net.http:?]
	at java.net.http/jdk.internal.net.http.HttpClientImpl$SelectorManager.run(HttpClientImpl.java:1386) ~[java.net.http:?]
[26Aug2026 04:49:07.063] [NeoForge Version Check/INFO] [net.neoforged.fml.VersionChecker/]: [enchdesc] Starting version check at https://updates.blamejared.com/get?n=enchdesc&gv=1.21.1&ml=neoforge
[26Aug2026 04:49:07.164] [NeoForge Version Check/INFO] [net.neoforged.fml.VersionChecker/]: [enchdesc] Found status: BETA Current: 21.1.11 Target: 21.1.10
[26Aug2026 04:49:07.165] [NeoForge Version Check/INFO] [net.neoforged.fml.VersionChecker/]: [mr_trek] Starting version check at https://api.modrinth.com/updates/h2jngREY/forge_updates.json?neoforge=only
[26Aug2026 04:49:07.194] [NeoForge Version Check/INFO] [net.neoforged.fml.VersionChecker/]: [mr_trek] Found status: BETA Current: 1-B0.6.2 Target: B0.6.2+mod
[26Aug2026 04:49:09.802] [Server thread/INFO] [biolith/]: Ignoring world 'aether:the_aether'; unknown dimension type: aether:the_aether
[26Aug2026 04:49:09.827] [Server thread/INFO] [biolith/]: Ignoring world 'the_bumblezone:the_bumblezone'; unknown dimension type: the_bumblezone:the_bumblezone
[26Aug2026 04:49:09.835] [Server thread/INFO] [biolith/]: Ignoring world 'deeperdarker:otherside'; unknown dimension type: deeperdarker:otherside
[26Aug2026 04:49:09.849] [Server thread/INFO] [biolith/]: Ignoring world 'twilightforest:twilight_forest'; unknown dimension type: twilightforest:twilight_forest_type
[26Aug2026 04:49:11.910] [Server thread/INFO] [Ksyxis/MinecraftServerMixin/MOD_KSYXIS]: Ksyxis: Speeding up the world loading... Delete the mod, if it got stuck after this message. (net.minecraft.server.dedicated.DedicatedServer prepareLevels)
[26Aug2026 04:49:11.910] [Server thread/INFO] [net.minecraft.server.MinecraftServer/]: Preparing start region for dimension minecraft:overworld
[26Aug2026 04:49:12.046] [Server thread/INFO] [net.minecraft.server.level.progress.LoggerChunkProgressListener/]: Time elapsed: 135 ms
[26Aug2026 04:49:12.053] [Server thread/INFO] [net.minecraft.server.dedicated.DedicatedServer/]: Done (10.933s)! For help, type "help"
[26Aug2026 04:49:12.586] [Server thread/INFO] [net.neoforged.neoforge.server.permission.PermissionAPI/]: Successfully initialized permission handler neoforge:default_handler
[26Aug2026 04:49:12.693] [Server thread/INFO] [net.luckystudios.luckyswardrobe.LuckysWardrobe/]: HELLO from server starting
[26Aug2026 04:49:12.704] [Server thread/INFO] [com.yablon.furnitury.FurnituryMod/]: HELLO from server starting
[26Aug2026 04:49:12.779] [Server thread/INFO] [org.admany.quantified.core.common.gpu.backend.VulkanProbeScheduler/]: Triggering Vulkan probe due to: server-start
[26Aug2026 04:49:12.780] [Server thread/INFO] [org.admany.quantified.core.common.gpu.backend.VulkanProbeScheduler/]: Scheduling Vulkan probe attempt #3 (server-start) in 0 ms
[26Aug2026 04:49:12.782] [Quantified-Vulkan-Probe-Scheduler/INFO] [org.admany.quantified.core.common.gpu.backend.VulkanProbeScheduler/]: Running Vulkan probe attempt #3 (server-start)
[26Aug2026 04:49:12.783] [Quantified-Vulkan-Probe-Scheduler/INFO] [org.admany.quantified.core.common.gpu.backend.VulkanRuntime/]: [Vulkan][Probe 2] Reprobe requested on thread 'Quantified-Vulkan-Probe-Scheduler' (group=main')
[26Aug2026 04:49:12.783] [Quantified-Vulkan-Probe-Scheduler/INFO] [org.admany.quantified.core.common.gpu.backend.VulkanRuntime/]: [Vulkan][Probe 2] Probe start on thread 'Quantified-Vulkan-Probe-Scheduler' LWJGL-stack=64 MiB
[26Aug2026 04:49:12.783] [Quantified-Vulkan-Probe-Scheduler/INFO] [org.admany.quantified.core.common.gpu.backend.VulkanRuntime/]: [Vulkan][Probe 2] Environment: os=Linux 6.8.0-1052-azure, arch=amd64, java=21.0.10, vendor=Ubuntu, lwjgl.stack.bytes=67108864, quantified.lwjgl.stackSizeBytes=67108864, quantified.lwjgl.stackSizeKb=65536, quantified.gpuThreadStackBytes=<unset>, quantified.gpuThreadStackKb=<unset>, quantified.probeThreadStackBytes=<unset>, quantified.probeThreadStackKb=<unset>, org.lwjgl.system.stackSizeKb=65536
[26Aug2026 04:49:12.783] [Quantified-Vulkan-Probe-Scheduler/INFO] [org.admany.quantified.core.common.gpu.backend.VulkanRuntime/]: [Vulkan][Probe 2] Loader env: VK_ICD_FILENAMES=<unset>, VK_DRIVER_FILES=<unset>, VK_LAYER_PATH=<unset>, VK_INSTANCE_LAYERS=<unset>, VK_LOADER_DEBUG=<unset>, VK_LOADER_LAYERS_DISABLE=<unset>
[26Aug2026 04:49:13.378] [Quantified-Vulkan-Probe-Scheduler/INFO] [org.admany.quantified.core.common.gpu.backend.VulkanRuntime/]: [Vulkan][Probe 2] Launching isolated Vulkan probe: /usr/lib/jvm/java-21-openjdk-amd64/bin/java -Xms16m -Xmx256m -XX:MaxDirectMemorySize=128m -Xss16m -Dorg.lwjgl.system.stackSize=16384 -Dquantified.lwjgl.stackSizeKb=16384 -Dquantified.lwjgl.stackSizeBytes=16777216 -Dorg.lwjgl.system.SharedLibraryExtractPath=/workspaces/newservos/servidor_minecraft/config/QuantifiedAPI/cache/tools/vulkanProbe/natives -Dorg.lwjgl.librarypath=/workspaces/newservos/servidor_minecraft/config/QuantifiedAPI/cache/tools/vulkanProbe/natives -cp /workspaces/newservos/servidor_minecraft/config/QuantifiedAPI/cache/tools/vulkanProbe/quantified-vulkan-probe.jar:/workspaces/newservos/servidor_minecraft/config/QuantifiedAPI/cache/tools/vulkanProbe/lib/lwjgl-3.3.3-natives-linux-arm64.jar:/workspaces/newservos/servidor_minecraft/config/QuantifiedAPI/cache/tools/vulkanProbe/lib/lwjgl-3.3.3-natives-linux.jar:/workspaces/newservos/servidor_minecraft/config/QuantifiedAPI/cache/tools/vulkanProbe/lib/lwjgl-3.3.3-natives-windows.jar:/workspaces/newservos/servidor_minecraft/config/QuantifiedAPI/cache/tools/vulkanProbe/lib/lwjgl-3.3.3.jar:/workspaces/newservos/servidor_minecraft/config/QuantifiedAPI/cache/tools/vulkanProbe/lib/lwjgl-vulkan-3.3.3.jar org.admany.quantified.vulkan.probe.VulkanProbeEntrypoint [VK_LOADER_LAYERS_DISABLE=~implicit~, VK_LOADER_DEBUG=error]
[26Aug2026 04:49:13.570] [Quantified-Vulkan-Probe-Stdout/INFO] [org.admany.quantified.core.common.gpu.backend.VulkanRuntime/]: [Vulkan][Probe 2] [Subprocess] [probe] [heartbeat] startup
[26Aug2026 04:49:13.571] [Quantified-Vulkan-Probe-Stdout/INFO] [org.admany.quantified.core.common.gpu.backend.VulkanRuntime/]: [Vulkan][Probe 2] [Subprocess] [probe] [heartbeat] pre-librarypath-config
[26Aug2026 04:49:13.615] [Quantified-Vulkan-Probe-Stdout/INFO] [org.admany.quantified.core.common.gpu.backend.VulkanRuntime/]: [Vulkan][Probe 2] [Subprocess] [probe] java=21.0.10, vendor=Ubuntu, os=Linux 6.8.0-1052-azure, arch=amd64
[26Aug2026 04:49:13.620] [Quantified-Vulkan-Probe-Stdout/INFO] [org.admany.quantified.core.common.gpu.backend.VulkanRuntime/]: [Vulkan][Probe 2] [Subprocess] [probe] org.lwjgl.system.stackSizeKb=16384, quantified.lwjgl.stackSizeBytes=16777216
[26Aug2026 04:49:13.620] [Quantified-Vulkan-Probe-Stdout/INFO] [org.admany.quantified.core.common.gpu.backend.VulkanRuntime/]: [Vulkan][Probe 2] [Subprocess] [probe] java.library.path=/tmp/_MEId5FXm4:/usr/java/packages/lib:/usr/lib/x86_64-linux-gnu/jni:/lib/x86_64-linux-gnu:/usr/lib/x86_64-linux-gnu:/usr/lib/jni:/lib:/usr/lib
[26Aug2026 04:49:13.621] [Quantified-Vulkan-Probe-Stdout/INFO] [org.admany.quantified.core.common.gpu.backend.VulkanRuntime/]: [Vulkan][Probe 2] [Subprocess] [probe] org.lwjgl.librarypath=/workspaces/newservos/servidor_minecraft/config/QuantifiedAPI/cache/tools/vulkanProbe/natives
[26Aug2026 04:49:13.621] [Quantified-Vulkan-Probe-Stdout/INFO] [org.admany.quantified.core.common.gpu.backend.VulkanRuntime/]: [Vulkan][Probe 2] [Subprocess] [probe] org.lwjgl.system.SharedLibraryExtractPath(original)=/workspaces/newservos/servidor_minecraft/config/QuantifiedAPI/cache/tools/vulkanProbe/natives
[26Aug2026 04:49:13.621] [Quantified-Vulkan-Probe-Stdout/INFO] [org.admany.quantified.core.common.gpu.backend.VulkanRuntime/]: [Vulkan][Probe 2] [Subprocess] [probe] org.lwjgl.system.SharedLibraryExtractPath(effective)=/workspaces/newservos/servidor_minecraft/config/QuantifiedAPI/cache/tools/vulkanProbe/natives
[26Aug2026 04:49:13.624] [Quantified-Vulkan-Probe-Stdout/INFO] [org.admany.quantified.core.common.gpu.backend.VulkanRuntime/]: [Vulkan][Probe 2] [Subprocess] [probe] [heartbeat] post-librarypath-config
[26Aug2026 04:49:13.652] [Quantified-Vulkan-Probe-Stdout/INFO] [org.admany.quantified.core.common.gpu.backend.VulkanRuntime/]: [Vulkan][Probe 2] [Subprocess] [probe] [heartbeat] pre-VK-init
[26Aug2026 04:49:13.937] [Quantified-Vulkan-Probe-Stdout/INFO] [org.admany.quantified.core.common.gpu.backend.VulkanRuntime/]: [Vulkan][Probe 2] [Subprocess] [LWJGL] Failed to load a library. Possible solutions:
[26Aug2026 04:49:13.937] [Quantified-Vulkan-Probe-Stdout/INFO] [org.admany.quantified.core.common.gpu.backend.VulkanRuntime/]: [Vulkan][Probe 2] [Subprocess] 	a) Install the library or the driver that provides the library.
[26Aug2026 04:49:13.937] [Quantified-Vulkan-Probe-Stdout/INFO] [org.admany.quantified.core.common.gpu.backend.VulkanRuntime/]: [Vulkan][Probe 2] [Subprocess] 	b) Ensure that the library is accessible from the system library paths.
[26Aug2026 04:49:13.937] [Quantified-Vulkan-Probe-Stdout/INFO] [org.admany.quantified.core.common.gpu.backend.VulkanRuntime/]: [Vulkan][Probe 2] [Subprocess] [LWJGL] Enable debug mode with -Dorg.lwjgl.util.Debug=true for better diagnostics.
[26Aug2026 04:49:13.937] [Quantified-Vulkan-Probe-Stdout/INFO] [org.admany.quantified.core.common.gpu.backend.VulkanRuntime/]: [Vulkan][Probe 2] [Subprocess] [LWJGL] Enable the SharedLibraryLoader debug mode with -Dorg.lwjgl.util.DebugLoader=true for better diagnostics.
[26Aug2026 04:49:13.940] [Quantified-Vulkan-Probe-Stdout/INFO] [org.admany.quantified.core.common.gpu.backend.VulkanRuntime/]: [Vulkan][Probe 2] [Subprocess] [probe] VK bootstrap failure: java.lang.UnsatisfiedLinkError: Failed to locate library: libvulkan.so.1
[26Aug2026 04:49:13.940] [Quantified-Vulkan-Probe-Stdout/INFO] [org.admany.quantified.core.common.gpu.backend.VulkanRuntime/]: [Vulkan][Probe 2] [Subprocess] java.lang.UnsatisfiedLinkError: Failed to locate library: libvulkan.so.1
[26Aug2026 04:49:13.940] [Quantified-Vulkan-Probe-Stdout/INFO] [org.admany.quantified.core.common.gpu.backend.VulkanRuntime/]: [Vulkan][Probe 2] [Subprocess] 	at org.lwjgl.system.Library.loadNative(Library.java:346)
[26Aug2026 04:49:13.940] [Quantified-Vulkan-Probe-Stdout/INFO] [org.admany.quantified.core.common.gpu.backend.VulkanRuntime/]: [Vulkan][Probe 2] [Subprocess] 	at org.lwjgl.system.Library.loadNative(Library.java:236)
[26Aug2026 04:49:13.941] [Quantified-Vulkan-Probe-Stdout/INFO] [org.admany.quantified.core.common.gpu.backend.VulkanRuntime/]: [Vulkan][Probe 2] [Subprocess] 	at org.lwjgl.system.Library.loadNative(Library.java:217)
[26Aug2026 04:49:13.941] [Quantified-Vulkan-Probe-Stdout/INFO] [org.admany.quantified.core.common.gpu.backend.VulkanRuntime/]: [Vulkan][Probe 2] [Subprocess] 	at org.lwjgl.system.Library.loadNative(Library.java:431)
[26Aug2026 04:49:13.941] [Quantified-Vulkan-Probe-Stdout/INFO] [org.admany.quantified.core.common.gpu.backend.VulkanRuntime/]: [Vulkan][Probe 2] [Subprocess] 	at org.lwjgl.system.Library.loadNative(Library.java:402)
[26Aug2026 04:49:13.941] [Quantified-Vulkan-Probe-Stdout/INFO] [org.admany.quantified.core.common.gpu.backend.VulkanRuntime/]: [Vulkan][Probe 2] [Subprocess] 	at org.lwjgl.vulkan.VK.create(VK.java:52)
[26Aug2026 04:49:13.941] [Quantified-Vulkan-Probe-Stdout/INFO] [org.admany.quantified.core.common.gpu.backend.VulkanRuntime/]: [Vulkan][Probe 2] [Subprocess] 	at org.lwjgl.vulkan.VK.<clinit>(VK.java:37)
[26Aug2026 04:49:13.941] [Quantified-Vulkan-Probe-Stdout/INFO] [org.admany.quantified.core.common.gpu.backend.VulkanRuntime/]: [Vulkan][Probe 2] [Subprocess] 	at java.base/java.lang.Class.forName0(Native Method)
[26Aug2026 04:49:13.941] [Quantified-Vulkan-Probe-Stdout/INFO] [org.admany.quantified.core.common.gpu.backend.VulkanRuntime/]: [Vulkan][Probe 2] [Subprocess] 	at java.base/java.lang.Class.forName(Class.java:423)
[26Aug2026 04:49:13.941] [Quantified-Vulkan-Probe-Stdout/INFO] [org.admany.quantified.core.common.gpu.backend.VulkanRuntime/]: [Vulkan][Probe 2] [Subprocess] 	at java.base/java.lang.Class.forName(Class.java:414)
[26Aug2026 04:49:13.941] [Quantified-Vulkan-Probe-Stdout/INFO] [org.admany.quantified.core.common.gpu.backend.VulkanRuntime/]: [Vulkan][Probe 2] [Subprocess] 	at org.admany.quantified.vulkan.probe.VulkanProbeEntrypoint.bootstrapVulkanBinding(VulkanProbeEntrypoint.java:89)
[26Aug2026 04:49:13.941] [Quantified-Vulkan-Probe-Stdout/INFO] [org.admany.quantified.core.common.gpu.backend.VulkanRuntime/]: [Vulkan][Probe 2] [Subprocess] 	at org.admany.quantified.vulkan.probe.VulkanProbeEntrypoint.main(VulkanProbeEntrypoint.java:69)
[26Aug2026 04:49:13.941] [Quantified-Vulkan-Probe-Stdout/INFO] [org.admany.quantified.core.common.gpu.backend.VulkanRuntime/]: [Vulkan][Probe 2] [Subprocess] [probe] [heartbeat] post-VK-init-failed
[26Aug2026 04:49:13.945] [Quantified-Vulkan-Probe-Stdout/INFO] [org.admany.quantified.core.common.gpu.backend.VulkanRuntime/]: [Vulkan][Probe 2] [Subprocess] [probe] [heartbeat] done
[26Aug2026 04:49:13.945] [Quantified-Vulkan-Probe-Stdout/INFO] [org.admany.quantified.core.common.gpu.backend.VulkanRuntime/]: [Vulkan][Probe 2] [Subprocess] {"ok":false,"code":"vk_class_init_failed","maxApiVersion":0,"selectedApiVersion":0,"devices":[],"failure":"UnsatisfiedLinkError: Failed to locate library: libvulkan.so.1"}
[26Aug2026 04:49:13.968] [Quantified-Vulkan-Probe-Scheduler/WARN] [org.admany.quantified.core.common.gpu.backend.VulkanRuntime/]: [Vulkan][Probe 2] UnsatisfiedLinkError: Failed to locate library: libvulkan.so.1
[26Aug2026 04:49:13.969] [Quantified-Vulkan-Probe-Scheduler/WARN] [org.admany.quantified.core.common.gpu.backend.VulkanProbeScheduler/]: Vulkan probe attempts exhausted; giving up after 3 tries
[26Aug2026 04:49:14.825] [Server thread/WARN] [biolith/]: More than one Overworld dimension world created; cowardly ignoring 'minecraft:server_faucet_test_level' in favor of 'minecraft:overworld'
[26Aug2026 04:49:15.038] [C2ME Storage #24/INFO] [C2ME Storage/]: Storage thread Thread[#133,C2ME Storage #24,5,SERVER] stopped
[26Aug2026 04:49:15.039] [C2ME Storage #23/INFO] [C2ME Storage/]: Storage thread Thread[#131,C2ME Storage #23,5,SERVER] stopped
[26Aug2026 04:49:15.039] [C2ME Storage #22/INFO] [C2ME Storage/]: Storage thread Thread[#130,C2ME Storage #22,5,SERVER] stopped
[26Aug2026 04:49:21.053] [Server thread/WARN] [biolith/]: More than one Overworld dimension world created; cowardly ignoring 'minecraft:server_projectile_test_level' in favor of 'minecraft:overworld'
[26Aug2026 04:49:21.063] [Server thread/INFO] [com.finderfeed.fdlib.FDLib/]: Loading FD configs...
[26Aug2026 04:49:21.063] [Server thread/INFO] [com.finderfeed.fdlib.FDLib/]: Loading config fdlib:test
[26Aug2026 04:49:21.065] [Server thread/INFO] [com.finderfeed.fdlib.FDLib/]: Loading config fdlib:fdlib_client
[26Aug2026 04:49:21.065] [Server thread/INFO] [com.finderfeed.fdlib.FDLib/]: Loading config raidsenhanced:raidsenhanced
[26Aug2026 04:49:21.065] [Server thread/INFO] [com.finderfeed.fdlib.FDLib/]: Loaded FD configs.
[26Aug2026 04:49:21.101] [Server thread/INFO] [com.cupboard.Cupboard/]: Loaded config for: smoothchunk.json
[26Aug2026 04:49:21.102] [Server thread/INFO] [com.cupboard.Cupboard/]: Loaded config for: limitedchunks.json
[26Aug2026 04:49:21.127] [Server thread/WARN] [voicechat/]: [voicechat] Running in offline mode - Voice chat encryption is not secure!
[26Aug2026 04:49:21.151] [Server thread/WARN] [ModernFix/]: Dedicated server took 65.002 seconds to load
[26Aug2026 04:49:21.152] [VoiceChatServerThread/INFO] [voicechat/]: [voicechat] Voice chat server started at port 24454
[26Aug2026 04:49:29.464] [Server thread/WARN] [C2ME HookCompatibility/]: Certain optimizations may be disabled because ChunkDataEvent.Save is used by: [@SubscribeEvent: class dev.architectury.event.forge.EventHandlerImplCommon eventChunkDataEvent(Lnet/neoforged/neoforge/event/level/ChunkDataEvent$Save;)V]
[26Aug2026 04:49:42.714] [Quantified-Vulkan-Probe-Scheduler/INFO] [org.admany.quantified.core.common.gpu.backend.VulkanProbeScheduler/]: Running Vulkan probe attempt #2 (retry:unavailable)
[26Aug2026 04:49:42.715] [Quantified-Vulkan-Probe-Scheduler/INFO] [org.admany.quantified.core.common.gpu.backend.VulkanRuntime/]: [Vulkan][Probe 3] Reprobe requested on thread 'Quantified-Vulkan-Probe-Scheduler' (group=main')
[26Aug2026 04:49:42.715] [Quantified-Vulkan-Probe-Scheduler/INFO] [org.admany.quantified.core.common.gpu.backend.VulkanRuntime/]: [Vulkan][Probe 3] Probe start on thread 'Quantified-Vulkan-Probe-Scheduler' LWJGL-stack=64 MiB
[26Aug2026 04:49:42.715] [Quantified-Vulkan-Probe-Scheduler/INFO] [org.admany.quantified.core.common.gpu.backend.VulkanRuntime/]: [Vulkan][Probe 3] Environment: os=Linux 6.8.0-1052-azure, arch=amd64, java=21.0.10, vendor=Ubuntu, lwjgl.stack.bytes=67108864, quantified.lwjgl.stackSizeBytes=67108864, quantified.lwjgl.stackSizeKb=65536, quantified.gpuThreadStackBytes=<unset>, quantified.gpuThreadStackKb=<unset>, quantified.probeThreadStackBytes=<unset>, quantified.probeThreadStackKb=<unset>, org.lwjgl.system.stackSizeKb=65536
[26Aug2026 04:49:42.715] [Quantified-Vulkan-Probe-Scheduler/INFO] [org.admany.quantified.core.common.gpu.backend.VulkanRuntime/]: [Vulkan][Probe 3] Loader env: VK_ICD_FILENAMES=<unset>, VK_DRIVER_FILES=<unset>, VK_LAYER_PATH=<unset>, VK_INSTANCE_LAYERS=<unset>, VK_LOADER_DEBUG=<unset>, VK_LOADER_LAYERS_DISABLE=<unset>
[26Aug2026 04:49:42.846] [Quantified-Vulkan-Probe-Scheduler/INFO] [org.admany.quantified.core.common.gpu.backend.VulkanRuntime/]: [Vulkan][Probe 3] Launching isolated Vulkan probe: /usr/lib/jvm/java-21-openjdk-amd64/bin/java -Xms16m -Xmx256m -XX:MaxDirectMemorySize=128m -Xss16m -Dorg.lwjgl.system.stackSize=16384 -Dquantified.lwjgl.stackSizeKb=16384 -Dquantified.lwjgl.stackSizeBytes=16777216 -Dorg.lwjgl.system.SharedLibraryExtractPath=/workspaces/newservos/servidor_minecraft/config/QuantifiedAPI/cache/tools/vulkanProbe/natives -Dorg.lwjgl.librarypath=/workspaces/newservos/servidor_minecraft/config/QuantifiedAPI/cache/tools/vulkanProbe/natives -cp /workspaces/newservos/servidor_minecraft/config/QuantifiedAPI/cache/tools/vulkanProbe/quantified-vulkan-probe.jar:/workspaces/newservos/servidor_minecraft/config/QuantifiedAPI/cache/tools/vulkanProbe/lib/lwjgl-3.3.3-natives-linux-arm64.jar:/workspaces/newservos/servidor_minecraft/config/QuantifiedAPI/cache/tools/vulkanProbe/lib/lwjgl-3.3.3-natives-linux.jar:/workspaces/newservos/servidor_minecraft/config/QuantifiedAPI/cache/tools/vulkanProbe/lib/lwjgl-3.3.3-natives-windows.jar:/workspaces/newservos/servidor_minecraft/config/QuantifiedAPI/cache/tools/vulkanProbe/lib/lwjgl-3.3.3.jar:/workspaces/newservos/servidor_minecraft/config/QuantifiedAPI/cache/tools/vulkanProbe/lib/lwjgl-vulkan-3.3.3.jar org.admany.quantified.vulkan.probe.VulkanProbeEntrypoint [VK_LOADER_LAYERS_DISABLE=~implicit~, VK_LOADER_DEBUG=error]
[26Aug2026 04:49:42.892] [Quantified-Vulkan-Probe-Stdout/INFO] [org.admany.quantified.core.common.gpu.backend.VulkanRuntime/]: [Vulkan][Probe 3] [Subprocess] [probe] [heartbeat] startup
[26Aug2026 04:49:42.893] [Quantified-Vulkan-Probe-Stdout/INFO] [org.admany.quantified.core.common.gpu.backend.VulkanRuntime/]: [Vulkan][Probe 3] [Subprocess] [probe] [heartbeat] pre-librarypath-config
[26Aug2026 04:49:42.904] [Quantified-Vulkan-Probe-Stdout/INFO] [org.admany.quantified.core.common.gpu.backend.VulkanRuntime/]: [Vulkan][Probe 3] [Subprocess] [probe] java=21.0.10, vendor=Ubuntu, os=Linux 6.8.0-1052-azure, arch=amd64
[26Aug2026 04:49:42.908] [Quantified-Vulkan-Probe-Stdout/INFO] [org.admany.quantified.core.common.gpu.backend.VulkanRuntime/]: [Vulkan][Probe 3] [Subprocess] [probe] org.lwjgl.system.stackSizeKb=16384, quantified.lwjgl.stackSizeBytes=16777216
[26Aug2026 04:49:42.908] [Quantified-Vulkan-Probe-Stdout/INFO] [org.admany.quantified.core.common.gpu.backend.VulkanRuntime/]: [Vulkan][Probe 3] [Subprocess] [probe] java.library.path=/tmp/_MEId5FXm4:/usr/java/packages/lib:/usr/lib/x86_64-linux-gnu/jni:/lib/x86_64-linux-gnu:/usr/lib/x86_64-linux-gnu:/usr/lib/jni:/lib:/usr/lib
[26Aug2026 04:49:42.909] [Quantified-Vulkan-Probe-Stdout/INFO] [org.admany.quantified.core.common.gpu.backend.VulkanRuntime/]: [Vulkan][Probe 3] [Subprocess] [probe] org.lwjgl.librarypath=/workspaces/newservos/servidor_minecraft/config/QuantifiedAPI/cache/tools/vulkanProbe/natives
[26Aug2026 04:49:42.910] [Quantified-Vulkan-Probe-Stdout/INFO] [org.admany.quantified.core.common.gpu.backend.VulkanRuntime/]: [Vulkan][Probe 3] [Subprocess] [probe] org.lwjgl.system.SharedLibraryExtractPath(original)=/workspaces/newservos/servidor_minecraft/config/QuantifiedAPI/cache/tools/vulkanProbe/natives
[26Aug2026 04:49:42.914] [Quantified-Vulkan-Probe-Stdout/INFO] [org.admany.quantified.core.common.gpu.backend.VulkanRuntime/]: [Vulkan][Probe 3] [Subprocess] [probe] org.lwjgl.system.SharedLibraryExtractPath(effective)=/workspaces/newservos/servidor_minecraft/config/QuantifiedAPI/cache/tools/vulkanProbe/natives
[26Aug2026 04:49:42.914] [Quantified-Vulkan-Probe-Stdout/INFO] [org.admany.quantified.core.common.gpu.backend.VulkanRuntime/]: [Vulkan][Probe 3] [Subprocess] [probe] [heartbeat] post-librarypath-config
[26Aug2026 04:49:42.915] [Quantified-Vulkan-Probe-Stdout/INFO] [org.admany.quantified.core.common.gpu.backend.VulkanRuntime/]: [Vulkan][Probe 3] [Subprocess] [probe] [heartbeat] pre-VK-init
[26Aug2026 04:49:43.032] [Quantified-Vulkan-Probe-Stdout/INFO] [org.admany.quantified.core.common.gpu.backend.VulkanRuntime/]: [Vulkan][Probe 3] [Subprocess] [LWJGL] Failed to load a library. Possible solutions:
[26Aug2026 04:49:43.032] [Quantified-Vulkan-Probe-Stdout/INFO] [org.admany.quantified.core.common.gpu.backend.VulkanRuntime/]: [Vulkan][Probe 3] [Subprocess] 	a) Install the library or the driver that provides the library.
[26Aug2026 04:49:43.032] [Quantified-Vulkan-Probe-Stdout/INFO] [org.admany.quantified.core.common.gpu.backend.VulkanRuntime/]: [Vulkan][Probe 3] [Subprocess] 	b) Ensure that the library is accessible from the system library paths.
[26Aug2026 04:49:43.032] [Quantified-Vulkan-Probe-Stdout/INFO] [org.admany.quantified.core.common.gpu.backend.VulkanRuntime/]: [Vulkan][Probe 3] [Subprocess] [LWJGL] Enable debug mode with -Dorg.lwjgl.util.Debug=true for better diagnostics.
[26Aug2026 04:49:43.032] [Quantified-Vulkan-Probe-Stdout/INFO] [org.admany.quantified.core.common.gpu.backend.VulkanRuntime/]: [Vulkan][Probe 3] [Subprocess] [LWJGL] Enable the SharedLibraryLoader debug mode with -Dorg.lwjgl.util.DebugLoader=true for better diagnostics.
[26Aug2026 04:49:43.033] [Quantified-Vulkan-Probe-Stdout/INFO] [org.admany.quantified.core.common.gpu.backend.VulkanRuntime/]: [Vulkan][Probe 3] [Subprocess] [probe] VK bootstrap failure: java.lang.UnsatisfiedLinkError: Failed to locate library: libvulkan.so.1
[26Aug2026 04:49:43.035] [Quantified-Vulkan-Probe-Stdout/INFO] [org.admany.quantified.core.common.gpu.backend.VulkanRuntime/]: [Vulkan][Probe 3] [Subprocess] java.lang.UnsatisfiedLinkError: Failed to locate library: libvulkan.so.1
[26Aug2026 04:49:43.035] [Quantified-Vulkan-Probe-Stdout/INFO] [org.admany.quantified.core.common.gpu.backend.VulkanRuntime/]: [Vulkan][Probe 3] [Subprocess] 	at org.lwjgl.system.Library.loadNative(Library.java:346)
[26Aug2026 04:49:43.035] [Quantified-Vulkan-Probe-Stdout/INFO] [org.admany.quantified.core.common.gpu.backend.VulkanRuntime/]: [Vulkan][Probe 3] [Subprocess] 	at org.lwjgl.system.Library.loadNative(Library.java:236)
[26Aug2026 04:49:43.035] [Quantified-Vulkan-Probe-Stdout/INFO] [org.admany.quantified.core.common.gpu.backend.VulkanRuntime/]: [Vulkan][Probe 3] [Subprocess] 	at org.lwjgl.system.Library.loadNative(Library.java:217)
[26Aug2026 04:49:43.035] [Quantified-Vulkan-Probe-Stdout/INFO] [org.admany.quantified.core.common.gpu.backend.VulkanRuntime/]: [Vulkan][Probe 3] [Subprocess] 	at org.lwjgl.system.Library.loadNative(Library.java:431)
[26Aug2026 04:49:43.036] [Quantified-Vulkan-Probe-Stdout/INFO] [org.admany.quantified.core.common.gpu.backend.VulkanRuntime/]: [Vulkan][Probe 3] [Subprocess] 	at org.lwjgl.system.Library.loadNative(Library.java:402)
[26Aug2026 04:49:43.036] [Quantified-Vulkan-Probe-Stdout/INFO] [org.admany.quantified.core.common.gpu.backend.VulkanRuntime/]: [Vulkan][Probe 3] [Subprocess] 	at org.lwjgl.vulkan.VK.create(VK.java:52)
[26Aug2026 04:49:43.036] [Quantified-Vulkan-Probe-Stdout/INFO] [org.admany.quantified.core.common.gpu.backend.VulkanRuntime/]: [Vulkan][Probe 3] [Subprocess] 	at org.lwjgl.vulkan.VK.<clinit>(VK.java:37)
[26Aug2026 04:49:43.036] [Quantified-Vulkan-Probe-Stdout/INFO] [org.admany.quantified.core.common.gpu.backend.VulkanRuntime/]: [Vulkan][Probe 3] [Subprocess] 	at java.base/java.lang.Class.forName0(Native Method)
[26Aug2026 04:49:43.036] [Quantified-Vulkan-Probe-Stdout/INFO] [org.admany.quantified.core.common.gpu.backend.VulkanRuntime/]: [Vulkan][Probe 3] [Subprocess] 	at java.base/java.lang.Class.forName(Class.java:423)
[26Aug2026 04:49:43.036] [Quantified-Vulkan-Probe-Stdout/INFO] [org.admany.quantified.core.common.gpu.backend.VulkanRuntime/]: [Vulkan][Probe 3] [Subprocess] 	at java.base/java.lang.Class.forName(Class.java:414)
[26Aug2026 04:49:43.036] [Quantified-Vulkan-Probe-Stdout/INFO] [org.admany.quantified.core.common.gpu.backend.VulkanRuntime/]: [Vulkan][Probe 3] [Subprocess] 	at org.admany.quantified.vulkan.probe.VulkanProbeEntrypoint.bootstrapVulkanBinding(VulkanProbeEntrypoint.java:89)
[26Aug2026 04:49:43.036] [Quantified-Vulkan-Probe-Stdout/INFO] [org.admany.quantified.core.common.gpu.backend.VulkanRuntime/]: [Vulkan][Probe 3] [Subprocess] 	at org.admany.quantified.vulkan.probe.VulkanProbeEntrypoint.main(VulkanProbeEntrypoint.java:69)
[26Aug2026 04:49:43.037] [Quantified-Vulkan-Probe-Stdout/INFO] [org.admany.quantified.core.common.gpu.backend.VulkanRuntime/]: [Vulkan][Probe 3] [Subprocess] [probe] [heartbeat] post-VK-init-failed
[26Aug2026 04:49:43.037] [Quantified-Vulkan-Probe-Stdout/INFO] [org.admany.quantified.core.common.gpu.backend.VulkanRuntime/]: [Vulkan][Probe 3] [Subprocess] [probe] [heartbeat] done
[26Aug2026 04:49:43.037] [Quantified-Vulkan-Probe-Stdout/INFO] [org.admany.quantified.core.common.gpu.backend.VulkanRuntime/]: [Vulkan][Probe 3] [Subprocess] {"ok":false,"code":"vk_class_init_failed","maxApiVersion":0,"selectedApiVersion":0,"devices":[],"failure":"UnsatisfiedLinkError: Failed to locate library: libvulkan.so.1"}
[26Aug2026 04:49:43.049] [Quantified-Vulkan-Probe-Scheduler/WARN] [org.admany.quantified.core.common.gpu.backend.VulkanRuntime/]: [Vulkan][Probe 3] UnsatisfiedLinkError: Failed to locate library: libvulkan.so.1
[26Aug2026 04:49:43.049] [Quantified-Vulkan-Probe-Scheduler/WARN] [org.admany.quantified.core.common.gpu.backend.VulkanProbeScheduler/]: Vulkan probe attempts exhausted; giving up after 3 tries
[26Aug2026 04:52:14.875] [spark-worker-pool-1-thread-1/INFO] [net.minecraft.server.MinecraftServer/]: [⚡] TPS from last 5s, 10s, 1m, 5m, 15m:
[26Aug2026 04:52:14.877] [spark-worker-pool-1-thread-1/INFO] [net.minecraft.server.MinecraftServer/]: [⚡]  *20.0, 20.0, 20.0, *20.0, *20.0
[26Aug2026 04:52:14.879] [spark-worker-pool-1-thread-1/INFO] [net.minecraft.server.MinecraftServer/]: [⚡] 
[26Aug2026 04:52:14.879] [spark-worker-pool-1-thread-1/INFO] [net.minecraft.server.MinecraftServer/]: [⚡] Tick durations (min/med/95%ile/max ms) from last 10s, 1m:
[26Aug2026 04:52:14.888] [spark-worker-pool-1-thread-1/INFO] [net.minecraft.server.MinecraftServer/]: [⚡]  0.2/0.3/0.4/4.1;  0.2/0.3/0.4/4.1
[26Aug2026 04:52:14.889] [spark-worker-pool-1-thread-1/INFO] [net.minecraft.server.MinecraftServer/]: [⚡] 
[26Aug2026 04:52:14.889] [spark-worker-pool-1-thread-1/INFO] [net.minecraft.server.MinecraftServer/]: [⚡] CPU usage from last 10s, 1m, 15m:
[26Aug2026 04:52:14.891] [spark-worker-pool-1-thread-1/INFO] [net.minecraft.server.MinecraftServer/]: [⚡]  23%, 13%, 20%  (system)
[26Aug2026 04:52:14.891] [spark-worker-pool-1-thread-1/INFO] [net.minecraft.server.MinecraftServer/]: [⚡]  0%, 1%, 13%  (process)
[26Aug2026 04:54:29.358] [Server thread/INFO] [net.minecraft.server.MinecraftServer/]: [Chunky] Radius changed to 1000.
[26Aug2026 04:54:38.610] [Server thread/INFO] [net.minecraft.server.MinecraftServer/]: [Chunky] Task started in minecraft:overworld for the square region centered at 0, 0 with radius 1000.
[26Aug2026 04:54:47.428] [c2me-worker-0/WARN] [biolith/]: Feature order cycle found, involved sources: [Reference{ResourceKey[minecraft:worldgen/biome / alexscaves:toxic_caves]=net.minecraft.world.level.biome.Biome@5e78e4d4}, Reference{ResourceKey[minecraft:worldgen/biome / alexscaves:forlorn_hollows]=net.minecraft.world.level.biome.Biome@2bff941e}]
[26Aug2026 04:54:47.429] [c2me-worker-0/WARN] [biolith/]: Vanilla feature indexer failed; retrying with Biolith's resilient feature indexer...
[26Aug2026 04:54:47.536] [c2me-worker-0/INFO] [biolith/]: Dropping cycle-forming edge in biome minecraft:forest: bloomingnature:trees/forest_trees_checked -> bloomingnature:temperate/stone_boulder_placed
[26Aug2026 04:54:47.536] [c2me-worker-0/INFO] [biolith/]: Dropping cycle-forming edge in biome minecraft:forest: bloomingnature:temperate/ore_travertine_placed -> bloomingnature:vegetation/ground_litter_placed
[26Aug2026 04:54:47.554] [c2me-worker-0/INFO] [biolith/]: Dropping cycle-forming edge in biome minecraft:flower_forest: bloomingnature:trees/flower_forest_trees_checked -> bloomingnature:temperate/stone_boulder_placed
[26Aug2026 04:54:47.554] [c2me-worker-0/INFO] [biolith/]: Dropping cycle-forming edge in biome minecraft:flower_forest: bloomingnature:temperate/ore_travertine_placed -> bloomingnature:vegetation/ground_litter_placed
[26Aug2026 04:54:47.563] [c2me-worker-0/INFO] [biolith/]: Dropping cycle-forming edge in biome minecraft:birch_forest: bloomingnature:fallen_trees/birch_tree_fallen_placed -> bloomingnature:vegetation/ground_litter_placed
[26Aug2026 04:54:47.572] [c2me-worker-0/INFO] [biolith/]: Dropping cycle-forming edge in biome minecraft:dark_forest: bloomingnature:fallen_trees/dark_oak_tree_fallen_placed -> bloomingnature:temperate/stone_boulder_placed
[26Aug2026 04:54:47.572] [c2me-worker-0/INFO] [biolith/]: Dropping cycle-forming edge in biome minecraft:dark_forest: bloomingnature:temperate/stone_pile_placed -> bloomingnature:vegetation/ground_litter_placed
[26Aug2026 04:54:47.775] [c2me-worker-0/INFO] [biolith/]: Dropping cycle-forming edge in biome minecraft:sparse_jungle: bloomingnature:temperate/stone_slabs_placed -> bloomingnature:temperate/stone_boulder_placed
[26Aug2026 04:54:47.775] [c2me-worker-0/INFO] [biolith/]: Dropping cycle-forming edge in biome minecraft:sparse_jungle: bloomingnature:vegetation/floating_leaves_patch_placed -> bloomingnature:grass/silkgrass_patch_placed
[26Aug2026 04:54:47.805] [c2me-worker-0/INFO] [biolith/]: Dropping cycle-forming edge in biome minecraft:cherry_grove: bloomingnature:trees/cherry_grove_trees_checked -> bloomingnature:grass/bluff_grass_patch_placed
[26Aug2026 04:54:47.806] [c2me-worker-0/INFO] [biolith/]: Dropping cycle-forming edge in biome minecraft:cherry_grove: bloomingnature:grass/regular_grass_patch_placed -> bloomingnature:vegetation/ground_litter_placed
[26Aug2026 04:54:47.893] [c2me-worker-0/INFO] [biolith/]: Dropping cycle-forming edge in biome bloomingnature:cold_grassland: bloomingnature:flowers/cold_grassland_flower_patch_placed -> minecraft:brown_mushroom_taiga
[26Aug2026 04:54:47.901] [c2me-worker-0/INFO] [biolith/]: Dropping cycle-forming edge in biome bloomingnature:larch_forest: bloomingnature:grass/dense_wild_grass_patch_placed -> bloomingnature:grass/mossgrass_patch_placed
[26Aug2026 04:54:47.901] [c2me-worker-0/INFO] [biolith/]: Dropping cycle-forming edge in biome bloomingnature:larch_forest: bloomingnature:cold/forest_moss_carpet_placed -> minecraft:brown_mushroom_taiga
[26Aug2026 04:54:47.929] [c2me-worker-0/INFO] [biolith/]: Dropping cycle-forming edge in biome bloomingnature:highland_woods: bloomingnature:flowers/cold_grassland_flower_patch_placed -> minecraft:brown_mushroom_taiga
[26Aug2026 04:54:48.470] [c2me-worker-0/INFO] [biolith/]: Dropping cycle-forming edge in biome alexscaves:forlorn_hollows: alexscaves:forlorn_hollows_brown_mushroom -> spelunkers_charm:deepslate_lava_geyser
[26Aug2026 04:54:51.057] [Server thread/INFO] [net.minecraft.server.MinecraftServer/]: [Chunky] Task running for minecraft:overworld. Processed: 2 chunks (0.01%), ETA: 27:51:25, Rate: 0.2 cps, Current: 3, 5
[26Aug2026 04:54:51.231] [c2me-worker-0/WARN] [net.minecraft.world.entity.ai.attributes.AttributeMap/]: Ignoring unknown attribute 'forge:entity_gravity'
[26Aug2026 04:54:51.232] [c2me-worker-0/WARN] [net.minecraft.world.entity.ai.attributes.AttributeMap/]: Ignoring unknown attribute 'forge:step_height_addition'
[26Aug2026 04:54:52.352] [Server thread/INFO] [net.minecraft.server.MinecraftServer/]: [Chunky] Task running for minecraft:overworld. Processed: 8 chunks (0.05%), ETA: 7:41:11, Rate: 0.6 cps, Current: 5, 5
[26Aug2026 04:54:53.440] [Server thread/INFO] [net.minecraft.server.MinecraftServer/]: [Chunky] Task running for minecraft:overworld. Processed: 17 chunks (0.11%), ETA: 3:54:06, Rate: 1.1 cps, Current: 5, 3
[26Aug2026 04:54:54.716] [Server thread/INFO] [net.minecraft.server.MinecraftServer/]: [Chunky] Task running for minecraft:overworld. Processed: 20 chunks (0.12%), ETA: 3:36:05, Rate: 1.2 cps, Current: 1, 2
[26Aug2026 04:54:55.882] [Server thread/INFO] [net.minecraft.server.MinecraftServer/]: [Chunky] Task running for minecraft:overworld. Processed: 23 chunks (0.14%), ETA: 3:21:28, Rate: 1.3 cps, Current: 1, 4
[26Aug2026 04:54:57.795] [Server thread/INFO] [net.minecraft.server.MinecraftServer/]: [Chunky] Task running for minecraft:overworld. Processed: 25 chunks (0.16%), ETA: 3:25:49, Rate: 1.3 cps, Current: 6, 2
[26Aug2026 04:54:58.810] [Server thread/INFO] [net.minecraft.server.MinecraftServer/]: [Chunky] Task running for minecraft:overworld. Processed: 28 chunks (0.17%), ETA: 3:13:30, Rate: 1.4 cps, Current: 2, 6
[26Aug2026 04:55:01.633] [Server thread/INFO] [net.minecraft.server.MinecraftServer/]: [Chunky] Task running for minecraft:overworld. Processed: 32 chunks (0.20%), ETA: 3:12:56, Rate: 1.4 cps, Current: 6, 4
[26Aug2026 04:55:02.926] [Server thread/INFO] [net.minecraft.server.MinecraftServer/]: [Chunky] Task running for minecraft:overworld. Processed: 38 chunks (0.24%), ETA: 2:51:32, Rate: 1.6 cps, Current: 6, 1
[26Aug2026 04:55:03.535] [c2me-worker-1/WARN] [net.minecraft.world.entity.ai.attributes.AttributeMap/]: Ignoring unknown attribute 'forge:step_height_addition'
[26Aug2026 04:55:03.535] [c2me-worker-1/WARN] [net.minecraft.world.entity.ai.attributes.AttributeMap/]: Ignoring unknown attribute 'forge:entity_gravity'
[26Aug2026 04:55:04.037] [Server thread/INFO] [net.minecraft.server.MinecraftServer/]: [Chunky] Task running for minecraft:overworld. Processed: 43 chunks (0.27%), ETA: 2:38:28, Rate: 1.7 cps, Current: 9, 2
[26Aug2026 04:55:05.128] [Server thread/INFO] [net.minecraft.server.MinecraftServer/]: [Chunky] Task running for minecraft:overworld. Processed: 52 chunks (0.32%), ETA: 2:16:35, Rate: 2.0 cps, Current: 9, 3
[26Aug2026 04:55:11.320] [Server thread/INFO] [net.minecraft.server.MinecraftServer/]: [Chunky] Task running for minecraft:overworld. Processed: 64 chunks (0.40%), ETA: 1:26:07, Rate: 3.1 cps, Current: 14, 1
[26Aug2026 04:55:12.365] [Server thread/INFO] [net.minecraft.server.MinecraftServer/]: [Chunky] Task running for minecraft:overworld. Processed: 82 chunks (0.51%), ETA: 1:10:21, Rate: 3.8 cps, Current: 10, 6
[26Aug2026 04:55:17.735] [Server thread/INFO] [net.minecraft.server.MinecraftServer/]: [Chunky] Task running for minecraft:overworld. Processed: 85 chunks (0.53%), ETA: 1:24:55, Rate: 3.1 cps, Current: 13, 6
[26Aug2026 04:55:19.492] [Server thread/INFO] [net.minecraft.server.MinecraftServer/]: [Chunky] Task running for minecraft:overworld. Processed: 87 chunks (0.54%), ETA: 1:28:24, Rate: 3.0 cps, Current: 1, 0
[26Aug2026 04:55:20.561] [Server thread/INFO] [net.minecraft.server.MinecraftServer/]: [Chunky] Task running for minecraft:overworld. Processed: 101 chunks (0.63%), ETA: 1:18:48, Rate: 3.4 cps, Current: 12, 8
[26Aug2026 04:55:21.611] [Server thread/INFO] [net.minecraft.server.MinecraftServer/]: [Chunky] Task running for minecraft:overworld. Processed: 114 chunks (0.71%), ETA: 1:12:59, Rate: 3.7 cps, Current: 14, 10
[26Aug2026 04:55:22.712] [Server thread/INFO] [net.minecraft.server.MinecraftServer/]: [Chunky] Task running for minecraft:overworld. Processed: 118 chunks (0.73%), ETA: 1:16:34, Rate: 3.5 cps, Current: 13, 11
[26Aug2026 04:55:23.914] [c2me-worker-0/WARN] [com.cupboard.Cupboard/]: A mod is trying to add an entity from offthread, this should be avoided. Printing trace:
java.lang.Exception: null
	at TRANSFORMER/minecraft@1.21.1/net.minecraft.server.level.ServerLevel.handler$dab000$cupboard$OnaddEntity(ServerLevel.java:1977) ~[server-1.21.1-20240808.144430-srg.jar%23299!/:?]
	at TRANSFORMER/minecraft@1.21.1/net.minecraft.server.level.ServerLevel.addEntity(ServerLevel.java) ~[server-1.21.1-20240808.144430-srg.jar%23299!/:?]
	at TRANSFORMER/minecraft@1.21.1/net.minecraft.server.level.ServerLevel.addFreshEntity(ServerLevel.java:894) ~[server-1.21.1-20240808.144430-srg.jar%23299!/:?]
	at TRANSFORMER/hominid@1.3.4/com.alganaut.hominid.registry.event.HominidClientEvents.onEntityJoinWorld(HominidClientEvents.java:76) ~[hominid-1.3.4.jar%23375!/:?]
	at MC-BOOTSTRAP/net.neoforged.bus/net.neoforged.bus.ConsumerEventHandler$WithPredicate.invoke(ConsumerEventHandler.java:48) ~[bus-8.0.5.jar%2362!/:?]
	at MC-BOOTSTRAP/net.neoforged.bus/net.neoforged.bus.EventBus.post(EventBus.java:360) ~[bus-8.0.5.jar%2362!/:?]
	at MC-BOOTSTRAP/net.neoforged.bus/net.neoforged.bus.EventBus.post(EventBus.java:328) ~[bus-8.0.5.jar%2362!/:?]
	at TRANSFORMER/neoforge@21.1.248/net.neoforged.neoforge.event.EventHooks.finalizeMobSpawn(EventHooks.java:321) ~[neoforge-21.1.248-universal.jar%23300!/:?]
	at TRANSFORMER/minecraft@1.21.1/net.minecraft.world.level.levelgen.structure.templatesystem.StructureTemplate.lambda$addEntitiesToWorld$5(StructureTemplate.java:479) ~[server-1.21.1-20240808.144430-srg.jar%23299!/:?]
	at java.base/java.util.Optional.ifPresent(Optional.java:178) ~[?:?]
	at TRANSFORMER/minecraft@1.21.1/net.minecraft.world.level.levelgen.structure.templatesystem.StructureTemplate.addEntitiesToWorld(StructureTemplate.java:474) ~[server-1.21.1-20240808.144430-srg.jar%23299!/:?]
	at TRANSFORMER/minecraft@1.21.1/net.minecraft.world.level.levelgen.structure.templatesystem.StructureTemplate.placeInWorld(StructureTemplate.java:362) ~[server-1.21.1-20240808.144430-srg.jar%23299!/:?]
	at TRANSFORMER/minecraft@1.21.1/net.minecraft.world.level.levelgen.structure.pools.SinglePoolElement.place(SinglePoolElement.java:143) ~[server-1.21.1-20240808.144430-srg.jar%23299!/:?]
	at TRANSFORMER/minecraft@1.21.1/net.minecraft.world.level.levelgen.structure.PoolElementStructurePiece.place(PoolElementStructurePiece.java:98) ~[server-1.21.1-20240808.144430-srg.jar%23299!/:?]
	at TRANSFORMER/minecraft@1.21.1/net.minecraft.world.level.levelgen.structure.PoolElementStructurePiece.postProcess(PoolElementStructurePiece.java:94) ~[server-1.21.1-20240808.144430-srg.jar%23299!/:?]
	at TRANSFORMER/minecraft@1.21.1/net.minecraft.world.level.levelgen.structure.StructureStart.placeInChunk(StructureStart.java:92) ~[server-1.21.1-20240808.144430-srg.jar%23299!/:?]
	at TRANSFORMER/minecraft@1.21.1/net.minecraft.world.level.chunk.ChunkGenerator.lambda$applyBiomeDecoration$8(ChunkGenerator.java:357) ~[server-1.21.1-20240808.144430-srg.jar%23299!/:?]
	at MC-BOOTSTRAP/com.google.common@32.1.2-jre/com.google.common.collect.ImmutableList.forEach(ImmutableList.java:422) ~[guava-32.1.2-jre.jar%2387!/:?]
	at TRANSFORMER/minecraft@1.21.1/net.minecraft.world.level.chunk.ChunkGenerator.applyBiomeDecoration(ChunkGenerator.java:356) ~[server-1.21.1-20240808.144430-srg.jar%23299!/:?]
	at TRANSFORMER/minecraft@1.21.1/net.minecraft.world.level.chunk.status.ChunkStatusTasks.generateFeatures(ChunkStatusTasks.java:154) ~[server-1.21.1-20240808.144430-srg.jar%23299!/:?]
	at TRANSFORMER/minecraft@1.21.1/net.minecraft.world.level.chunk.status.ChunkStep.apply(ChunkStep.java:33) ~[server-1.21.1-20240808.144430-srg.jar%23299!/:?]
	at TRANSFORMER/c2me_rewrites_chunk_system@0.4.0-alpha.0.120+1.21.1/com.ishland.c2me.rewrites.chunksystem.common.statuses.VanillaWorldGenerationDelegate.lambda$upgradeToThis$5(VanillaWorldGenerationDelegate.java:176) ~[c2me-neoforge-rewrites-chunk-system-mc1.21.1-0.4.0-alpha.0.120.jar%23649!/:?]
	at TRANSFORMER/c2me_base@0.4.0-alpha.0.120+1.21.1/com.ishland.c2me.base.common.scheduler.ScheduledTask.run(ScheduledTask.java:46) [c2me-neoforge-base-mc1.21.1-0.4.0-alpha.0.120-all.jar%23585!/:?]
	at TRANSFORMER/c2me_base@0.4.0-alpha.0.120+1.21.1/com.ishland.flowsched.executor.WorkerThread.pollTasks(WorkerThread.java:51) [c2me-neoforge-base-mc1.21.1-0.4.0-alpha.0.120-all.jar%23585!/:?]
	at TRANSFORMER/c2me_base@0.4.0-alpha.0.120+1.21.1/com.ishland.flowsched.executor.WorkerThread.run(WorkerThread.java:29) [c2me-neoforge-base-mc1.21.1-0.4.0-alpha.0.120-all.jar%23585!/:?]
[26Aug2026 04:55:24.075] [Server thread/INFO] [net.minecraft.server.MinecraftServer/]: [Chunky] Task running for minecraft:overworld. Processed: 123 chunks (0.76%), ETA: 1:15:18, Rate: 3.5 cps, Current: 8, 7
[26Aug2026 04:55:25.078] [Server thread/INFO] [net.minecraft.server.MinecraftServer/]: [Chunky] Task running for minecraft:overworld. Processed: 139 chunks (0.86%), ETA: 1:06:30, Rate: 4.0 cps, Current: 13, 14
[26Aug2026 04:55:26.154] [Server thread/INFO] [net.minecraft.server.MinecraftServer/]: [Chunky] Task running for minecraft:overworld. Processed: 154 chunks (0.95%), ETA: 0:58:05, Rate: 4.6 cps, Current: 8, 13
[26Aug2026 04:55:27.013] [c2me-worker-1/WARN] [com.cupboard.Cupboard/]: A mod is trying to add an entity from offthread, this should be avoided. Printing trace:
java.lang.Exception: null
	at TRANSFORMER/minecraft@1.21.1/net.minecraft.server.level.ServerLevel.handler$dab000$cupboard$OnaddEntity(ServerLevel.java:1977) ~[server-1.21.1-20240808.144430-srg.jar%23299!/:?]
	at TRANSFORMER/minecraft@1.21.1/net.minecraft.server.level.ServerLevel.addEntity(ServerLevel.java) ~[server-1.21.1-20240808.144430-srg.jar%23299!/:?]
	at TRANSFORMER/minecraft@1.21.1/net.minecraft.server.level.ServerLevel.addFreshEntity(ServerLevel.java:894) ~[server-1.21.1-20240808.144430-srg.jar%23299!/:?]
	at TRANSFORMER/hominid@1.3.4/com.alganaut.hominid.registry.event.HominidClientEvents.onEntityJoinWorld(HominidClientEvents.java:85) ~[hominid-1.3.4.jar%23375!/:?]
	at MC-BOOTSTRAP/net.neoforged.bus/net.neoforged.bus.ConsumerEventHandler$WithPredicate.invoke(ConsumerEventHandler.java:48) ~[bus-8.0.5.jar%2362!/:?]
	at MC-BOOTSTRAP/net.neoforged.bus/net.neoforged.bus.EventBus.post(EventBus.java:360) ~[bus-8.0.5.jar%2362!/:?]
	at MC-BOOTSTRAP/net.neoforged.bus/net.neoforged.bus.EventBus.post(EventBus.java:328) ~[bus-8.0.5.jar%2362!/:?]
	at TRANSFORMER/neoforge@21.1.248/net.neoforged.neoforge.event.EventHooks.finalizeMobSpawn(EventHooks.java:321) ~[neoforge-21.1.248-universal.jar%23300!/:?]
	at TRANSFORMER/minecraft@1.21.1/net.minecraft.world.level.levelgen.structure.templatesystem.StructureTemplate.lambda$addEntitiesToWorld$5(StructureTemplate.java:479) ~[server-1.21.1-20240808.144430-srg.jar%23299!/:?]
	at java.base/java.util.Optional.ifPresent(Optional.java:178) ~[?:?]
	at TRANSFORMER/minecraft@1.21.1/net.minecraft.world.level.levelgen.structure.templatesystem.StructureTemplate.addEntitiesToWorld(StructureTemplate.java:474) ~[server-1.21.1-20240808.144430-srg.jar%23299!/:?]
	at TRANSFORMER/minecraft@1.21.1/net.minecraft.world.level.levelgen.structure.templatesystem.StructureTemplate.placeInWorld(StructureTemplate.java:362) ~[server-1.21.1-20240808.144430-srg.jar%23299!/:?]
	at TRANSFORMER/minecraft@1.21.1/net.minecraft.world.level.levelgen.structure.pools.SinglePoolElement.place(SinglePoolElement.java:143) ~[server-1.21.1-20240808.144430-srg.jar%23299!/:?]
	at TRANSFORMER/minecraft@1.21.1/net.minecraft.world.level.levelgen.structure.PoolElementStructurePiece.place(PoolElementStructurePiece.java:98) ~[server-1.21.1-20240808.144430-srg.jar%23299!/:?]
	at TRANSFORMER/minecraft@1.21.1/net.minecraft.world.level.levelgen.structure.PoolElementStructurePiece.postProcess(PoolElementStructurePiece.java:94) ~[server-1.21.1-20240808.144430-srg.jar%23299!/:?]
	at TRANSFORMER/minecraft@1.21.1/net.minecraft.world.level.levelgen.structure.StructureStart.placeInChunk(StructureStart.java:92) ~[server-1.21.1-20240808.144430-srg.jar%23299!/:?]
	at TRANSFORMER/minecraft@1.21.1/net.minecraft.world.level.chunk.ChunkGenerator.lambda$applyBiomeDecoration$8(ChunkGenerator.java:357) ~[server-1.21.1-20240808.144430-srg.jar%23299!/:?]
	at MC-BOOTSTRAP/com.google.common@32.1.2-jre/com.google.common.collect.ImmutableList.forEach(ImmutableList.java:422) ~[guava-32.1.2-jre.jar%2387!/:?]
	at TRANSFORMER/minecraft@1.21.1/net.minecraft.world.level.chunk.ChunkGenerator.applyBiomeDecoration(ChunkGenerator.java:356) ~[server-1.21.1-20240808.144430-srg.jar%23299!/:?]
	at TRANSFORMER/minecraft@1.21.1/net.minecraft.world.level.chunk.status.ChunkStatusTasks.generateFeatures(ChunkStatusTasks.java:154) ~[server-1.21.1-20240808.144430-srg.jar%23299!/:?]
	at TRANSFORMER/minecraft@1.21.1/net.minecraft.world.level.chunk.status.ChunkStep.apply(ChunkStep.java:33) ~[server-1.21.1-20240808.144430-srg.jar%23299!/:?]
	at TRANSFORMER/c2me_rewrites_chunk_system@0.4.0-alpha.0.120+1.21.1/com.ishland.c2me.rewrites.chunksystem.common.statuses.VanillaWorldGenerationDelegate.lambda$upgradeToThis$5(VanillaWorldGenerationDelegate.java:176) ~[c2me-neoforge-rewrites-chunk-system-mc1.21.1-0.4.0-alpha.0.120.jar%23649!/:?]
	at TRANSFORMER/c2me_base@0.4.0-alpha.0.120+1.21.1/com.ishland.c2me.base.common.scheduler.ScheduledTask.run(ScheduledTask.java:46) [c2me-neoforge-base-mc1.21.1-0.4.0-alpha.0.120-all.jar%23585!/:?]
	at TRANSFORMER/c2me_base@0.4.0-alpha.0.120+1.21.1/com.ishland.flowsched.executor.WorkerThread.pollTasks(WorkerThread.java:51) [c2me-neoforge-base-mc1.21.1-0.4.0-alpha.0.120-all.jar%23585!/:?]
	at TRANSFORMER/c2me_base@0.4.0-alpha.0.120+1.21.1/com.ishland.flowsched.executor.WorkerThread.run(WorkerThread.java:29) [c2me-neoforge-base-mc1.21.1-0.4.0-alpha.0.120-all.jar%23585!/:?]
[26Aug2026 04:55:27.160] [Server thread/INFO] [net.minecraft.server.MinecraftServer/]: [Chunky] Task running for minecraft:overworld. Processed: 165 chunks (1.02%), ETA: 0:55:25, Rate: 4.8 cps, Current: 7, 9
[26Aug2026 04:55:27.227] [Server thread/WARN] [net.minecraft.world.entity.EntityType/]: Skipping Entity with id 
[26Aug2026 04:55:27.357] [Server thread/WARN] [net.minecraft.world.entity.EntityType/]: Skipping Entity with id 
[26Aug2026 04:55:27.456] [Server thread/WARN] [net.minecraft.world.entity.EntityType/]: Skipping Entity with id 
[26Aug2026 04:55:27.465] [Server thread/WARN] [net.minecraft.world.entity.EntityType/]: Skipping Entity with id 
[26Aug2026 04:55:27.465] [Server thread/WARN] [net.minecraft.world.entity.EntityType/]: Skipping Entity with id 
[26Aug2026 04:55:27.469] [Server thread/WARN] [net.minecraft.world.entity.EntityType/]: Skipping Entity with id 
[26Aug2026 04:55:27.548] [Server thread/WARN] [net.minecraft.world.entity.EntityType/]: Skipping Entity with id 
[26Aug2026 04:55:27.940] [Server thread/WARN] [net.minecraft.world.entity.EntityType/]: Skipping Entity with id 
[26Aug2026 04:55:28.232] [Server thread/INFO] [net.minecraft.server.MinecraftServer/]: [Chunky] Task running for minecraft:overworld. Processed: 186 chunks (1.15%), ETA: 0:49:10, Rate: 5.4 cps, Current: 2, 8
[26Aug2026 04:55:29.328] [Server thread/INFO] [net.minecraft.server.MinecraftServer/]: [Chunky] Task running for minecraft:overworld. Processed: 195 chunks (1.21%), ETA: 0:44:50, Rate: 5.9 cps, Current: 4, 11
[26Aug2026 04:55:32.758] [Server thread/INFO] [net.minecraft.server.MinecraftServer/]: [Chunky] Task running for minecraft:overworld. Processed: 212 chunks (1.31%), ETA: 0:45:13, Rate: 5.9 cps, Current: 1, 14
[26Aug2026 04:55:33.721] [c2me-worker-0/WARN] [lithostitched/]: Couldn't find template pool reference: ati_structures:lighthouse_rock (Jigsaw block location: 87, 61, 410)
[26Aug2026 04:55:33.973] [Server thread/INFO] [net.minecraft.server.MinecraftServer/]: [Chunky] Task running for minecraft:overworld. Processed: 215 chunks (1.33%), ETA: 0:45:53, Rate: 5.8 cps, Current: 11, 0
[26Aug2026 04:55:35.090] [Server thread/INFO] [net.minecraft.server.MinecraftServer/]: [Chunky] Task running for minecraft:overworld. Processed: 222 chunks (1.38%), ETA: 0:46:27, Rate: 5.7 cps, Current: 1, 18
[26Aug2026 04:55:36.133] [Server thread/INFO] [net.minecraft.server.MinecraftServer/]: [Chunky] Task running for minecraft:overworld. Processed: 235 chunks (1.46%), ETA: 0:38:12, Rate: 6.9 cps, Current: 3, 17
[26Aug2026 04:55:36.284] [c2me-worker-0/WARN] [net.minecraft.world.entity.ai.attributes.AttributeMap/]: Ignoring unknown attribute 'forge:step_height_addition'
[26Aug2026 04:55:36.917] [c2me-worker-0/WARN] [net.minecraft.world.entity.ai.attributes.AttributeMap/]: Ignoring unknown attribute 'forge:step_height_addition'
[26Aug2026 04:55:36.918] [c2me-worker-0/WARN] [net.minecraft.world.entity.ai.attributes.AttributeMap/]: Ignoring unknown attribute 'forge:step_height_addition'
[26Aug2026 04:55:36.919] [c2me-worker-0/WARN] [net.minecraft.world.entity.ai.attributes.AttributeMap/]: Ignoring unknown attribute 'forge:step_height_addition'
[26Aug2026 04:55:37.634] [Server thread/INFO] [net.minecraft.server.MinecraftServer/]: [Chunky] Task running for minecraft:overworld. Processed: 243 chunks (1.51%), ETA: 0:38:42, Rate: 6.8 cps, Current: 15, 0
[26Aug2026 04:55:38.968] [Server thread/INFO] [net.minecraft.server.MinecraftServer/]: [Chunky] Task running for minecraft:overworld. Processed: 251 chunks (1.56%), ETA: 0:38:55, Rate: 6.8 cps, Current: 15, 4
[26Aug2026 04:55:40.049] [Server thread/INFO] [net.minecraft.server.MinecraftServer/]: [Chunky] Task running for minecraft:overworld. Processed: 256 chunks (1.59%), ETA: 0:39:22, Rate: 6.7 cps, Current: 5, 22
[26Aug2026 04:55:41.073] [Server thread/INFO] [net.minecraft.server.MinecraftServer/]: [Chunky] Task running for minecraft:overworld. Processed: 274 chunks (1.70%), ETA: 0:37:15, Rate: 7.1 cps, Current: 1, 22
[26Aug2026 04:55:42.087] [Server thread/INFO] [net.minecraft.server.MinecraftServer/]: [Chunky] Task running for minecraft:overworld. Processed: 280 chunks (1.74%), ETA: 0:39:27, Rate: 6.7 cps, Current: 1, 24
[26Aug2026 04:55:43.131] [Server thread/INFO] [net.minecraft.server.MinecraftServer/]: [Chunky] Task running for minecraft:overworld. Processed: 283 chunks (1.75%), ETA: 0:33:42, Rate: 7.8 cps, Current: 15, 12
[26Aug2026 04:55:44.261] [Server thread/INFO] [net.minecraft.server.MinecraftServer/]: [Chunky] Task running for minecraft:overworld. Processed: 291 chunks (1.80%), ETA: 0:33:49, Rate: 7.8 cps, Current: 8, 15
[26Aug2026 04:55:45.370] [Server thread/INFO] [net.minecraft.server.MinecraftServer/]: [Chunky] Task running for minecraft:overworld. Processed: 294 chunks (1.82%), ETA: 0:34:43, Rate: 7.6 cps, Current: 11, 15
[26Aug2026 04:55:46.372] [Server thread/INFO] [net.minecraft.server.MinecraftServer/]: [Chunky] Task running for minecraft:overworld. Processed: 300 chunks (1.86%), ETA: 0:34:58, Rate: 7.5 cps, Current: 1, 29
[26Aug2026 04:55:47.425] [Server thread/INFO] [net.minecraft.server.MinecraftServer/]: [Chunky] Task running for minecraft:overworld. Processed: 315 chunks (1.95%), ETA: 0:33:52, Rate: 7.8 cps, Current: 5, 23
[26Aug2026 04:55:48.616] [Server thread/INFO] [net.minecraft.server.MinecraftServer/]: [Chunky] Task running for minecraft:overworld. Processed: 323 chunks (2.00%), ETA: 0:32:22, Rate: 8.1 cps, Current: 5, 28
[26Aug2026 04:55:49.741] [Server thread/INFO] [net.minecraft.server.MinecraftServer/]: [Chunky] Task running for minecraft:overworld. Processed: 350 chunks (2.17%), ETA: 0:30:41, Rate: 8.6 cps, Current: 7, 25
[26Aug2026 04:55:50.819] [Server thread/INFO] [net.minecraft.server.MinecraftServer/]: [Chunky] Task running for minecraft:overworld. Processed: 362 chunks (2.24%), ETA: 0:30:49, Rate: 8.5 cps, Current: 8, 27
[26Aug2026 04:55:51.970] [Server thread/INFO] [net.minecraft.server.MinecraftServer/]: [Chunky] Task running for minecraft:overworld. Processed: 376 chunks (2.33%), ETA: 0:29:39, Rate: 8.9 cps, Current: 11, 30
[26Aug2026 04:55:53.087] [Server thread/INFO] [net.minecraft.server.MinecraftServer/]: [Chunky] Task running for minecraft:overworld. Processed: 385 chunks (2.39%), ETA: 0:28:56, Rate: 9.1 cps, Current: 14, 29
[26Aug2026 04:55:54.120] [Server thread/INFO] [net.minecraft.server.MinecraftServer/]: [Chunky] Task running for minecraft:overworld. Processed: 405 chunks (2.51%), ETA: 0:28:30, Rate: 9.2 cps, Current: 8, 24
[26Aug2026 04:55:55.135] [Server thread/INFO] [net.minecraft.server.MinecraftServer/]: [Chunky] Task running for minecraft:overworld. Processed: 433 chunks (2.68%), ETA: 0:27:04, Rate: 9.7 cps, Current: 14, 21
[26Aug2026 04:55:56.398] [Server thread/INFO] [net.minecraft.server.MinecraftServer/]: [Chunky] Task running for minecraft:overworld. Processed: 472 chunks (2.93%), ETA: 0:24:46, Rate: 10.5 cps, Current: 15, 18
[26Aug2026 04:55:57.458] [Server thread/INFO] [net.minecraft.server.MinecraftServer/]: [Chunky] Task running for minecraft:overworld. Processed: 481 chunks (2.98%), ETA: 0:25:45, Rate: 10.1 cps, Current: 18, 17
[26Aug2026 04:55:58.532] [Server thread/INFO] [net.minecraft.server.MinecraftServer/]: [Chunky] Task running for minecraft:overworld. Processed: 486 chunks (3.01%), ETA: 0:26:04, Rate: 10.0 cps, Current: 0, 26
[26Aug2026 04:55:59.594] [Server thread/INFO] [net.minecraft.server.MinecraftServer/]: [Chunky] Task running for minecraft:overworld. Processed: 495 chunks (3.07%), ETA: 0:24:37, Rate: 10.6 cps, Current: 20, 18
[26Aug2026 04:55:59.800] [c2me-worker-0/WARN] [net.minecraft.world.entity.ai.attributes.AttributeMap/]: Ignoring unknown attribute 'forge:step_height_addition'
[26Aug2026 04:55:59.894] [c2me-worker-1/WARN] [net.minecraft.world.entity.ai.attributes.AttributeMap/]: Ignoring unknown attribute 'forge:step_height_addition'
[26Aug2026 04:55:59.895] [c2me-worker-1/WARN] [net.minecraft.world.entity.ai.attributes.AttributeMap/]: Ignoring unknown attribute 'forge:step_height_addition'
[26Aug2026 04:55:59.896] [c2me-worker-1/WARN] [net.minecraft.world.entity.ai.attributes.AttributeMap/]: Ignoring unknown attribute 'forge:step_height_addition'
[26Aug2026 04:56:00.696] [Server thread/INFO] [net.minecraft.server.MinecraftServer/]: [Chunky] Task running for minecraft:overworld. Processed: 510 chunks (3.16%), ETA: 0:24:19, Rate: 10.7 cps, Current: 20, 21
[26Aug2026 04:56:01.704] [Server thread/INFO] [net.minecraft.server.MinecraftServer/]: [Chunky] Task running for minecraft:overworld. Processed: 537 chunks (3.33%), ETA: 0:23:04, Rate: 11.3 cps, Current: 17, 24
[26Aug2026 04:56:02.708] [Server thread/INFO] [net.minecraft.server.MinecraftServer/]: [Chunky] Task running for minecraft:overworld. Processed: 556 chunks (3.45%), ETA: 0:22:31, Rate: 11.5 cps, Current: 17, 29
[26Aug2026 04:56:03.903] [Server thread/INFO] [net.minecraft.server.MinecraftServer/]: [Chunky] Task running for minecraft:overworld. Processed: 574 chunks (3.56%), ETA: 0:21:33, Rate: 12.0 cps, Current: 21, 29
[26Aug2026 04:56:06.306] [Server thread/INFO] [net.minecraft.server.MinecraftServer/]: [Chunky] Task running for minecraft:overworld. Processed: 595 chunks (3.69%), ETA: 0:21:01, Rate: 12.3 cps, Current: 0, 31
[26Aug2026 04:56:07.437] [Server thread/INFO] [net.minecraft.server.MinecraftServer/]: [Chunky] Task running for minecraft:overworld. Processed: 601 chunks (3.73%), ETA: 0:21:29, Rate: 12.0 cps, Current: 6, 31
[26Aug2026 04:56:08.625] [Server thread/INFO] [net.minecraft.server.MinecraftServer/]: [Chunky] Task running for minecraft:overworld. Processed: 608 chunks (3.77%), ETA: 0:21:25, Rate: 12.1 cps, Current: 7, 31
[26Aug2026 04:56:09.652] [Server thread/INFO] [net.minecraft.server.MinecraftServer/]: [Chunky] Task running for minecraft:overworld. Processed: 625 chunks (3.88%), ETA: 0:20:40, Rate: 12.5 cps, Current: 26, 27
[26Aug2026 04:56:10.821] [Server thread/INFO] [net.minecraft.server.MinecraftServer/]: [Chunky] Task running for minecraft:overworld. Processed: 630 chunks (3.91%), ETA: 0:21:31, Rate: 12.0 cps, Current: 27, 29
[26Aug2026 04:56:11.852] [Server thread/INFO] [net.minecraft.server.MinecraftServer/]: [Chunky] Task running for minecraft:overworld. Processed: 635 chunks (3.94%), ETA: 0:21:35, Rate: 12.0 cps, Current: 12, 31
[26Aug2026 04:56:12.946] [Server thread/INFO] [net.minecraft.server.MinecraftServer/]: [Chunky] Task running for minecraft:overworld. Processed: 640 chunks (3.97%), ETA: 0:21:29, Rate: 12.0 cps, Current: 27, 28
[26Aug2026 04:56:13.970] [Server thread/INFO] [net.minecraft.server.MinecraftServer/]: [Chunky] Task running for minecraft:overworld. Processed: 656 chunks (4.07%), ETA: 0:20:55, Rate: 12.3 cps, Current: 30, 26
[26Aug2026 04:56:15.100] [Server thread/INFO] [net.minecraft.server.MinecraftServer/]: [Chunky] Task running for minecraft:overworld. Processed: 668 chunks (4.14%), ETA: 0:20:25, Rate: 12.6 cps, Current: 28, 22
[26Aug2026 04:56:16.115] [Server thread/INFO] [net.minecraft.server.MinecraftServer/]: [Chunky] Task running for minecraft:overworld. Processed: 698 chunks (4.33%), ETA: 0:19:10, Rate: 13.4 cps, Current: 23, 18
[26Aug2026 04:56:17.145] [Server thread/INFO] [net.minecraft.server.MinecraftServer/]: [Chunky] Task running for minecraft:overworld. Processed: 720 chunks (4.46%), ETA: 0:18:47, Rate: 13.7 cps, Current: 30, 18
[26Aug2026 04:56:18.326] [Server thread/INFO] [net.minecraft.server.MinecraftServer/]: [Chunky] Task running for minecraft:overworld. Processed: 723 chunks (4.48%), ETA: 0:19:01, Rate: 13.5 cps, Current: 16, 16
[26Aug2026 04:56:20.205] [Server thread/INFO] [net.minecraft.server.MinecraftServer/]: [Chunky] Task running for minecraft:overworld. Processed: 739 chunks (4.58%), ETA: 0:19:56, Rate: 12.9 cps, Current: 29, 15
[26Aug2026 04:56:23.321] [Server thread/INFO] [net.minecraft.server.MinecraftServer/]: [Chunky] Task running for minecraft:overworld. Processed: 743 chunks (4.61%), ETA: 0:22:05, Rate: 11.6 cps, Current: 16, 31
[26Aug2026 04:56:24.560] [Server thread/INFO] [net.minecraft.server.MinecraftServer/]: [Chunky] Task running for minecraft:overworld. Processed: 748 chunks (4.64%), ETA: 0:23:52, Rate: 10.7 cps, Current: 29, 9
[26Aug2026 04:56:25.655] [Server thread/INFO] [net.minecraft.server.MinecraftServer/]: [Chunky] Task running for minecraft:overworld. Processed: 757 chunks (4.69%), ETA: 0:26:12, Rate: 9.8 cps, Current: 28, 11
[26Aug2026 04:56:26.753] [Server thread/INFO] [net.minecraft.server.MinecraftServer/]: [Chunky] Task running for minecraft:overworld. Processed: 771 chunks (4.78%), ETA: 0:25:46, Rate: 9.9 cps, Current: 25, 9
[26Aug2026 04:56:27.760] [Server thread/INFO] [net.minecraft.server.MinecraftServer/]: [Chunky] Task running for minecraft:overworld. Processed: 802 chunks (4.97%), ETA: 0:23:33, Rate: 10.8 cps, Current: 20, 15
[26Aug2026 04:56:28.903] [Server thread/INFO] [net.minecraft.server.MinecraftServer/]: [Chunky] Task running for minecraft:overworld. Processed: 833 chunks (5.16%), ETA: 0:22:02, Rate: 11.6 cps, Current: 16, 10
[26Aug2026 04:56:29.919] [Server thread/INFO] [net.minecraft.server.MinecraftServer/]: [Chunky] Task running for minecraft:overworld. Processed: 855 chunks (5.30%), ETA: 0:21:30, Rate: 11.8 cps, Current: 28, 31
[26Aug2026 04:56:30.239] [c2me-worker-0/WARN] [net.minecraft.world.entity.ai.attributes.AttributeMap/]: Ignoring unknown attribute 'forge:entity_gravity'
[26Aug2026 04:56:30.932] [Server thread/INFO] [net.minecraft.server.MinecraftServer/]: [Chunky] Task running for minecraft:overworld. Processed: 878 chunks (5.44%), ETA: 0:21:43, Rate: 11.7 cps, Current: 16, 5
[26Aug2026 04:56:31.935] [Server thread/INFO] [net.minecraft.server.MinecraftServer/]: [Chunky] Task running for minecraft:overworld. Processed: 902 chunks (5.59%), ETA: 0:21:22, Rate: 11.9 cps, Current: 20, 4
[26Aug2026 04:56:32.975] [c2me-worker-1/WARN] [net.minecraft.world.entity.ai.attributes.AttributeMap/]: Ignoring unknown attribute 'forge:step_height_addition'
[26Aug2026 04:56:32.975] [c2me-worker-1/WARN] [net.minecraft.world.entity.ai.attributes.AttributeMap/]: Ignoring unknown attribute 'forge:entity_gravity'
[26Aug2026 04:56:32.981] [Server thread/INFO] [net.minecraft.server.MinecraftServer/]: [Chunky] Task running for minecraft:overworld. Processed: 915 chunks (5.67%), ETA: 0:21:33, Rate: 11.8 cps, Current: 23, 7
[26Aug2026 04:56:33.983] [Server thread/INFO] [net.minecraft.server.MinecraftServer/]: [Chunky] Task running for minecraft:overworld. Processed: 942 chunks (5.84%), ETA: 0:20:07, Rate: 12.6 cps, Current: 26, 4
[26Aug2026 04:56:35.076] [Server thread/INFO] [net.minecraft.server.MinecraftServer/]: [Chunky] Task running for minecraft:overworld. Processed: 959 chunks (5.95%), ETA: 0:19:55, Rate: 12.7 cps, Current: 30, 6
[26Aug2026 04:56:36.221] [Server thread/INFO] [net.minecraft.server.MinecraftServer/]: [Chunky] Task running for minecraft:overworld. Processed: 973 chunks (6.03%), ETA: 0:19:56, Rate: 12.7 cps, Current: 28, 1
[26Aug2026 04:56:38.440] [Server thread/INFO] [net.minecraft.server.MinecraftServer/]: [Chunky] Task running for minecraft:overworld. Processed: 978 chunks (6.06%), ETA: 0:20:17, Rate: 12.4 cps, Current: 31, 29
[26Aug2026 04:56:40.013] [Server thread/INFO] [net.minecraft.server.MinecraftServer/]: [Chunky] Task running for minecraft:overworld. Processed: 982 chunks (6.09%), ETA: 0:20:52, Rate: 12.1 cps, Current: 31, 27
[26Aug2026 04:56:41.041] [Server thread/INFO] [net.minecraft.server.MinecraftServer/]: [Chunky] Task running for minecraft:overworld. Processed: 997 chunks (6.18%), ETA: 0:20:16, Rate: 12.4 cps, Current: 31, 8
[26Aug2026 04:56:42.133] [Server thread/INFO] [net.minecraft.server.MinecraftServer/]: [Chunky] Task running for minecraft:overworld. Processed: 1020 chunks (6.32%), ETA: 0:19:17, Rate: 13.1 cps, Current: 34, 4
[26Aug2026 04:56:43.218] [Server thread/INFO] [net.minecraft.server.MinecraftServer/]: [Chunky] Task running for minecraft:overworld. Processed: 1024 chunks (6.35%), ETA: 0:19:57, Rate: 12.6 cps, Current: 35, 5
[26Aug2026 04:56:44.331] [Server thread/INFO] [net.minecraft.server.MinecraftServer/]: [Chunky] Task running for minecraft:overworld. Processed: 1041 chunks (6.45%), ETA: 0:19:39, Rate: 12.8 cps, Current: 37, 2
[26Aug2026 04:56:45.342] [Server thread/INFO] [net.minecraft.server.MinecraftServer/]: [Chunky] Task running for minecraft:overworld. Processed: 1049 chunks (6.50%), ETA: 0:20:52, Rate: 12.0 cps, Current: 37, 1
[26Aug2026 04:56:46.938] [Server thread/INFO] [net.minecraft.server.MinecraftServer/]: [Chunky] Task running for minecraft:overworld. Processed: 1054 chunks (6.53%), ETA: 0:22:20, Rate: 11.2 cps, Current: 40, 2
[26Aug2026 04:56:48.550] [Server thread/INFO] [net.minecraft.server.MinecraftServer/]: [Chunky] Task running for minecraft:overworld. Processed: 1059 chunks (6.57%), ETA: 0:22:10, Rate: 11.3 cps, Current: 16, 0
[26Aug2026 04:56:55.659] [Server thread/INFO] [net.minecraft.server.MinecraftServer/]: [Chunky] Task running for minecraft:overworld. Processed: 1062 chunks (6.58%), ETA: 0:24:51, Rate: 10.1 cps, Current: 19, 0
[26Aug2026 04:56:56.710] [Server thread/INFO] [net.minecraft.server.MinecraftServer/]: [Chunky] Task running for minecraft:overworld. Processed: 1071 chunks (6.64%), ETA: 0:24:58, Rate: 10.0 cps, Current: 44, 2
[26Aug2026 04:56:57.763] [Server thread/INFO] [net.minecraft.server.MinecraftServer/]: [Chunky] Task running for minecraft:overworld. Processed: 1082 chunks (6.71%), ETA: 0:28:57, Rate: 8.7 cps, Current: 39, 4
[26Aug2026 04:56:59.545] [Server thread/INFO] [net.minecraft.server.MinecraftServer/]: [Chunky] Task running for minecraft:overworld. Processed: 1087 chunks (6.74%), ETA: 0:31:52, Rate: 7.9 cps, Current: 46, 3
[26Aug2026 04:57:00.592] [Server thread/INFO] [net.minecraft.server.MinecraftServer/]: [Chunky] Task running for minecraft:overworld. Processed: 1103 chunks (6.84%), ETA: 0:32:51, Rate: 7.6 cps, Current: 43, 6
[26Aug2026 04:57:02.131] [Server thread/INFO] [net.minecraft.server.MinecraftServer/]: [Chunky] Task running for minecraft:overworld. Processed: 1114 chunks (6.91%), ETA: 0:36:28, Rate: 6.9 cps, Current: 39, 7
[26Aug2026 04:57:03.241] [Server thread/INFO] [net.minecraft.server.MinecraftServer/]: [Chunky] Task running for minecraft:overworld. Processed: 1121 chunks (6.95%), ETA: 0:40:39, Rate: 6.2 cps, Current: 41, 10
[26Aug2026 04:57:03.827] [c2me-worker-1/WARN] [net.minecraft.world.entity.ai.attributes.AttributeMap/]: Ignoring unknown attribute 'forge:entity_gravity'
[26Aug2026 04:57:03.831] [c2me-worker-1/WARN] [net.minecraft.world.entity.ai.attributes.AttributeMap/]: Ignoring unknown attribute 'forge:entity_gravity'
[26Aug2026 04:57:03.832] [c2me-worker-1/WARN] [net.minecraft.world.entity.ai.attributes.AttributeMap/]: Ignoring unknown attribute 'forge:entity_gravity'
[26Aug2026 04:57:03.833] [c2me-worker-1/WARN] [net.minecraft.world.entity.ai.attributes.AttributeMap/]: Ignoring unknown attribute 'forge:entity_gravity'
[26Aug2026 04:57:03.834] [c2me-worker-1/WARN] [net.minecraft.world.entity.ai.attributes.AttributeMap/]: Ignoring unknown attribute 'forge:entity_gravity'
[26Aug2026 04:57:03.835] [c2me-worker-1/WARN] [net.minecraft.world.entity.ai.attributes.AttributeMap/]: Ignoring unknown attribute 'forge:entity_gravity'
[26Aug2026 04:57:04.020] [c2me-worker-1/WARN] [net.minecraft.world.entity.ai.attributes.AttributeMap/]: Ignoring unknown attribute 'forge:entity_gravity'
[26Aug2026 04:57:04.021] [c2me-worker-1/WARN] [net.minecraft.world.entity.ai.attributes.AttributeMap/]: Ignoring unknown attribute 'forge:entity_gravity'
[26Aug2026 04:57:04.257] [Server thread/INFO] [net.minecraft.server.MinecraftServer/]: [Chunky] Task running for minecraft:overworld. Processed: 1135 chunks (7.04%), ETA: 0:41:12, Rate: 6.1 cps, Current: 43, 10
[26Aug2026 04:57:05.342] [Server thread/INFO] [net.minecraft.server.MinecraftServer/]: [Chunky] Task running for minecraft:overworld. Processed: 1141 chunks (7.07%), ETA: 0:43:02, Rate: 5.8 cps, Current: 46, 11
[26Aug2026 04:57:06.436] [Server thread/INFO] [net.minecraft.server.MinecraftServer/]: [Chunky] Task running for minecraft:overworld. Processed: 1149 chunks (7.12%), ETA: 0:40:38, Rate: 6.1 cps, Current: 28, 0
[26Aug2026 04:57:07.451] [Server thread/INFO] [net.minecraft.server.MinecraftServer/]: [Chunky] Task running for minecraft:overworld. Processed: 1168 chunks (7.24%), ETA: 0:37:52, Rate: 6.6 cps, Current: 41, 13
[26Aug2026 04:57:08.534] [Server thread/INFO] [net.minecraft.server.MinecraftServer/]: [Chunky] Task running for minecraft:overworld. Processed: 1177 chunks (7.30%), ETA: 0:36:15, Rate: 6.9 cps, Current: 40, 14
[26Aug2026 04:57:09.561] [Server thread/INFO] [net.minecraft.server.MinecraftServer/]: [Chunky] Task running for minecraft:overworld. Processed: 1213 chunks (7.52%), ETA: 0:31:39, Rate: 7.9 cps, Current: 34, 9
[26Aug2026 04:57:10.568] [Server thread/INFO] [net.minecraft.server.MinecraftServer/]: [Chunky] Task running for minecraft:overworld. Processed: 1245 chunks (7.72%), ETA: 0:29:24, Rate: 8.4 cps, Current: 33, 17
[26Aug2026 04:57:11.661] [Server thread/INFO] [net.minecraft.server.MinecraftServer/]: [Chunky] Task running for minecraft:overworld. Processed: 1261 chunks (7.82%), ETA: 0:30:14, Rate: 8.2 cps, Current: 36, 17
[26Aug2026 04:57:12.796] [Server thread/INFO] [net.minecraft.server.MinecraftServer/]: [Chunky] Task running for minecraft:overworld. Processed: 1275 chunks (7.91%), ETA: 0:29:03, Rate: 8.5 cps, Current: 37, 20
[26Aug2026 04:57:13.846] [Server thread/INFO] [net.minecraft.server.MinecraftServer/]: [Chunky] Task running for minecraft:overworld. Processed: 1303 chunks (8.08%), ETA: 0:27:43, Rate: 8.9 cps, Current: 42, 0
[26Aug2026 04:57:14.921] [Server thread/INFO] [net.minecraft.server.MinecraftServer/]: [Chunky] Task running for minecraft:overworld. Processed: 1323 chunks (8.20%), ETA: 0:26:32, Rate: 9.3 cps, Current: 34, 27
[26Aug2026 04:57:15.939] [Server thread/INFO] [net.minecraft.server.MinecraftServer/]: [Chunky] Task running for minecraft:overworld. Processed: 1341 chunks (8.31%), ETA: 0:24:49, Rate: 9.9 cps, Current: 37, 28
[26Aug2026 04:57:17.006] [Server thread/INFO] [net.minecraft.server.MinecraftServer/]: [Chunky] Task running for minecraft:overworld. Processed: 1368 chunks (8.48%), ETA: 0:22:34, Rate: 10.9 cps, Current: 39, 21
[26Aug2026 04:57:18.067] [Server thread/INFO] [net.minecraft.server.MinecraftServer/]: [Chunky] Task running for minecraft:overworld. Processed: 1376 chunks (8.53%), ETA: 0:22:49, Rate: 10.8 cps, Current: 41, 24
[26Aug2026 04:57:19.147] [Server thread/INFO] [net.minecraft.server.MinecraftServer/]: [Chunky] Task running for minecraft:overworld. Processed: 1386 chunks (8.59%), ETA: 0:17:45, Rate: 13.8 cps, Current: 40, 28
[26Aug2026 04:57:21.220] [Server thread/INFO] [net.minecraft.server.MinecraftServer/]: [Chunky] Task running for minecraft:overworld. Processed: 1391 chunks (8.62%), ETA: 0:19:01, Rate: 12.9 cps, Current: 41, 29
[26Aug2026 04:57:22.250] [Server thread/INFO] [net.minecraft.server.MinecraftServer/]: [Chunky] Task running for minecraft:overworld. Processed: 1403 chunks (8.70%), ETA: 0:19:05, Rate: 12.9 cps, Current: 43, 28
[26Aug2026 04:57:23.256] [Server thread/INFO] [net.minecraft.server.MinecraftServer/]: [Chunky] Task running for minecraft:overworld. Processed: 1409 chunks (8.74%), ETA: 0:19:27, Rate: 12.6 cps, Current: 45, 28
[26Aug2026 04:57:24.424] [Server thread/INFO] [net.minecraft.server.MinecraftServer/]: [Chunky] Task running for minecraft:overworld. Processed: 1427 chunks (8.85%), ETA: 0:19:15, Rate: 12.7 cps, Current: 46, 24
[26Aug2026 04:57:25.429] [Server thread/INFO] [net.minecraft.server.MinecraftServer/]: [Chunky] Task running for minecraft:overworld. Processed: 1458 chunks (9.04%), ETA: 0:18:20, Rate: 13.3 cps, Current: 43, 20
[26Aug2026 04:57:26.488] [Server thread/INFO] [net.minecraft.server.MinecraftServer/]: [Chunky] Task running for minecraft:overworld. Processed: 1499 chunks (9.29%), ETA: 0:16:55, Rate: 14.4 cps, Current: 47, 9
[26Aug2026 04:57:27.573] [Server thread/INFO] [net.minecraft.server.MinecraftServer/]: [Chunky] Task running for minecraft:overworld. Processed: 1507 chunks (9.34%), ETA: 0:17:03, Rate: 14.3 cps, Current: 47, 17
[26Aug2026 04:57:28.650] [Server thread/INFO] [net.minecraft.server.MinecraftServer/]: [Chunky] Task running for minecraft:overworld. Processed: 1509 chunks (9.36%), ETA: 0:16:45, Rate: 14.5 cps, Current: 48, 17
[26Aug2026 04:57:29.795] [Server thread/INFO] [net.minecraft.server.MinecraftServer/]: [Chunky] Task running for minecraft:overworld. Processed: 1513 chunks (9.38%), ETA: 0:17:18, Rate: 14.1 cps, Current: 50, 18
[26Aug2026 04:57:30.848] [Server thread/INFO] [net.minecraft.server.MinecraftServer/]: [Chunky] Task running for minecraft:overworld. Processed: 1519 chunks (9.42%), ETA: 0:17:13, Rate: 14.1 cps, Current: 54, 17
[26Aug2026 04:57:31.984] [Server thread/INFO] [net.minecraft.server.MinecraftServer/]: [Chunky] Task running for minecraft:overworld. Processed: 1534 chunks (9.51%), ETA: 0:17:14, Rate: 14.1 cps, Current: 52, 21
[26Aug2026 04:57:33.025] [Server thread/INFO] [net.minecraft.server.MinecraftServer/]: [Chunky] Task running for minecraft:overworld. Processed: 1560 chunks (9.67%), ETA: 0:16:26, Rate: 14.8 cps, Current: 50, 23
[26Aug2026 04:57:34.119] [Server thread/INFO] [net.minecraft.server.MinecraftServer/]: [Chunky] Task running for minecraft:overworld. Processed: 1573 chunks (9.75%), ETA: 0:16:30, Rate: 14.7 cps, Current: 47, 28
[26Aug2026 04:57:35.144] [Server thread/INFO] [net.minecraft.server.MinecraftServer/]: [Chunky] Task running for minecraft:overworld. Processed: 1592 chunks (9.87%), ETA: 0:15:58, Rate: 15.2 cps, Current: 51, 27
[26Aug2026 04:57:36.156] [Server thread/INFO] [net.minecraft.server.MinecraftServer/]: [Chunky] Task running for minecraft:overworld. Processed: 1614 chunks (10.01%), ETA: 0:15:25, Rate: 15.7 cps, Current: 54, 24
[26Aug2026 04:57:37.386] [Server thread/INFO] [net.minecraft.server.MinecraftServer/]: [Chunky] Task running for minecraft:overworld. Processed: 1622 chunks (10.06%), ETA: 0:15:54, Rate: 15.2 cps, Current: 35, 31
[26Aug2026 04:57:38.706] [Server thread/INFO] [net.minecraft.server.MinecraftServer/]: [Chunky] Task running for minecraft:overworld. Processed: 1626 chunks (10.08%), ETA: 0:17:00, Rate: 14.2 cps, Current: 57, 25
[26Aug2026 04:57:39.726] [Server thread/INFO] [net.minecraft.server.MinecraftServer/]: [Chunky] Task running for minecraft:overworld. Processed: 1638 chunks (10.16%), ETA: 0:17:52, Rate: 13.5 cps, Current: 56, 28
[26Aug2026 04:57:40.783] [Server thread/INFO] [net.minecraft.server.MinecraftServer/]: [Chunky] Task running for minecraft:overworld. Processed: 1648 chunks (10.22%), ETA: 0:18:06, Rate: 13.3 cps, Current: 58, 27
[26Aug2026 04:57:41.799] [Server thread/INFO] [net.minecraft.server.MinecraftServer/]: [Chunky] Task running for minecraft:overworld. Processed: 1655 chunks (10.26%), ETA: 0:18:21, Rate: 13.1 cps, Current: 42, 31
[26Aug2026 04:57:42.808] [Server thread/INFO] [net.minecraft.server.MinecraftServer/]: [Chunky] Task running for minecraft:overworld. Processed: 1661 chunks (10.30%), ETA: 0:19:27, Rate: 12.4 cps, Current: 61, 30
[26Aug2026 04:57:43.812] [Server thread/INFO] [net.minecraft.server.MinecraftServer/]: [Chunky] Task running for minecraft:overworld. Processed: 1680 chunks (10.42%), ETA: 0:19:05, Rate: 12.6 cps, Current: 61, 26
[26Aug2026 04:57:44.820] [Server thread/INFO] [net.minecraft.server.MinecraftServer/]: [Chunky] Task running for minecraft:overworld. Processed: 1691 chunks (10.48%), ETA: 0:19:29, Rate: 12.3 cps, Current: 61, 24
[26Aug2026 04:57:45.827] [Server thread/INFO] [net.minecraft.server.MinecraftServer/]: [Chunky] Task running for minecraft:overworld. Processed: 1712 chunks (10.61%), ETA: 0:19:18, Rate: 12.4 cps, Current: 58, 21
[26Aug2026 04:57:46.911] [Server thread/INFO] [net.minecraft.server.MinecraftServer/]: [Chunky] Task running for minecraft:overworld. Processed: 1726 chunks (10.70%), ETA: 0:19:59, Rate: 12.0 cps, Current: 51, 16
[26Aug2026 04:57:47.967] [Server thread/INFO] [net.minecraft.server.MinecraftServer/]: [Chunky] Task running for minecraft:overworld. Processed: 1738 chunks (10.78%), ETA: 0:19:45, Rate: 12.1 cps, Current: 60, 20
[26Aug2026 04:57:49.303] [Server thread/INFO] [net.minecraft.server.MinecraftServer/]: [Chunky] Task running for minecraft:overworld. Processed: 1756 chunks (10.89%), ETA: 0:18:22, Rate: 13.0 cps, Current: 61, 16
[26Aug2026 04:57:50.522] [Server thread/INFO] [net.minecraft.server.MinecraftServer/]: [Chunky] Task running for minecraft:overworld. Processed: 1758 chunks (10.90%), ETA: 0:19:04, Rate: 12.6 cps, Current: 61, 15
[26Aug2026 04:57:51.913] [Server thread/INFO] [net.minecraft.server.MinecraftServer/]: [Chunky] Task running for minecraft:overworld. Processed: 1765 chunks (10.94%), ETA: 0:19:33, Rate: 12.2 cps, Current: 61, 13
[26Aug2026 04:57:53.369] [Server thread/INFO] [net.minecraft.server.MinecraftServer/]: [Chunky] Task running for minecraft:overworld. Processed: 1772 chunks (10.99%), ETA: 0:20:01, Rate: 12.0 cps, Current: 61, 12
[26Aug2026 04:57:54.370] [Server thread/INFO] [net.minecraft.server.MinecraftServer/]: [Chunky] Task running for minecraft:overworld. Processed: 1785 chunks (11.07%), ETA: 0:19:56, Rate: 12.0 cps, Current: 59, 11
[26Aug2026 04:57:55.380] [Server thread/INFO] [net.minecraft.server.MinecraftServer/]: [Chunky] Task running for minecraft:overworld. Processed: 1797 chunks (11.14%), ETA: 0:21:02, Rate: 11.4 cps, Current: 58, 12
[26Aug2026 04:57:56.412] [Server thread/INFO] [net.minecraft.server.MinecraftServer/]: [Chunky] Task running for minecraft:overworld. Processed: 1820 chunks (11.28%), ETA: 0:22:09, Rate: 10.8 cps, Current: 54, 13
[26Aug2026 04:57:57.635] [Server thread/INFO] [net.minecraft.server.MinecraftServer/]: [Chunky] Task running for minecraft:overworld. Processed: 1856 chunks (11.51%), ETA: 0:19:48, Rate: 12.0 cps, Current: 48, 10
[26Aug2026 04:57:59.356] [Server thread/INFO] [net.minecraft.server.MinecraftServer/]: [Chunky] Task running for minecraft:overworld. Processed: 1879 chunks (11.65%), ETA: 0:19:07, Rate: 12.4 cps, Current: 60, 31
[26Aug2026 04:58:00.394] [Server thread/INFO] [net.minecraft.server.MinecraftServer/]: [Chunky] Task running for minecraft:overworld. Processed: 1912 chunks (11.85%), ETA: 0:17:46, Rate: 13.3 cps, Current: 50, 4
[26Aug2026 04:58:01.438] [Server thread/INFO] [net.minecraft.server.MinecraftServer/]: [Chunky] Task running for minecraft:overworld. Processed: 1929 chunks (11.96%), ETA: 0:17:36, Rate: 13.4 cps, Current: 52, 1
[26Aug2026 04:58:02.577] [Server thread/INFO] [net.minecraft.server.MinecraftServer/]: [Chunky] Task running for minecraft:overworld. Processed: 1946 chunks (12.07%), ETA: 0:18:03, Rate: 13.1 cps, Current: 56, 8
[26Aug2026 04:58:03.744] [Server thread/INFO] [net.minecraft.server.MinecraftServer/]: [Chunky] Task running for minecraft:overworld. Processed: 1963 chunks (12.17%), ETA: 0:17:53, Rate: 13.2 cps, Current: 58, 7
[26Aug2026 04:58:04.767] [Server thread/INFO] [net.minecraft.server.MinecraftServer/]: [Chunky] Task running for minecraft:overworld. Processed: 1984 chunks (12.30%), ETA: 0:17:46, Rate: 13.3 cps, Current: 61, 5
[26Aug2026 04:58:05.861] [Server thread/INFO] [net.minecraft.server.MinecraftServer/]: [Chunky] Task running for minecraft:overworld. Processed: 2001 chunks (12.41%), ETA: 0:18:01, Rate: 13.1 cps, Current: 63, 30
[26Aug2026 04:58:09.084] [Server thread/INFO] [net.minecraft.server.MinecraftServer/]: [Chunky] Task running for minecraft:overworld. Processed: 2002 chunks (12.41%), ETA: 0:18:56, Rate: 12.4 cps, Current: 62, 2
[26Aug2026 04:58:10.646] [c2me-worker-0/WARN] [net.minecraft.world.entity.ai.attributes.AttributeMap/]: Ignoring unknown attribute 'forge:step_height_addition'
[26Aug2026 04:58:10.698] [Server thread/INFO] [net.minecraft.server.MinecraftServer/]: [Chunky] Task running for minecraft:overworld. Processed: 2004 chunks (12.42%), ETA: 0:19:43, Rate: 11.9 cps, Current: 63, 29
[26Aug2026 04:58:12.250] [c2me-worker-1/WARN] [net.minecraft.world.entity.ai.attributes.AttributeMap/]: Ignoring unknown attribute 'forge:step_height_addition'
[26Aug2026 04:58:12.251] [c2me-worker-1/WARN] [net.minecraft.world.entity.ai.attributes.AttributeMap/]: Ignoring unknown attribute 'forge:step_height_addition'
[26Aug2026 04:58:12.252] [c2me-worker-1/WARN] [net.minecraft.world.entity.ai.attributes.AttributeMap/]: Ignoring unknown attribute 'forge:step_height_addition'
[26Aug2026 04:58:13.158] [Server thread/INFO] [net.minecraft.server.MinecraftServer/]: [Chunky] Task running for minecraft:overworld. Processed: 2007 chunks (12.44%), ETA: 0:21:03, Rate: 11.2 cps, Current: 63, 26
[26Aug2026 04:58:14.186] [Server thread/INFO] [net.minecraft.server.MinecraftServer/]: [Chunky] Task running for minecraft:overworld. Processed: 2015 chunks (12.49%), ETA: 0:21:15, Rate: 11.1 cps, Current: 63, 20
[26Aug2026 04:58:15.326] [Server thread/INFO] [net.minecraft.server.MinecraftServer/]: [Chunky] Task running for minecraft:overworld. Processed: 2020 chunks (12.52%), ETA: 0:22:26, Rate: 10.5 cps, Current: 63, 17
[26Aug2026 04:58:16.355] [Server thread/INFO] [net.minecraft.server.MinecraftServer/]: [Chunky] Task running for minecraft:overworld. Processed: 2024 chunks (12.55%), ETA: 0:23:08, Rate: 10.2 cps, Current: 33, -29
[26Aug2026 04:58:17.568] [Server thread/INFO] [net.minecraft.server.MinecraftServer/]: [Chunky] Task running for minecraft:overworld. Processed: 2034 chunks (12.61%), ETA: 0:23:24, Rate: 10.0 cps, Current: 63, 11
[26Aug2026 04:58:25.387] [Server thread/INFO] [net.minecraft.server.MinecraftServer/]: [Chunky] Task running for minecraft:overworld. Processed: 2042 chunks (12.66%), ETA: 0:30:30, Rate: 7.7 cps, Current: 48, 0
[26Aug2026 04:58:26.410] [Server thread/INFO] [net.minecraft.server.MinecraftServer/]: [Chunky] Task running for minecraft:overworld. Processed: 2052 chunks (12.72%), ETA: 0:30:12, Rate: 7.8 cps, Current: 37, -29
[26Aug2026 04:58:27.902] [Server thread/INFO] [net.minecraft.server.MinecraftServer/]: [Chunky] Task running for minecraft:overworld. Processed: 2068 chunks (12.82%), ETA: 0:35:12, Rate: 6.7 cps, Current: 54, 0
[26Aug2026 04:58:29.264] [Server thread/INFO] [net.minecraft.server.MinecraftServer/]: [Chunky] Task running for minecraft:overworld. Processed: 2075 chunks (12.87%), ETA: 0:35:33, Rate: 6.6 cps, Current: 40, -30
[26Aug2026 04:58:30.424] [Server thread/INFO] [net.minecraft.server.MinecraftServer/]: [Chunky] Task running for minecraft:overworld. Processed: 2081 chunks (12.90%), ETA: 0:44:21, Rate: 5.3 cps, Current: 42, -31
[26Aug2026 04:58:31.585] [Server thread/INFO] [net.minecraft.server.MinecraftServer/]: [Chunky] Task running for minecraft:overworld. Processed: 2085 chunks (12.93%), ETA: 0:48:29, Rate: 4.8 cps, Current: 63, 4
[26Aug2026 04:58:32.623] [Server thread/INFO] [net.minecraft.server.MinecraftServer/]: [Chunky] Task running for minecraft:overworld. Processed: 2095 chunks (12.99%), ETA: 0:50:47, Rate: 4.6 cps, Current: 44, -30
[26Aug2026 04:58:33.939] [Server thread/INFO] [net.minecraft.server.MinecraftServer/]: [Chunky] Task running for minecraft:overworld. Processed: 2107 chunks (13.06%), ETA: 0:54:58, Rate: 4.3 cps, Current: 46, -28
[26Aug2026 04:58:34.943] [Server thread/INFO] [net.minecraft.server.MinecraftServer/]: [Chunky] Task running for minecraft:overworld. Processed: 2129 chunks (13.20%), ETA: 0:52:36, Rate: 4.4 cps, Current: 44, -26
[26Aug2026 04:58:35.980] [Server thread/INFO] [net.minecraft.server.MinecraftServer/]: [Chunky] Task running for minecraft:overworld. Processed: 2132 chunks (13.22%), ETA: 0:47:53, Rate: 4.9 cps, Current: 63, 0
[26Aug2026 04:58:37.364] [Server thread/INFO] [net.minecraft.server.MinecraftServer/]: [Chunky] Task running for minecraft:overworld. Processed: 2134 chunks (13.23%), ETA: 0:49:35, Rate: 4.7 cps, Current: 32, -32
[26Aug2026 04:58:38.408] [Server thread/INFO] [net.minecraft.server.MinecraftServer/]: [Chunky] Task running for minecraft:overworld. Processed: 2153 chunks (13.35%), ETA: 0:44:56, Rate: 5.2 cps, Current: 32, -27
[26Aug2026 04:58:39.633] [Server thread/INFO] [net.minecraft.server.MinecraftServer/]: [Chunky] Task running for minecraft:overworld. Processed: 2167 chunks (13.44%), ETA: 0:41:03, Rate: 5.7 cps, Current: 46, -21
[26Aug2026 04:58:40.668] [Server thread/INFO] [net.minecraft.server.MinecraftServer/]: [Chunky] Task running for minecraft:overworld. Processed: 2181 chunks (13.52%), ETA: 0:39:08, Rate: 5.9 cps, Current: 45, -19
[26Aug2026 04:58:41.691] [Server thread/INFO] [net.minecraft.server.MinecraftServer/]: [Chunky] Task running for minecraft:overworld. Processed: 2200 chunks (13.64%), ETA: 0:34:08, Rate: 6.8 cps, Current: 40, -21
[26Aug2026 04:58:42.698] [Server thread/INFO] [net.minecraft.server.MinecraftServer/]: [Chunky] Task running for minecraft:overworld. Processed: 2220 chunks (13.76%), ETA: 0:31:59, Rate: 7.2 cps, Current: 38, -18
[26Aug2026 04:58:43.785] [Server thread/INFO] [net.minecraft.server.MinecraftServer/]: [Chunky] Task running for minecraft:overworld. Processed: 2241 chunks (13.89%), ETA: 0:30:10, Rate: 7.7 cps, Current: 33, -22
[26Aug2026 04:58:44.795] [Server thread/INFO] [net.minecraft.server.MinecraftServer/]: [Chunky] Task running for minecraft:overworld. Processed: 2259 chunks (14.01%), ETA: 0:28:23, Rate: 8.1 cps, Current: 33, -18
[26Aug2026 04:58:45.890] [Server thread/INFO] [net.minecraft.server.MinecraftServer/]: [Chunky] Task running for minecraft:overworld. Processed: 2266 chunks (14.05%), ETA: 0:28:04, Rate: 8.2 cps, Current: 33, -17
[26Aug2026 04:58:46.939] [Server thread/INFO] [net.minecraft.server.MinecraftServer/]: [Chunky] Task running for minecraft:overworld. Processed: 2290 chunks (14.20%), ETA: 0:26:21, Rate: 8.8 cps, Current: 38, -14
[26Aug2026 04:58:48.162] [Server thread/INFO] [net.minecraft.server.MinecraftServer/]: [Chunky] Task running for minecraft:overworld. Processed: 2291 chunks (14.20%), ETA: 0:21:00, Rate: 11.0 cps, Current: 47, -32
[26Aug2026 04:58:49.281] [Server thread/INFO] [net.minecraft.server.MinecraftServer/]: [Chunky] Task running for minecraft:overworld. Processed: 2305 chunks (14.29%), ETA: 0:20:51, Rate: 11.0 cps, Current: 36, -13
[26Aug2026 04:58:50.337] [Server thread/INFO] [net.minecraft.server.MinecraftServer/]: [Chunky] Task running for minecraft:overworld. Processed: 2323 chunks (14.40%), ETA: 0:20:21, Rate: 11.3 cps, Current: 33, -10
[26Aug2026 04:58:51.422] [Server thread/INFO] [net.minecraft.server.MinecraftServer/]: [Chunky] Task running for minecraft:overworld. Processed: 2332 chunks (14.46%), ETA: 0:20:34, Rate: 11.2 cps, Current: 34, -6
[26Aug2026 04:58:52.516] [Server thread/INFO] [net.minecraft.server.MinecraftServer/]: [Chunky] Task running for minecraft:overworld. Processed: 2364 chunks (14.66%), ETA: 0:19:16, Rate: 11.9 cps, Current: 36, -1
[26Aug2026 04:58:53.531] [Server thread/INFO] [net.minecraft.server.MinecraftServer/]: [Chunky] Task running for minecraft:overworld. Processed: 2396 chunks (14.86%), ETA: 0:18:08, Rate: 12.6 cps, Current: 39, -11
[26Aug2026 04:58:54.571] [Server thread/INFO] [net.minecraft.server.MinecraftServer/]: [Chunky] Task running for minecraft:overworld. Processed: 2409 chunks (14.94%), ETA: 0:18:08, Rate: 12.6 cps, Current: 40, -7
[26Aug2026 04:58:55.818] [Server thread/INFO] [net.minecraft.server.MinecraftServer/]: [Chunky] Task running for minecraft:overworld. Processed: 2431 chunks (15.07%), ETA: 0:17:40, Rate: 12.9 cps, Current: 43, -1
[26Aug2026 04:58:57.186] [Server thread/INFO] [net.minecraft.server.MinecraftServer/]: [Chunky] Task running for minecraft:overworld. Processed: 2455 chunks (15.22%), ETA: 0:17:12, Rate: 13.2 cps, Current: 46, -17
[26Aug2026 04:58:58.256] [Server thread/INFO] [net.minecraft.server.MinecraftServer/]: [Chunky] Task running for minecraft:overworld. Processed: 2509 chunks (15.56%), ETA: 0:15:07, Rate: 15.0 cps, Current: 44, -13
[26Aug2026 04:58:59.535] [Server thread/INFO] [net.minecraft.server.MinecraftServer/]: [Chunky] Task running for minecraft:overworld. Processed: 2529 chunks (15.68%), ETA: 0:14:41, Rate: 15.4 cps, Current: 32, -22
[26Aug2026 04:59:00.632] [Server thread/INFO] [net.minecraft.server.MinecraftServer/]: [Chunky] Task running for minecraft:overworld. Processed: 2532 chunks (15.70%), ETA: 0:14:41, Rate: 15.4 cps, Current: 49, -15
[26Aug2026 04:59:01.756] [Server thread/INFO] [net.minecraft.server.MinecraftServer/]: [Chunky] Task running for minecraft:overworld. Processed: 2543 chunks (15.77%), ETA: 0:14:41, Rate: 15.4 cps, Current: 51, -15
[26Aug2026 04:59:02.831] [Server thread/INFO] [net.minecraft.server.MinecraftServer/]: [Chunky] Task running for minecraft:overworld. Processed: 2560 chunks (15.87%), ETA: 0:14:23, Rate: 15.7 cps, Current: 52, -11
[26Aug2026 04:59:03.853] [Server thread/INFO] [net.minecraft.server.MinecraftServer/]: [Chunky] Task running for minecraft:overworld. Processed: 2575 chunks (15.97%), ETA: 0:14:24, Rate: 15.7 cps, Current: 49, -10
[26Aug2026 04:59:04.861] [Server thread/INFO] [net.minecraft.server.MinecraftServer/]: [Chunky] Task running for minecraft:overworld. Processed: 2597 chunks (16.10%), ETA: 0:14:23, Rate: 15.7 cps, Current: 49, -7
[26Aug2026 04:59:05.915] [Server thread/INFO] [net.minecraft.server.MinecraftServer/]: [Chunky] Task running for minecraft:overworld. Processed: 2646 chunks (16.41%), ETA: 0:13:03, Rate: 17.2 cps, Current: 54, -9
[26Aug2026 04:59:06.954] [Server thread/INFO] [net.minecraft.server.MinecraftServer/]: [Chunky] Task running for minecraft:overworld. Processed: 2674 chunks (16.58%), ETA: 0:12:15, Rate: 18.3 cps, Current: 56, -7
[26Aug2026 04:59:08.012] [Server thread/INFO] [net.minecraft.server.MinecraftServer/]: [Chunky] Task running for minecraft:overworld. Processed: 2694 chunks (16.70%), ETA: 0:12:13, Rate: 18.3 cps, Current: 61, -4
[26Aug2026 04:59:09.060] [Server thread/INFO] [net.minecraft.server.MinecraftServer/]: [Chunky] Task running for minecraft:overworld. Processed: 2715 chunks (16.83%), ETA: 0:11:59, Rate: 18.7 cps, Current: 58, -8
[26Aug2026 04:59:10.127] [Server thread/INFO] [net.minecraft.server.MinecraftServer/]: [Chunky] Task running for minecraft:overworld. Processed: 2736 chunks (16.96%), ETA: 0:11:49, Rate: 18.9 cps, Current: 62, -7
[26Aug2026 04:59:11.131] [Server thread/INFO] [net.minecraft.server.MinecraftServer/]: [Chunky] Task running for minecraft:overworld. Processed: 2751 chunks (17.06%), ETA: 0:11:53, Rate: 18.8 cps, Current: 56, -13
[26Aug2026 04:59:12.183] [Server thread/INFO] [net.minecraft.server.MinecraftServer/]: [Chunky] Task running for minecraft:overworld. Processed: 2773 chunks (17.19%), ETA: 0:11:50, Rate: 18.8 cps, Current: 60, -15
[26Aug2026 04:59:13.319] [Server thread/INFO] [net.minecraft.server.MinecraftServer/]: [Chunky] Task running for minecraft:overworld. Processed: 2787 chunks (17.28%), ETA: 0:12:00, Rate: 18.5 cps, Current: 60, -16
[26Aug2026 04:59:14.330] [Server thread/INFO] [net.minecraft.server.MinecraftServer/]: [Chunky] Task running for minecraft:overworld. Processed: 2789 chunks (17.29%), ETA: 0:12:22, Rate: 18.0 cps, Current: 62, -12
[26Aug2026 04:59:15.418] [Server thread/INFO] [net.minecraft.server.MinecraftServer/]: [Chunky] Task running for minecraft:overworld. Processed: 2796 chunks (17.34%), ETA: 0:12:21, Rate: 18.0 cps, Current: 62, -17
[26Aug2026 04:59:16.425] [Server thread/INFO] [net.minecraft.server.MinecraftServer/]: [Chunky] Task running for minecraft:overworld. Processed: 2809 chunks (17.42%), ETA: 0:12:35, Rate: 17.6 cps, Current: 61, -22
[26Aug2026 04:59:17.523] [Server thread/INFO] [net.minecraft.server.MinecraftServer/]: [Chunky] Task running for minecraft:overworld. Processed: 2815 chunks (17.45%), ETA: 0:12:24, Rate: 17.9 cps, Current: 60, -23
[26Aug2026 04:59:18.535] [Server thread/INFO] [net.minecraft.server.MinecraftServer/]: [Chunky] Task running for minecraft:overworld. Processed: 2837 chunks (17.59%), ETA: 0:12:09, Rate: 18.2 cps, Current: 32, -7
[26Aug2026 04:59:19.545] [Server thread/INFO] [net.minecraft.server.MinecraftServer/]: [Chunky] Task running for minecraft:overworld. Processed: 2857 chunks (17.71%), ETA: 0:12:04, Rate: 18.3 cps, Current: 55, -19
[26Aug2026 04:59:20.627] [Server thread/INFO] [net.minecraft.server.MinecraftServer/]: [Chunky] Task running for minecraft:overworld. Processed: 2884 chunks (17.88%), ETA: 0:11:39, Rate: 18.9 cps, Current: 48, -22
[26Aug2026 04:59:21.450] [Server thread/INFO] [AllTheLeaks/]: Listing events...
[26Aug2026 04:59:21.453] [Server thread/INFO] [AllTheLeaks/]: Listing memory leaks so far...
[26Aug2026 04:59:21.453] [Server thread/INFO] [AllTheLeaks/]: Waiting to stabilize [3/10]
[26Aug2026 04:59:21.454] [Server thread/INFO] [AllTheLeaks/]: Memory Leaks detected: (/atl force_refresh to update)
[26Aug2026 04:59:21.454] [Server thread/INFO] [AllTheLeaks/]: | ChunkAccess:
[26Aug2026 04:59:21.454] [Server thread/INFO] [AllTheLeaks/]: |- LevelChunk (minecraft): 22
[26Aug2026 04:59:22.172] [Server thread/INFO] [net.minecraft.server.MinecraftServer/]: [Chunky] Task running for minecraft:overworld. Processed: 2906 chunks (18.02%), ETA: 0:12:02, Rate: 18.3 cps, Current: 63, -15
[26Aug2026 04:59:23.387] [Server thread/INFO] [net.minecraft.server.MinecraftServer/]: [Chunky] Task running for minecraft:overworld. Processed: 2923 chunks (18.12%), ETA: 0:12:26, Rate: 17.7 cps, Current: 54, -24
[26Aug2026 04:59:24.409] [Server thread/INFO] [net.minecraft.server.MinecraftServer/]: [Chunky] Task running for minecraft:overworld. Processed: 2938 chunks (18.22%), ETA: 0:12:22, Rate: 17.8 cps, Current: 51, -26
[26Aug2026 04:59:25.457] [Server thread/INFO] [net.minecraft.server.MinecraftServer/]: [Chunky] Task running for minecraft:overworld. Processed: 2953 chunks (18.31%), ETA: 0:12:26, Rate: 17.6 cps, Current: 51, -27
[26Aug2026 04:59:26.597] [Server thread/INFO] [net.minecraft.server.MinecraftServer/]: [Chunky] Task running for minecraft:overworld. Processed: 2970 chunks (18.41%), ETA: 0:12:30, Rate: 17.5 cps, Current: 55, -25
[26Aug2026 04:59:27.624] [Server thread/INFO] [net.minecraft.server.MinecraftServer/]: [Chunky] Task running for minecraft:overworld. Processed: 2994 chunks (18.56%), ETA: 0:13:13, Rate: 16.5 cps, Current: 48, -31
[26Aug2026 04:59:28.639] [Server thread/INFO] [net.minecraft.server.MinecraftServer/]: [Chunky] Task running for minecraft:overworld. Processed: 3010 chunks (18.66%), ETA: 0:13:12, Rate: 16.6 cps, Current: 58, -27
[26Aug2026 04:59:32.558] [Server thread/INFO] [net.minecraft.server.MinecraftServer/]: [Chunky] Task running for minecraft:overworld. Processed: 3026 chunks (18.76%), ETA: 0:13:54, Rate: 15.7 cps, Current: 61, -29
[26Aug2026 04:59:33.664] [Server thread/INFO] [net.minecraft.server.MinecraftServer/]: [Chunky] Task running for minecraft:overworld. Processed: 3031 chunks (18.79%), ETA: 0:14:14, Rate: 15.3 cps, Current: 62, -24
[26Aug2026 04:59:34.686] [Server thread/INFO] [net.minecraft.server.MinecraftServer/]: [Chunky] Task running for minecraft:overworld. Processed: 3036 chunks (18.82%), ETA: 0:14:47, Rate: 14.8 cps, Current: 62, -28
[26Aug2026 04:59:36.697] [Server thread/INFO] [net.minecraft.server.MinecraftServer/]: [Chunky] Task running for minecraft:overworld. Processed: 3043 chunks (18.87%), ETA: 0:17:31, Rate: 12.4 cps, Current: 1, -31
[26Aug2026 04:59:38.125] [Server thread/INFO] [net.minecraft.server.MinecraftServer/]: [Chunky] Task running for minecraft:overworld. Processed: 3047 chunks (18.89%), ETA: 0:19:01, Rate: 11.5 cps, Current: 63, -18
[26Aug2026 04:59:39.132] [Server thread/INFO] [net.minecraft.server.MinecraftServer/]: [Chunky] Task running for minecraft:overworld. Processed: 3060 chunks (18.97%), ETA: 0:19:26, Rate: 11.2 cps, Current: 2, -26
[26Aug2026 04:59:40.221] [Server thread/INFO] [net.minecraft.server.MinecraftServer/]: [Chunky] Task running for minecraft:overworld. Processed: 3067 chunks (19.02%), ETA: 0:19:58, Rate: 10.9 cps, Current: 49, -32
[26Aug2026 04:59:41.524] [Server thread/INFO] [net.minecraft.server.MinecraftServer/]: [Chunky] Task running for minecraft:overworld. Processed: 3074 chunks (19.06%), ETA: 0:21:08, Rate: 10.3 cps, Current: 3, -28
[26Aug2026 04:59:42.534] [Server thread/INFO] [net.minecraft.server.MinecraftServer/]: [Chunky] Task running for minecraft:overworld. Processed: 3085 chunks (19.13%), ETA: 0:21:14, Rate: 10.2 cps, Current: 4, -30
[26Aug2026 04:59:43.753] [Server thread/INFO] [net.minecraft.server.MinecraftServer/]: [Chunky] Task running for minecraft:overworld. Processed: 3092 chunks (19.17%), ETA: 0:21:01, Rate: 10.3 cps, Current: 54, -32
[26Aug2026 04:59:45.155] [Server thread/INFO] [net.minecraft.server.MinecraftServer/]: [Chunky] Task running for minecraft:overworld. Processed: 3099 chunks (19.21%), ETA: 0:21:14, Rate: 10.2 cps, Current: 57, -32
[26Aug2026 04:59:46.194] [Server thread/INFO] [net.minecraft.server.MinecraftServer/]: [Chunky] Task running for minecraft:overworld. Processed: 3108 chunks (19.27%), ETA: 0:21:32, Rate: 10.1 cps, Current: 63, -27
[26Aug2026 04:59:47.215] [Server thread/INFO] [net.minecraft.server.MinecraftServer/]: [Chunky] Task running for minecraft:overworld. Processed: 3117 chunks (19.33%), ETA: 0:21:15, Rate: 10.2 cps, Current: 14, -31
[26Aug2026 04:59:48.245] [Server thread/INFO] [net.minecraft.server.MinecraftServer/]: [Chunky] Task running for minecraft:overworld. Processed: 3135 chunks (19.44%), ETA: 0:21:31, Rate: 10.1 cps, Current: 14, -28
[26Aug2026 04:59:49.246] [Server thread/INFO] [net.minecraft.server.MinecraftServer/]: [Chunky] Task running for minecraft:overworld. Processed: 3149 chunks (19.52%), ETA: 0:21:55, Rate: 9.9 cps, Current: 14, -27
[26Aug2026 04:59:50.954] [Server thread/INFO] [net.minecraft.server.MinecraftServer/]: [Chunky] Task running for minecraft:overworld. Processed: 3157 chunks (19.57%), ETA: 0:24:41, Rate: 8.8 cps, Current: 0, -31
[26Aug2026 04:59:51.987] [Server thread/INFO] [net.minecraft.server.MinecraftServer/]: [Chunky] Task running for minecraft:overworld. Processed: 3169 chunks (19.65%), ETA: 0:24:23, Rate: 8.9 cps, Current: 10, -23
[26Aug2026 04:59:53.027] [Server thread/INFO] [net.minecraft.server.MinecraftServer/]: [Chunky] Task running for minecraft:overworld. Processed: 3187 chunks (19.76%), ETA: 0:24:07, Rate: 8.9 cps, Current: 14, -23
[26Aug2026 04:59:54.271] [Server thread/INFO] [net.minecraft.server.MinecraftServer/]: [Chunky] Task running for minecraft:overworld. Processed: 3196 chunks (19.82%), ETA: 0:24:51, Rate: 8.7 cps, Current: 7, -25
[26Aug2026 04:59:55.379] [Server thread/INFO] [net.minecraft.server.MinecraftServer/]: [Chunky] Task running for minecraft:overworld. Processed: 3225 chunks (20.00%), ETA: 0:23:34, Rate: 9.1 cps, Current: 8, -20
[26Aug2026 04:59:56.415] [Server thread/INFO] [net.minecraft.server.MinecraftServer/]: [Chunky] Task running for minecraft:overworld. Processed: 3250 chunks (20.15%), ETA: 0:22:46, Rate: 9.4 cps, Current: 5, -18
[26Aug2026 04:59:57.542] [Server thread/INFO] [net.minecraft.server.MinecraftServer/]: [Chunky] Task running for minecraft:overworld. Processed: 3273 chunks (20.29%), ETA: 0:22:53, Rate: 9.4 cps, Current: 2, -20
[26Aug2026 04:59:58.749] [Server thread/INFO] [net.minecraft.server.MinecraftServer/]: [Chunky] Task running for minecraft:overworld. Processed: 3289 chunks (20.39%), ETA: 0:21:13, Rate: 10.1 cps, Current: 1, -19
[26Aug2026 04:59:59.784] [Server thread/INFO] [net.minecraft.server.MinecraftServer/]: [Chunky] Task running for minecraft:overworld. Processed: 3307 chunks (20.50%), ETA: 0:20:37, Rate: 10.4 cps, Current: 4, -15
[26Aug2026 05:00:01.001] [Server thread/INFO] [net.minecraft.server.MinecraftServer/]: [Chunky] Task running for minecraft:overworld. Processed: 3325 chunks (20.62%), ETA: 0:20:13, Rate: 10.5 cps, Current: 6, -14
[26Aug2026 05:00:02.076] [Server thread/INFO] [net.minecraft.server.MinecraftServer/]: [Chunky] Task running for minecraft:overworld. Processed: 3341 chunks (20.71%), ETA: 0:19:54, Rate: 10.7 cps, Current: 3, -11
[26Aug2026 05:00:03.548] [Server thread/INFO] [net.minecraft.server.MinecraftServer/]: [Chunky] Task running for minecraft:overworld. Processed: 3360 chunks (20.83%), ETA: 0:19:16, Rate: 11.0 cps, Current: 1, -12
[26Aug2026 05:00:04.615] [Server thread/INFO] [net.minecraft.server.MinecraftServer/]: [Chunky] Task running for minecraft:overworld. Processed: 3390 chunks (21.02%), ETA: 0:17:53, Rate: 11.9 cps, Current: 4, -9
[26Aug2026 05:00:05.666] [Server thread/INFO] [net.minecraft.server.MinecraftServer/]: [Chunky] Task running for minecraft:overworld. Processed: 3408 chunks (21.13%), ETA: 0:16:46, Rate: 12.6 cps, Current: 6, -9
[26Aug2026 05:00:06.799] [Server thread/INFO] [net.minecraft.server.MinecraftServer/]: [Chunky] Task running for minecraft:overworld. Processed: 3426 chunks (21.24%), ETA: 0:15:58, Rate: 13.3 cps, Current: 7, -7
[26Aug2026 05:00:07.886] [Server thread/INFO] [net.minecraft.server.MinecraftServer/]: [Chunky] Task running for minecraft:overworld. Processed: 3450 chunks (21.39%), ETA: 0:15:33, Rate: 13.6 cps, Current: 9, -7
[26Aug2026 05:00:08.930] [Server thread/INFO] [net.minecraft.server.MinecraftServer/]: [Chunky] Task running for minecraft:overworld. Processed: 3470 chunks (21.51%), ETA: 0:15:17, Rate: 13.8 cps, Current: 12, -5
[26Aug2026 05:00:09.999] [Server thread/INFO] [net.minecraft.server.MinecraftServer/]: [Chunky] Task running for minecraft:overworld. Processed: 3484 chunks (21.60%), ETA: 0:15:00, Rate: 14.0 cps, Current: 13, -11
[26Aug2026 05:00:11.065] [Server thread/INFO] [net.minecraft.server.MinecraftServer/]: [Chunky] Task running for minecraft:overworld. Processed: 3547 chunks (21.99%), ETA: 0:13:04, Rate: 16.0 cps, Current: 15, -15
[26Aug2026 05:00:12.276] [Server thread/INFO] [net.minecraft.server.MinecraftServer/]: [Chunky] Task running for minecraft:overworld. Processed: 3555 chunks (22.04%), ETA: 0:13:14, Rate: 15.8 cps, Current: 0, -23
[26Aug2026 05:00:13.279] [Server thread/INFO] [net.minecraft.server.MinecraftServer/]: [Chunky] Task running for minecraft:overworld. Processed: 3567 chunks (22.12%), ETA: 0:12:59, Rate: 16.1 cps, Current: 20, -14
[26Aug2026 05:00:14.356] [Server thread/INFO] [net.minecraft.server.MinecraftServer/]: [Chunky] Task running for minecraft:overworld. Processed: 3586 chunks (22.23%), ETA: 0:12:30, Rate: 16.7 cps, Current: 20, -11
[26Aug2026 05:00:15.357] [Server thread/INFO] [net.minecraft.server.MinecraftServer/]: [Chunky] Task running for minecraft:overworld. Processed: 3617 chunks (22.43%), ETA: 0:11:55, Rate: 17.5 cps, Current: 16, -6
[26Aug2026 05:00:16.481] [Server thread/INFO] [net.minecraft.server.MinecraftServer/]: [Chunky] Task running for minecraft:overworld. Processed: 3653 chunks (22.65%), ETA: 0:11:19, Rate: 18.3 cps, Current: 20, -1
[26Aug2026 05:00:17.653] [Server thread/INFO] [net.minecraft.server.MinecraftServer/]: [Chunky] Task running for minecraft:overworld. Processed: 3679 chunks (22.81%), ETA: 0:11:11, Rate: 18.5 cps, Current: 23, -6
[26Aug2026 05:00:18.702] [Server thread/INFO] [net.minecraft.server.MinecraftServer/]: [Chunky] Task running for minecraft:overworld. Processed: 3724 chunks (23.09%), ETA: 0:10:34, Rate: 19.6 cps, Current: 27, -5
[26Aug2026 05:00:19.424] [c2me-worker-1/WARN] [net.minecraft.world.entity.ai.attributes.AttributeMap/]: Ignoring unknown attribute 'forge:step_height_addition'
[26Aug2026 05:00:19.424] [c2me-worker-1/WARN] [net.minecraft.world.entity.ai.attributes.AttributeMap/]: Ignoring unknown attribute 'forge:entity_gravity'
[26Aug2026 05:00:19.757] [Server thread/INFO] [net.minecraft.server.MinecraftServer/]: [Chunky] Task running for minecraft:overworld. Processed: 3773 chunks (23.39%), ETA: 0:09:36, Rate: 21.4 cps, Current: 25, -11
[26Aug2026 05:00:20.770] [Server thread/INFO] [net.minecraft.server.MinecraftServer/]: [Chunky] Task running for minecraft:overworld. Processed: 3809 chunks (23.62%), ETA: 0:09:22, Rate: 21.9 cps, Current: 31, -15
[26Aug2026 05:00:21.891] [Server thread/INFO] [net.minecraft.server.MinecraftServer/]: [Chunky] Task running for minecraft:overworld. Processed: 3836 chunks (23.78%), ETA: 0:09:10, Rate: 22.3 cps, Current: 29, -21
[26Aug2026 05:00:22.933] [Server thread/INFO] [net.minecraft.server.MinecraftServer/]: [Chunky] Task running for minecraft:overworld. Processed: 3868 chunks (23.98%), ETA: 0:08:57, Rate: 22.8 cps, Current: 25, -17
[26Aug2026 05:00:23.185] [c2me-worker-0/WARN] [net.minecraft.world.entity.ai.attributes.AttributeMap/]: Ignoring unknown attribute 'forge:step_height_addition'
[26Aug2026 05:00:23.186] [c2me-worker-0/WARN] [net.minecraft.world.entity.ai.attributes.AttributeMap/]: Ignoring unknown attribute 'forge:step_height_addition'
[26Aug2026 05:00:23.187] [c2me-worker-0/WARN] [net.minecraft.world.entity.ai.attributes.AttributeMap/]: Ignoring unknown attribute 'forge:step_height_addition'
[26Aug2026 05:00:23.392] [c2me-worker-0/WARN] [net.minecraft.world.entity.ai.attributes.AttributeMap/]: Ignoring unknown attribute 'forge:step_height_addition'
[26Aug2026 05:00:24.056] [Server thread/INFO] [net.minecraft.server.MinecraftServer/]: [Chunky] Task running for minecraft:overworld. Processed: 3902 chunks (24.19%), ETA: 0:08:35, Rate: 23.7 cps, Current: 16, -20
[26Aug2026 05:00:25.168] [Server thread/INFO] [net.minecraft.server.MinecraftServer/]: [Chunky] Task running for minecraft:overworld. Processed: 3933 chunks (24.38%), ETA: 0:08:32, Rate: 23.8 cps, Current: 26, -23
[26Aug2026 05:00:26.325] [Server thread/INFO] [net.minecraft.server.MinecraftServer/]: [Chunky] Task running for minecraft:overworld. Processed: 3956 chunks (24.53%), ETA: 0:08:34, Rate: 23.6 cps, Current: 16, -26
[26Aug2026 05:00:27.395] [Server thread/INFO] [net.minecraft.server.MinecraftServer/]: [Chunky] Task running for minecraft:overworld. Processed: 3975 chunks (24.65%), ETA: 0:08:36, Rate: 23.5 cps, Current: 18, -29
[26Aug2026 05:00:28.527] [Server thread/INFO] [net.minecraft.server.MinecraftServer/]: [Chunky] Task running for minecraft:overworld. Processed: 3993 chunks (24.76%), ETA: 0:08:32, Rate: 23.7 cps, Current: 23, -25
[26Aug2026 05:00:29.535] [Server thread/INFO] [net.minecraft.server.MinecraftServer/]: [Chunky] Task running for minecraft:overworld. Processed: 4022 chunks (24.94%), ETA: 0:08:23, Rate: 24.1 cps, Current: 26, -29
[26Aug2026 05:00:30.825] [Server thread/INFO] [net.minecraft.server.MinecraftServer/]: [Chunky] Task running for minecraft:overworld. Processed: 4067 chunks (25.22%), ETA: 0:08:04, Rate: 24.9 cps, Current: 31, -31
[26Aug2026 05:00:37.192] [Server thread/INFO] [net.minecraft.server.MinecraftServer/]: [Chunky] Task running for minecraft:overworld. Processed: 4073 chunks (25.25%), ETA: 0:09:26, Rate: 21.3 cps, Current: 0, -8
[26Aug2026 05:00:40.081] [Server thread/INFO] [net.minecraft.server.MinecraftServer/]: [Chunky] Task running for minecraft:overworld. Processed: 4081 chunks (25.30%), ETA: 0:10:53, Rate: 18.4 cps, Current: 16, -32
[26Aug2026 05:00:41.323] [Server thread/INFO] [net.minecraft.server.MinecraftServer/]: [Chunky] Task running for minecraft:overworld. Processed: 4087 chunks (25.34%), ETA: 0:10:56, Rate: 18.3 cps, Current: 22, -32
[26Aug2026 05:00:45.344] [Server thread/INFO] [net.minecraft.server.MinecraftServer/]: [Chunky] Task running for minecraft:overworld. Processed: 4097 chunks (25.40%), ETA: 0:12:30, Rate: 16.0 cps, Current: -29, -28
[26Aug2026 05:00:46.826] [Server thread/INFO] [net.minecraft.server.MinecraftServer/]: [Chunky] Task running for minecraft:overworld. Processed: 4100 chunks (25.42%), ETA: 0:13:51, Rate: 14.5 cps, Current: -30, -28
[26Aug2026 05:00:47.828] [Server thread/INFO] [net.minecraft.server.MinecraftServer/]: [Chunky] Task running for minecraft:overworld. Processed: 4108 chunks (25.47%), ETA: 0:15:09, Rate: 13.2 cps, Current: -30, -30
[26Aug2026 05:00:49.066] [Server thread/INFO] [net.minecraft.server.MinecraftServer/]: [Chunky] Task running for minecraft:overworld. Processed: 4119 chunks (25.54%), ETA: 0:16:54, Rate: 11.8 cps, Current: -31, -28
[26Aug2026 05:00:50.145] [Server thread/INFO] [net.minecraft.server.MinecraftServer/]: [Chunky] Task running for minecraft:overworld. Processed: 4127 chunks (25.59%), ETA: 0:18:25, Rate: 10.9 cps, Current: -31, -31
[26Aug2026 05:00:51.230] [Server thread/INFO] [net.minecraft.server.MinecraftServer/]: [Chunky] Task running for minecraft:overworld. Processed: 4138 chunks (25.66%), ETA: 0:19:21, Rate: 10.3 cps, Current: -22, -30
[26Aug2026 05:00:52.266] [Server thread/INFO] [net.minecraft.server.MinecraftServer/]: [Chunky] Task running for minecraft:overworld. Processed: 4155 chunks (25.76%), ETA: 0:20:19, Rate: 9.8 cps, Current: -25, -28
[26Aug2026 05:00:53.319] [Server thread/INFO] [net.minecraft.server.MinecraftServer/]: [Chunky] Task running for minecraft:overworld. Processed: 4162 chunks (25.80%), ETA: 0:22:21, Rate: 8.9 cps, Current: -25, -26
[26Aug2026 05:00:54.448] [Server thread/INFO] [net.minecraft.server.MinecraftServer/]: [Chunky] Task running for minecraft:overworld. Processed: 4180 chunks (25.92%), ETA: 0:23:30, Rate: 8.5 cps, Current: -18, -26
[26Aug2026 05:00:55.496] [Server thread/INFO] [net.minecraft.server.MinecraftServer/]: [Chunky] Task running for minecraft:overworld. Processed: 4184 chunks (25.94%), ETA: 0:25:21, Rate: 7.9 cps, Current: -27, -25
[26Aug2026 05:00:56.535] [Server thread/INFO] [net.minecraft.server.MinecraftServer/]: [Chunky] Task running for minecraft:overworld. Processed: 4196 chunks (26.02%), ETA: 0:26:06, Rate: 7.6 cps, Current: -20, -25
[26Aug2026 05:00:58.539] [Server thread/INFO] [net.minecraft.server.MinecraftServer/]: [Chunky] Task running for minecraft:overworld. Processed: 4210 chunks (26.10%), ETA: 0:30:29, Rate: 6.5 cps, Current: -32, -29
[26Aug2026 05:01:00.002] [Server thread/INFO] [net.minecraft.server.MinecraftServer/]: [Chunky] Task running for minecraft:overworld. Processed: 4219 chunks (26.16%), ETA: 0:37:51, Rate: 5.2 cps, Current: -32, -26
[26Aug2026 05:01:01.041] [Server thread/INFO] [net.minecraft.server.MinecraftServer/]: [Chunky] Task running for minecraft:overworld. Processed: 4232 chunks (26.24%), ETA: 0:29:33, Rate: 6.7 cps, Current: -21, -19
[26Aug2026 05:01:02.202] [Server thread/INFO] [net.minecraft.server.MinecraftServer/]: [Chunky] Task running for minecraft:overworld. Processed: 4249 chunks (26.34%), ETA: 0:27:58, Rate: 7.1 cps, Current: -24, -18
[26Aug2026 05:01:03.322] [Server thread/INFO] [net.minecraft.server.MinecraftServer/]: [Chunky] Task running for minecraft:overworld. Processed: 4272 chunks (26.49%), ETA: 0:25:49, Rate: 7.7 cps, Current: -28, -24
[26Aug2026 05:01:04.340] [Server thread/INFO] [net.minecraft.server.MinecraftServer/]: [Chunky] Task running for minecraft:overworld. Processed: 4288 chunks (26.59%), ETA: 0:24:48, Rate: 8.0 cps, Current: -26, -32
[26Aug2026 05:01:05.494] [Server thread/INFO] [net.minecraft.server.MinecraftServer/]: [Chunky] Task running for minecraft:overworld. Processed: 4307 chunks (26.70%), ETA: 0:23:43, Rate: 8.3 cps, Current: -31, -18
[26Aug2026 05:01:06.520] [Server thread/INFO] [net.minecraft.server.MinecraftServer/]: [Chunky] Task running for minecraft:overworld. Processed: 4314 chunks (26.75%), ETA: 0:23:51, Rate: 8.3 cps, Current: -31, -15
[26Aug2026 05:01:06.963] [c2me-worker-1/WARN] [net.minecraft.world.entity.ai.attributes.AttributeMap/]: Ignoring unknown attribute 'forge:step_height_addition'
[26Aug2026 05:01:08.012] [c2me-worker-0/WARN] [net.minecraft.world.entity.ai.attributes.AttributeMap/]: Ignoring unknown attribute 'forge:step_height_addition'
[26Aug2026 05:01:08.013] [c2me-worker-0/WARN] [net.minecraft.world.entity.ai.attributes.AttributeMap/]: Ignoring unknown attribute 'forge:step_height_addition'
[26Aug2026 05:01:08.013] [c2me-worker-0/WARN] [net.minecraft.world.entity.ai.attributes.AttributeMap/]: Ignoring unknown attribute 'forge:step_height_addition'
[26Aug2026 05:01:08.135] [Server thread/INFO] [net.minecraft.server.MinecraftServer/]: [Chunky] Task running for minecraft:overworld. Processed: 4339 chunks (26.90%), ETA: 0:21:17, Rate: 9.2 cps, Current: -17, -32
[26Aug2026 05:01:09.140] [Server thread/INFO] [net.minecraft.server.MinecraftServer/]: [Chunky] Task running for minecraft:overworld. Processed: 4348 chunks (26.96%), ETA: 0:21:17, Rate: 9.2 cps, Current: -17, -27
[26Aug2026 05:01:10.208] [Server thread/INFO] [net.minecraft.server.MinecraftServer/]: [Chunky] Task running for minecraft:overworld. Processed: 4368 chunks (27.08%), ETA: 0:20:04, Rate: 9.8 cps, Current: -17, -25
[26Aug2026 05:01:11.233] [Server thread/INFO] [net.minecraft.server.MinecraftServer/]: [Chunky] Task running for minecraft:overworld. Processed: 4374 chunks (27.12%), ETA: 0:20:20, Rate: 9.6 cps, Current: -31, -9
[26Aug2026 05:01:12.341] [Server thread/INFO] [net.minecraft.server.MinecraftServer/]: [Chunky] Task running for minecraft:overworld. Processed: 4382 chunks (27.17%), ETA: 0:18:28, Rate: 10.6 cps, Current: -30, -7
[26Aug2026 05:01:13.449] [Server thread/INFO] [net.minecraft.server.MinecraftServer/]: [Chunky] Task running for minecraft:overworld. Processed: 4389 chunks (27.21%), ETA: 0:18:46, Rate: 10.4 cps, Current: -22, -17
[26Aug2026 05:01:14.813] [Server thread/INFO] [net.minecraft.server.MinecraftServer/]: [Chunky] Task running for minecraft:overworld. Processed: 4390 chunks (27.22%), ETA: 0:19:36, Rate: 10.0 cps, Current: -20, -17
[26Aug2026 05:01:15.824] [Server thread/INFO] [net.minecraft.server.MinecraftServer/]: [Chunky] Task running for minecraft:overworld. Processed: 4408 chunks (27.33%), ETA: 0:18:19, Rate: 10.7 cps, Current: -29, -5
[26Aug2026 05:01:16.859] [Server thread/INFO] [net.minecraft.server.MinecraftServer/]: [Chunky] Task running for minecraft:overworld. Processed: 4430 chunks (27.47%), ETA: 0:17:31, Rate: 11.1 cps, Current: -26, -8
[26Aug2026 05:01:17.895] [Server thread/INFO] [net.minecraft.server.MinecraftServer/]: [Chunky] Task running for minecraft:overworld. Processed: 4445 chunks (27.56%), ETA: 0:17:10, Rate: 11.3 cps, Current: -25, -7
[26Aug2026 05:01:19.008] [Server thread/INFO] [net.minecraft.server.MinecraftServer/]: [Chunky] Task running for minecraft:overworld. Processed: 4458 chunks (27.64%), ETA: 0:17:07, Rate: 11.4 cps, Current: -24, -4
[26Aug2026 05:01:20.047] [Server thread/INFO] [net.minecraft.server.MinecraftServer/]: [Chunky] Task running for minecraft:overworld. Processed: 4471 chunks (27.72%), ETA: 0:16:50, Rate: 11.5 cps, Current: -21, -2
[26Aug2026 05:01:21.094] [Server thread/INFO] [net.minecraft.server.MinecraftServer/]: [Chunky] Task running for minecraft:overworld. Processed: 4476 chunks (27.75%), ETA: 0:17:06, Rate: 11.4 cps, Current: -19, -2
[26Aug2026 05:01:22.229] [Server thread/INFO] [net.minecraft.server.MinecraftServer/]: [Chunky] Task running for minecraft:overworld. Processed: 4482 chunks (27.79%), ETA: 0:17:43, Rate: 10.9 cps, Current: -19, -4
[26Aug2026 05:01:23.239] [Server thread/INFO] [net.minecraft.server.MinecraftServer/]: [Chunky] Task running for minecraft:overworld. Processed: 4495 chunks (27.87%), ETA: 0:17:22, Rate: 11.2 cps, Current: -21, -6
[26Aug2026 05:01:24.456] [Server thread/INFO] [net.minecraft.server.MinecraftServer/]: [Chunky] Task running for minecraft:overworld. Processed: 4509 chunks (27.96%), ETA: 0:17:12, Rate: 11.3 cps, Current: -19, -10
[26Aug2026 05:01:25.472] [Server thread/INFO] [net.minecraft.server.MinecraftServer/]: [Chunky] Task running for minecraft:overworld. Processed: 4551 chunks (28.22%), ETA: 0:15:43, Rate: 12.3 cps, Current: -21, -14
[26Aug2026 05:01:26.474] [Server thread/INFO] [net.minecraft.server.MinecraftServer/]: [Chunky] Task running for minecraft:overworld. Processed: 4587 chunks (28.44%), ETA: 0:14:41, Rate: 13.1 cps, Current: -11, -15
[26Aug2026 05:01:27.629] [Server thread/INFO] [net.minecraft.server.MinecraftServer/]: [Chunky] Task running for minecraft:overworld. Processed: 4602 chunks (28.53%), ETA: 0:14:13, Rate: 13.5 cps, Current: -11, -11
[26Aug2026 05:01:28.685] [Server thread/INFO] [net.minecraft.server.MinecraftServer/]: [Chunky] Task running for minecraft:overworld. Processed: 4633 chunks (28.72%), ETA: 0:13:14, Rate: 14.5 cps, Current: -15, -8
[26Aug2026 05:01:29.716] [Server thread/INFO] [net.minecraft.server.MinecraftServer/]: [Chunky] Task running for minecraft:overworld. Processed: 4659 chunks (28.89%), ETA: 0:12:52, Rate: 14.8 cps, Current: -13, -8
[26Aug2026 05:01:30.728] [Server thread/INFO] [net.minecraft.server.MinecraftServer/]: [Chunky] Task running for minecraft:overworld. Processed: 4676 chunks (28.99%), ETA: 0:12:44, Rate: 15.0 cps, Current: -11, -5
[26Aug2026 05:01:31.929] [Server thread/INFO] [net.minecraft.server.MinecraftServer/]: [Chunky] Task running for minecraft:overworld. Processed: 4691 chunks (29.08%), ETA: 0:12:47, Rate: 14.9 cps, Current: -16, -16
[26Aug2026 05:01:33.238] [Server thread/INFO] [net.minecraft.server.MinecraftServer/]: [Chunky] Task running for minecraft:overworld. Processed: 4695 chunks (29.11%), ETA: 0:13:26, Rate: 14.2 cps, Current: -12, -16
[26Aug2026 05:01:34.300] [Server thread/INFO] [net.minecraft.server.MinecraftServer/]: [Chunky] Task running for minecraft:overworld. Processed: 4707 chunks (29.18%), ETA: 0:13:34, Rate: 14.0 cps, Current: -9, -5
[26Aug2026 05:01:35.301] [Server thread/INFO] [net.minecraft.server.MinecraftServer/]: [Chunky] Task running for minecraft:overworld. Processed: 4718 chunks (29.25%), ETA: 0:13:45, Rate: 13.8 cps, Current: -7, -4
[26Aug2026 05:01:36.305] [Server thread/INFO] [net.minecraft.server.MinecraftServer/]: [Chunky] Task running for minecraft:overworld. Processed: 4745 chunks (29.42%), ETA: 0:13:04, Rate: 14.5 cps, Current: -4, -7
[26Aug2026 05:01:37.359] [Server thread/INFO] [net.minecraft.server.MinecraftServer/]: [Chunky] Task running for minecraft:overworld. Processed: 4765 chunks (29.54%), ETA: 0:12:57, Rate: 14.6 cps, Current: -1, -10
[26Aug2026 05:01:38.441] [Server thread/INFO] [net.minecraft.server.MinecraftServer/]: [Chunky] Task running for minecraft:overworld. Processed: 4792 chunks (29.71%), ETA: 0:12:26, Rate: 15.2 cps, Current: -9, -13
[26Aug2026 05:01:39.497] [Server thread/INFO] [net.minecraft.server.MinecraftServer/]: [Chunky] Task running for minecraft:overworld. Processed: 4811 chunks (29.83%), ETA: 0:12:26, Rate: 15.2 cps, Current: -32, -1
[26Aug2026 05:01:39.684] [c2me-worker-0/WARN] [net.minecraft.world.entity.ai.attributes.AttributeMap/]: Ignoring unknown attribute 'forge:step_height_addition'
[26Aug2026 05:01:40.562] [Server thread/INFO] [net.minecraft.server.MinecraftServer/]: [Chunky] Task running for minecraft:overworld. Processed: 4841 chunks (30.01%), ETA: 0:11:47, Rate: 16.0 cps, Current: -8, -16
[26Aug2026 05:01:41.640] [Server thread/INFO] [net.minecraft.server.MinecraftServer/]: [Chunky] Task running for minecraft:overworld. Processed: 4865 chunks (30.16%), ETA: 0:11:21, Rate: 16.5 cps, Current: -1, -21
[26Aug2026 05:01:42.655] [Server thread/INFO] [net.minecraft.server.MinecraftServer/]: [Chunky] Task running for minecraft:overworld. Processed: 4884 chunks (30.28%), ETA: 0:11:02, Rate: 17.0 cps, Current: -6, -22
[26Aug2026 05:01:43.752] [Server thread/INFO] [net.minecraft.server.MinecraftServer/]: [Chunky] Task running for minecraft:overworld. Processed: 4904 chunks (30.40%), ETA: 0:10:30, Rate: 17.8 cps, Current: -6, -23
[26Aug2026 05:01:44.862] [Server thread/INFO] [net.minecraft.server.MinecraftServer/]: [Chunky] Task running for minecraft:overworld. Processed: 4941 chunks (30.63%), ETA: 0:10:08, Rate: 18.4 cps, Current: -16, -22
[26Aug2026 05:01:45.865] [Server thread/INFO] [net.minecraft.server.MinecraftServer/]: [Chunky] Task running for minecraft:overworld. Processed: 4968 chunks (30.80%), ETA: 0:10:00, Rate: 18.6 cps, Current: -12, -25
[26Aug2026 05:01:46.937] [Server thread/INFO] [net.minecraft.server.MinecraftServer/]: [Chunky] Task running for minecraft:overworld. Processed: 4998 chunks (30.99%), ETA: 0:09:43, Rate: 19.1 cps, Current: -16, -31
[26Aug2026 05:01:47.992] [Server thread/INFO] [net.minecraft.server.MinecraftServer/]: [Chunky] Task running for minecraft:overworld. Processed: 5022 chunks (31.14%), ETA: 0:09:29, Rate: 19.5 cps, Current: -9, -30
[26Aug2026 05:01:49.000] [Server thread/INFO] [net.minecraft.server.MinecraftServer/]: [Chunky] Task running for minecraft:overworld. Processed: 5066 chunks (31.41%), ETA: 0:09:04, Rate: 20.3 cps, Current: -2, -27
[26Aug2026 05:01:50.026] [Server thread/INFO] [net.minecraft.server.MinecraftServer/]: [Chunky] Task running for minecraft:overworld. Processed: 5098 chunks (31.61%), ETA: 0:08:46, Rate: 20.9 cps, Current: -7, -1
[26Aug2026 05:01:53.718] [Server thread/INFO] [net.minecraft.server.MinecraftServer/]: [Chunky] Task running for minecraft:overworld. Processed: 5121 chunks (31.75%), ETA: 0:08:45, Rate: 20.9 cps, Current: -29, 3
[26Aug2026 05:01:54.729] [Server thread/INFO] [net.minecraft.server.MinecraftServer/]: [Chunky] Task running for minecraft:overworld. Processed: 5137 chunks (31.85%), ETA: 0:09:07, Rate: 20.1 cps, Current: -27, 1
[26Aug2026 05:01:55.744] [Server thread/INFO] [net.minecraft.server.MinecraftServer/]: [Chunky] Task running for minecraft:overworld. Processed: 5155 chunks (31.96%), ETA: 0:09:23, Rate: 19.5 cps, Current: -31, 2
[26Aug2026 05:01:56.760] [Server thread/INFO] [net.minecraft.server.MinecraftServer/]: [Chunky] Task running for minecraft:overworld. Processed: 5171 chunks (32.06%), ETA: 0:09:20, Rate: 19.6 cps, Current: -25, 2
[26Aug2026 05:01:57.789] [Server thread/INFO] [net.minecraft.server.MinecraftServer/]: [Chunky] Task running for minecraft:overworld. Processed: 5195 chunks (32.21%), ETA: 0:09:25, Rate: 19.3 cps, Current: -23, 5
[26Aug2026 05:01:58.725] [c2me-worker-1/WARN] [net.minecraft.world.entity.ai.attributes.AttributeMap/]: Ignoring unknown attribute 'forge:step_height_addition'
[26Aug2026 05:01:58.726] [c2me-worker-1/WARN] [net.minecraft.world.entity.ai.attributes.AttributeMap/]: Ignoring unknown attribute 'forge:step_height_addition'
[26Aug2026 05:01:58.726] [c2me-worker-1/WARN] [net.minecraft.world.entity.ai.attributes.AttributeMap/]: Ignoring unknown attribute 'forge:step_height_addition'
[26Aug2026 05:01:58.816] [Server thread/INFO] [net.minecraft.server.MinecraftServer/]: [Chunky] Task running for minecraft:overworld. Processed: 5207 chunks (32.28%), ETA: 0:09:38, Rate: 18.9 cps, Current: -18, 1
[26Aug2026 05:01:59.861] [Server thread/INFO] [net.minecraft.server.MinecraftServer/]: [Chunky] Task running for minecraft:overworld. Processed: 5216 chunks (32.34%), ETA: 0:09:47, Rate: 18.6 cps, Current: -20, 6
[26Aug2026 05:02:01.130] [Server thread/INFO] [net.minecraft.server.MinecraftServer/]: [Chunky] Task running for minecraft:overworld. Processed: 5234 chunks (32.45%), ETA: 0:09:44, Rate: 18.6 cps, Current: -22, 10
[26Aug2026 05:02:02.493] [Server thread/INFO] [net.minecraft.server.MinecraftServer/]: [Chunky] Task running for minecraft:overworld. Processed: 5243 chunks (32.51%), ETA: 0:09:40, Rate: 18.8 cps, Current: -19, 11
[26Aug2026 05:02:03.495] [Server thread/INFO] [net.minecraft.server.MinecraftServer/]: [Chunky] Task running for minecraft:overworld. Processed: 5252 chunks (32.56%), ETA: 0:09:41, Rate: 18.7 cps, Current: -32, 1
[26Aug2026 05:02:04.565] [Server thread/INFO] [net.minecraft.server.MinecraftServer/]: [Chunky] Task running for minecraft:overworld. Processed: 5264 chunks (32.64%), ETA: 0:09:41, Rate: 18.7 cps, Current: -21, 13
[26Aug2026 05:02:05.644] [Server thread/INFO] [net.minecraft.server.MinecraftServer/]: [Chunky] Task running for minecraft:overworld. Processed: 5273 chunks (32.69%), ETA: 0:10:02, Rate: 18.0 cps, Current: -24, 11
[26Aug2026 05:02:06.314] [c2me-worker-0/WARN] [net.minecraft.world.entity.ai.attributes.AttributeMap/]: Ignoring unknown attribute 'forge:step_height_addition'
[26Aug2026 05:02:06.314] [c2me-worker-0/WARN] [net.minecraft.world.entity.ai.attributes.AttributeMap/]: Ignoring unknown attribute 'forge:entity_gravity'
[26Aug2026 05:02:06.702] [Server thread/INFO] [net.minecraft.server.MinecraftServer/]: [Chunky] Task running for minecraft:overworld. Processed: 5280 chunks (32.74%), ETA: 0:10:16, Rate: 17.6 cps, Current: -25, 11
[26Aug2026 05:02:07.709] [Server thread/INFO] [net.minecraft.server.MinecraftServer/]: [Chunky] Task running for minecraft:overworld. Processed: 5304 chunks (32.88%), ETA: 0:10:17, Rate: 17.5 cps, Current: -27, 13
[26Aug2026 05:02:08.739] [Server thread/INFO] [net.minecraft.server.MinecraftServer/]: [Chunky] Task running for minecraft:overworld. Processed: 5322 chunks (33.00%), ETA: 0:10:17, Rate: 17.5 cps, Current: -31, 10
[26Aug2026 05:02:09.801] [Server thread/INFO] [net.minecraft.server.MinecraftServer/]: [Chunky] Task running for minecraft:overworld. Processed: 5334 chunks (33.07%), ETA: 0:10:38, Rate: 16.9 cps, Current: -31, 14
[26Aug2026 05:02:10.817] [Server thread/INFO] [net.minecraft.server.MinecraftServer/]: [Chunky] Task running for minecraft:overworld. Processed: 5339 chunks (33.10%), ETA: 0:11:02, Rate: 16.3 cps, Current: -31, 16
[26Aug2026 05:02:11.820] [Server thread/INFO] [net.minecraft.server.MinecraftServer/]: [Chunky] Task running for minecraft:overworld. Processed: 5357 chunks (33.21%), ETA: 0:11:02, Rate: 16.3 cps, Current: -29, 17
[26Aug2026 05:02:12.936] [Server thread/INFO] [net.minecraft.server.MinecraftServer/]: [Chunky] Task running for minecraft:overworld. Processed: 5366 chunks (33.27%), ETA: 0:11:18, Rate: 15.9 cps, Current: -26, 19
[26Aug2026 05:02:13.962] [Server thread/INFO] [net.minecraft.server.MinecraftServer/]: [Chunky] Task running for minecraft:overworld. Processed: 5374 chunks (33.32%), ETA: 0:12:01, Rate: 14.9 cps, Current: -17, 5
[26Aug2026 05:02:15.037] [Server thread/INFO] [net.minecraft.server.MinecraftServer/]: [Chunky] Task running for minecraft:overworld. Processed: 5392 chunks (33.43%), ETA: 0:12:16, Rate: 14.6 cps, Current: -30, 21
[26Aug2026 05:02:16.312] [Server thread/INFO] [net.minecraft.server.MinecraftServer/]: [Chunky] Task running for minecraft:overworld. Processed: 5402 chunks (33.49%), ETA: 0:12:58, Rate: 13.8 cps, Current: -31, 23
[26Aug2026 05:02:17.755] [Server thread/INFO] [net.minecraft.server.MinecraftServer/]: [Chunky] Task running for minecraft:overworld. Processed: 5410 chunks (33.54%), ETA: 0:13:40, Rate: 13.1 cps, Current: -25, 15
[26Aug2026 05:02:18.867] [Server thread/INFO] [net.minecraft.server.MinecraftServer/]: [Chunky] Task running for minecraft:overworld. Processed: 5417 chunks (33.59%), ETA: 0:15:08, Rate: 11.8 cps, Current: -31, 27
[26Aug2026 05:02:19.999] [Server thread/INFO] [net.minecraft.server.MinecraftServer/]: [Chunky] Task running for minecraft:overworld. Processed: 5431 chunks (33.67%), ETA: 0:16:00, Rate: 11.1 cps, Current: -28, 23
[26Aug2026 05:02:21.018] [Server thread/INFO] [net.minecraft.server.MinecraftServer/]: [Chunky] Task running for minecraft:overworld. Processed: 5441 chunks (33.73%), ETA: 0:15:08, Rate: 11.8 cps, Current: -27, 28
[26Aug2026 05:02:22.124] [Server thread/INFO] [net.minecraft.server.MinecraftServer/]: [Chunky] Task running for minecraft:overworld. Processed: 5468 chunks (33.90%), ETA: 0:14:30, Rate: 12.3 cps, Current: -25, 25
[26Aug2026 05:02:23.180] [Server thread/INFO] [net.minecraft.server.MinecraftServer/]: [Chunky] Task running for minecraft:overworld. Processed: 5480 chunks (33.98%), ETA: 0:14:31, Rate: 12.2 cps, Current: -25, 29
[26Aug2026 05:02:24.205] [Server thread/INFO] [net.minecraft.server.MinecraftServer/]: [Chunky] Task running for minecraft:overworld. Processed: 5494 chunks (34.06%), ETA: 0:14:35, Rate: 12.1 cps, Current: -21, 29
[26Aug2026 05:02:25.234] [Server thread/INFO] [net.minecraft.server.MinecraftServer/]: [Chunky] Task running for minecraft:overworld. Processed: 5503 chunks (34.12%), ETA: 0:14:57, Rate: 11.8 cps, Current: -32, 13
[26Aug2026 05:02:26.252] [Server thread/INFO] [net.minecraft.server.MinecraftServer/]: [Chunky] Task running for minecraft:overworld. Processed: 5516 chunks (34.20%), ETA: 0:15:04, Rate: 11.7 cps, Current: -20, 26
[26Aug2026 05:02:27.322] [Server thread/INFO] [net.minecraft.server.MinecraftServer/]: [Chunky] Task running for minecraft:overworld. Processed: 5530 chunks (34.29%), ETA: 0:15:31, Rate: 11.4 cps, Current: -19, 21
[26Aug2026 05:02:28.513] [Server thread/INFO] [net.minecraft.server.MinecraftServer/]: [Chunky] Task running for minecraft:overworld. Processed: 5592 chunks (34.67%), ETA: 0:13:30, Rate: 13.0 cps, Current: -17, 18
[26Aug2026 05:02:29.723] [Server thread/INFO] [net.minecraft.server.MinecraftServer/]: [Chunky] Task running for minecraft:overworld. Processed: 5603 chunks (34.74%), ETA: 0:13:30, Rate: 13.0 cps, Current: -32, 23
[26Aug2026 05:02:30.739] [Server thread/INFO] [net.minecraft.server.MinecraftServer/]: [Chunky] Task running for minecraft:overworld. Processed: 5619 chunks (34.84%), ETA: 0:13:26, Rate: 13.0 cps, Current: -16, 19
[26Aug2026 05:02:31.853] [Server thread/INFO] [net.minecraft.server.MinecraftServer/]: [Chunky] Task running for minecraft:overworld. Processed: 5635 chunks (34.94%), ETA: 0:13:03, Rate: 13.4 cps, Current: -14, 22
[26Aug2026 05:02:32.896] [Server thread/INFO] [net.minecraft.server.MinecraftServer/]: [Chunky] Task running for minecraft:overworld. Processed: 5672 chunks (35.17%), ETA: 0:12:10, Rate: 14.3 cps, Current: -17, 30
[26Aug2026 05:02:33.230] [c2me-worker-1/WARN] [net.minecraft.world.entity.ai.attributes.AttributeMap/]: Ignoring unknown attribute 'forge:entity_gravity'
[26Aug2026 05:02:33.231] [c2me-worker-1/WARN] [net.minecraft.world.entity.ai.attributes.AttributeMap/]: Ignoring unknown attribute 'forge:entity_gravity'
[26Aug2026 05:02:33.525] [c2me-worker-1/WARN] [net.minecraft.world.entity.ai.attributes.AttributeMap/]: Ignoring unknown attribute 'forge:entity_gravity'
[26Aug2026 05:02:33.527] [c2me-worker-1/WARN] [net.minecraft.world.entity.ai.attributes.AttributeMap/]: Ignoring unknown attribute 'forge:entity_gravity'
[26Aug2026 05:02:33.527] [c2me-worker-1/WARN] [net.minecraft.world.entity.ai.attributes.AttributeMap/]: Ignoring unknown attribute 'forge:entity_gravity'
[26Aug2026 05:02:33.528] [c2me-worker-1/WARN] [net.minecraft.world.entity.ai.attributes.AttributeMap/]: Ignoring unknown attribute 'forge:entity_gravity'
[26Aug2026 05:02:33.529] [c2me-worker-1/WARN] [net.minecraft.world.entity.ai.attributes.AttributeMap/]: Ignoring unknown attribute 'forge:entity_gravity'
[26Aug2026 05:02:33.530] [c2me-worker-1/WARN] [net.minecraft.world.entity.ai.attributes.AttributeMap/]: Ignoring unknown attribute 'forge:entity_gravity'
[26Aug2026 05:02:34.030] [Server thread/INFO] [net.minecraft.server.MinecraftServer/]: [Chunky] Task running for minecraft:overworld. Processed: 5694 chunks (35.30%), ETA: 0:11:53, Rate: 14.6 cps, Current: -12, 30
[26Aug2026 05:02:35.377] [Server thread/INFO] [net.minecraft.server.MinecraftServer/]: [Chunky] Task running for minecraft:overworld. Processed: 5715 chunks (35.43%), ETA: 0:11:38, Rate: 14.9 cps, Current: -31, 31
[26Aug2026 05:02:36.395] [Server thread/INFO] [net.minecraft.server.MinecraftServer/]: [Chunky] Task running for minecraft:overworld. Processed: 5733 chunks (35.54%), ETA: 0:11:19, Rate: 15.3 cps, Current: -9, 28
[26Aug2026 05:02:37.441] [Server thread/INFO] [net.minecraft.server.MinecraftServer/]: [Chunky] Task running for minecraft:overworld. Processed: 5771 chunks (35.78%), ETA: 0:10:58, Rate: 15.7 cps, Current: -4, 25
[26Aug2026 05:02:38.452] [Server thread/INFO] [net.minecraft.server.MinecraftServer/]: [Chunky] Task running for minecraft:overworld. Processed: 5810 chunks (36.02%), ETA: 0:10:27, Rate: 16.5 cps, Current: -8, 21
[26Aug2026 05:02:39.489] [Server thread/INFO] [net.minecraft.server.MinecraftServer/]: [Chunky] Task running for minecraft:overworld. Processed: 5849 chunks (36.26%), ETA: 0:09:51, Rate: 17.4 cps, Current: -6, 17
[26Aug2026 05:02:40.566] [Server thread/INFO] [net.minecraft.server.MinecraftServer/]: [Chunky] Task running for minecraft:overworld. Processed: 5875 chunks (36.43%), ETA: 0:09:28, Rate: 18.1 cps, Current: -4, 16
[26Aug2026 05:02:41.590] [Server thread/INFO] [net.minecraft.server.MinecraftServer/]: [Chunky] Task running for minecraft:overworld. Processed: 5893 chunks (36.54%), ETA: 0:09:27, Rate: 18.0 cps, Current: -5, 12
[26Aug2026 05:02:42.738] [Server thread/INFO] [net.minecraft.server.MinecraftServer/]: [Chunky] Task running for minecraft:overworld. Processed: 5916 chunks (36.68%), ETA: 0:09:12, Rate: 18.5 cps, Current: -10, 16
[26Aug2026 05:02:43.740] [Server thread/INFO] [net.minecraft.server.MinecraftServer/]: [Chunky] Task running for minecraft:overworld. Processed: 5951 chunks (36.90%), ETA: 0:08:44, Rate: 19.4 cps, Current: -8, 11
[26Aug2026 05:02:44.944] [Server thread/INFO] [net.minecraft.server.MinecraftServer/]: [Chunky] Task running for minecraft:overworld. Processed: 5982 chunks (37.09%), ETA: 0:08:33, Rate: 19.8 cps, Current: -11, 8
[26Aug2026 05:02:46.002] [Server thread/INFO] [net.minecraft.server.MinecraftServer/]: [Chunky] Task running for minecraft:overworld. Processed: 6006 chunks (37.24%), ETA: 0:08:16, Rate: 20.4 cps, Current: -16, 4
[26Aug2026 05:02:47.087] [Server thread/INFO] [net.minecraft.server.MinecraftServer/]: [Chunky] Task running for minecraft:overworld. Processed: 6055 chunks (37.54%), ETA: 0:07:37, Rate: 22.0 cps, Current: -8, 1
[26Aug2026 05:02:48.144] [Server thread/INFO] [net.minecraft.server.MinecraftServer/]: [Chunky] Task running for minecraft:overworld. Processed: 6077 chunks (37.68%), ETA: 0:07:25, Rate: 22.6 cps, Current: -6, 7
[26Aug2026 05:02:50.995] [Server thread/INFO] [net.minecraft.server.MinecraftServer/]: [Chunky] Task running for minecraft:overworld. Processed: 6126 chunks (37.98%), ETA: 0:07:17, Rate: 22.9 cps, Current: -31, 32
[26Aug2026 05:02:52.039] [Server thread/INFO] [net.minecraft.server.MinecraftServer/]: [Chunky] Task running for minecraft:overworld. Processed: 6133 chunks (38.02%), ETA: 0:07:28, Rate: 22.3 cps, Current: -15, 31
[26Aug2026 05:02:53.183] [Server thread/INFO] [net.minecraft.server.MinecraftServer/]: [Chunky] Task running for minecraft:overworld. Processed: 6141 chunks (38.07%), ETA: 0:07:26, Rate: 22.4 cps, Current: -1, 31
[26Aug2026 05:02:54.221] [Server thread/INFO] [net.minecraft.server.MinecraftServer/]: [Chunky] Task running for minecraft:overworld. Processed: 6148 chunks (38.12%), ETA: 0:07:27, Rate: 22.3 cps, Current: -32, 32
[26Aug2026 05:03:05.420] [Server thread/INFO] [net.minecraft.server.MinecraftServer/]: [Chunky] Task running for minecraft:overworld. Processed: 6149 chunks (38.12%), ETA: 0:11:34, Rate: 14.4 cps, Current: -29, 33
[26Aug2026 05:03:06.524] [Server thread/INFO] [net.minecraft.server.MinecraftServer/]: [Chunky] Task running for minecraft:overworld. Processed: 6172 chunks (38.27%), ETA: 0:12:00, Rate: 13.8 cps, Current: -30, 36
[26Aug2026 05:03:07.556] [Server thread/INFO] [net.minecraft.server.MinecraftServer/]: [Chunky] Task running for minecraft:overworld. Processed: 6186 chunks (38.35%), ETA: 0:12:47, Rate: 13.0 cps, Current: -22, 32
[26Aug2026 05:03:08.558] [Server thread/INFO] [net.minecraft.server.MinecraftServer/]: [Chunky] Task running for minecraft:overworld. Processed: 6198 chunks (38.43%), ETA: 0:13:44, Rate: 12.0 cps, Current: -25, 35
[26Aug2026 05:03:09.646] [Server thread/INFO] [net.minecraft.server.MinecraftServer/]: [Chunky] Task running for minecraft:overworld. Processed: 6205 chunks (38.47%), ETA: 0:14:31, Rate: 11.4 cps, Current: -21, 35
[26Aug2026 05:03:10.738] [Server thread/INFO] [net.minecraft.server.MinecraftServer/]: [Chunky] Task running for minecraft:overworld. Processed: 6223 chunks (38.58%), ETA: 0:14:32, Rate: 11.4 cps, Current: -31, 37
[26Aug2026 05:03:11.781] [Server thread/INFO] [net.minecraft.server.MinecraftServer/]: [Chunky] Task running for minecraft:overworld. Processed: 6226 chunks (38.60%), ETA: 0:15:24, Rate: 10.7 cps, Current: -18, 32
[26Aug2026 05:03:12.809] [Server thread/INFO] [net.minecraft.server.MinecraftServer/]: [Chunky] Task running for minecraft:overworld. Processed: 6234 chunks (38.65%), ETA: 0:16:52, Rate: 9.8 cps, Current: -23, 38
[26Aug2026 05:03:13.814] [Server thread/INFO] [net.minecraft.server.MinecraftServer/]: [Chunky] Task running for minecraft:overworld. Processed: 6251 chunks (38.76%), ETA: 0:17:36, Rate: 9.4 cps, Current: -21, 40
[26Aug2026 05:03:15.215] [Server thread/INFO] [net.minecraft.server.MinecraftServer/]: [Chunky] Task running for minecraft:overworld. Processed: 6267 chunks (38.86%), ETA: 0:18:19, Rate: 9.0 cps, Current: -18, 41
[26Aug2026 05:03:16.227] [Server thread/INFO] [net.minecraft.server.MinecraftServer/]: [Chunky] Task running for minecraft:overworld. Processed: 6278 chunks (38.92%), ETA: 0:21:21, Rate: 7.7 cps, Current: -18, 46
[26Aug2026 05:03:17.228] [Server thread/INFO] [net.minecraft.server.MinecraftServer/]: [Chunky] Task running for minecraft:overworld. Processed: 6298 chunks (39.05%), ETA: 0:21:27, Rate: 7.6 cps, Current: -25, 39
[26Aug2026 05:03:18.249] [Server thread/INFO] [net.minecraft.server.MinecraftServer/]: [Chunky] Task running for minecraft:overworld. Processed: 6316 chunks (39.16%), ETA: 0:23:20, Rate: 7.0 cps, Current: -25, 46
[26Aug2026 05:03:19.356] [Server thread/INFO] [net.minecraft.server.MinecraftServer/]: [Chunky] Task running for minecraft:overworld. Processed: 6332 chunks (39.26%), ETA: 0:22:22, Rate: 7.3 cps, Current: -30, 39
[26Aug2026 05:03:20.407] [Server thread/INFO] [net.minecraft.server.MinecraftServer/]: [Chunky] Task running for minecraft:overworld. Processed: 6351 chunks (39.38%), ETA: 0:21:12, Rate: 7.7 cps, Current: -28, 46
[26Aug2026 05:03:21.531] [Server thread/INFO] [net.minecraft.server.MinecraftServer/]: [Chunky] Task running for minecraft:overworld. Processed: 6361 chunks (39.44%), ETA: 0:20:58, Rate: 7.8 cps, Current: -32, 37
[26Aug2026 05:03:22.587] [Server thread/INFO] [net.minecraft.server.MinecraftServer/]: [Chunky] Task running for minecraft:overworld. Processed: 6368 chunks (39.48%), ETA: 0:20:58, Rate: 7.8 cps, Current: -30, 47
[26Aug2026 05:03:23.771] [Server thread/INFO] [net.minecraft.server.MinecraftServer/]: [Chunky] Task running for minecraft:overworld. Processed: 6385 chunks (39.59%), ETA: 0:20:09, Rate: 8.1 cps, Current: -26, 48
[26Aug2026 05:03:24.862] [Server thread/INFO] [net.minecraft.server.MinecraftServer/]: [Chunky] Task running for minecraft:overworld. Processed: 6394 chunks (39.64%), ETA: 0:12:49, Rate: 12.7 cps, Current: -27, 52
[26Aug2026 05:03:25.866] [Server thread/INFO] [net.minecraft.server.MinecraftServer/]: [Chunky] Task running for minecraft:overworld. Processed: 6402 chunks (39.69%), ETA: 0:13:02, Rate: 12.4 cps, Current: -28, 51
[26Aug2026 05:03:26.974] [Server thread/INFO] [net.minecraft.server.MinecraftServer/]: [Chunky] Task running for minecraft:overworld. Processed: 6419 chunks (39.80%), ETA: 0:12:52, Rate: 12.6 cps, Current: -17, 40
[26Aug2026 05:03:28.043] [Server thread/INFO] [net.minecraft.server.MinecraftServer/]: [Chunky] Task running for minecraft:overworld. Processed: 6427 chunks (39.85%), ETA: 0:13:06, Rate: 12.3 cps, Current: -17, 44
[26Aug2026 05:03:29.388] [Server thread/INFO] [net.minecraft.server.MinecraftServer/]: [Chunky] Task running for minecraft:overworld. Processed: 6438 chunks (39.92%), ETA: 0:13:20, Rate: 12.1 cps, Current: -21, 47
[26Aug2026 05:03:30.411] [Server thread/INFO] [net.minecraft.server.MinecraftServer/]: [Chunky] Task running for minecraft:overworld. Processed: 6452 chunks (40.00%), ETA: 0:13:15, Rate: 12.2 cps, Current: -29, 57
[26Aug2026 05:03:31.586] [Server thread/INFO] [net.minecraft.server.MinecraftServer/]: [Chunky] Task running for minecraft:overworld. Processed: 6461 chunks (40.06%), ETA: 0:13:28, Rate: 12.0 cps, Current: -27, 60
[26Aug2026 05:03:32.614] [Server thread/INFO] [net.minecraft.server.MinecraftServer/]: [Chunky] Task running for minecraft:overworld. Processed: 6486 chunks (40.21%), ETA: 0:12:55, Rate: 12.4 cps, Current: -25, 52
[26Aug2026 05:03:33.675] [Server thread/INFO] [net.minecraft.server.MinecraftServer/]: [Chunky] Task running for minecraft:overworld. Processed: 6498 chunks (40.29%), ETA: 0:12:57, Rate: 12.4 cps, Current: -25, 59
[26Aug2026 05:03:34.937] [Server thread/INFO] [net.minecraft.server.MinecraftServer/]: [Chunky] Task running for minecraft:overworld. Processed: 6516 chunks (40.40%), ETA: 0:12:51, Rate: 12.5 cps, Current: -21, 61
[26Aug2026 05:03:36.029] [Server thread/INFO] [net.minecraft.server.MinecraftServer/]: [Chunky] Task running for minecraft:overworld. Processed: 6528 chunks (40.47%), ETA: 0:13:13, Rate: 12.1 cps, Current: -19, 61
[26Aug2026 05:03:37.088] [Server thread/INFO] [net.minecraft.server.MinecraftServer/]: [Chunky] Task running for minecraft:overworld. Processed: 6546 chunks (40.59%), ETA: 0:13:03, Rate: 12.2 cps, Current: -18, 58
[26Aug2026 05:03:38.100] [Server thread/INFO] [net.minecraft.server.MinecraftServer/]: [Chunky] Task running for minecraft:overworld. Processed: 6554 chunks (40.63%), ETA: 0:13:12, Rate: 12.1 cps, Current: -19, 53
[26Aug2026 05:03:39.107] [Server thread/INFO] [net.minecraft.server.MinecraftServer/]: [Chunky] Task running for minecraft:overworld. Processed: 6601 chunks (40.93%), ETA: 0:11:47, Rate: 13.5 cps, Current: -20, 48
[26Aug2026 05:03:40.175] [Server thread/INFO] [net.minecraft.server.MinecraftServer/]: [Chunky] Task running for minecraft:overworld. Processed: 6619 chunks (41.04%), ETA: 0:11:45, Rate: 13.5 cps, Current: -32, 51
[26Aug2026 05:03:41.477] [Server thread/INFO] [net.minecraft.server.MinecraftServer/]: [Chunky] Task running for minecraft:overworld. Processed: 6629 chunks (41.10%), ETA: 0:11:38, Rate: 13.6 cps, Current: -32, 57
[26Aug2026 05:03:42.551] [Server thread/INFO] [net.minecraft.server.MinecraftServer/]: [Chunky] Task running for minecraft:overworld. Processed: 6636 chunks (41.14%), ETA: 0:11:40, Rate: 13.5 cps, Current: -12, 49
[26Aug2026 05:03:43.680] [Server thread/INFO] [net.minecraft.server.MinecraftServer/]: [Chunky] Task running for minecraft:overworld. Processed: 6655 chunks (41.26%), ETA: 0:11:38, Rate: 13.6 cps, Current: -12, 53
[26Aug2026 05:03:44.717] [Server thread/INFO] [net.minecraft.server.MinecraftServer/]: [Chunky] Task running for minecraft:overworld. Processed: 6687 chunks (41.46%), ETA: 0:11:01, Rate: 14.3 cps, Current: -17, 58
[26Aug2026 05:03:45.739] [Server thread/INFO] [net.minecraft.server.MinecraftServer/]: [Chunky] Task running for minecraft:overworld. Processed: 6713 chunks (41.62%), ETA: 0:10:37, Rate: 14.8 cps, Current: -13, 61
[26Aug2026 05:03:47.020] [Server thread/INFO] [net.minecraft.server.MinecraftServer/]: [Chunky] Task running for minecraft:overworld. Processed: 6736 chunks (41.76%), ETA: 0:10:37, Rate: 14.7 cps, Current: -10, 60
[26Aug2026 05:03:48.063] [Server thread/INFO] [net.minecraft.server.MinecraftServer/]: [Chunky] Task running for minecraft:overworld. Processed: 6739 chunks (41.78%), ETA: 0:11:00, Rate: 14.2 cps, Current: -29, 63
[26Aug2026 05:03:49.120] [Server thread/INFO] [net.minecraft.server.MinecraftServer/]: [Chunky] Task running for minecraft:overworld. Processed: 6756 chunks (41.89%), ETA: 0:10:56, Rate: 14.3 cps, Current: -8, 59
[26Aug2026 05:03:50.243] [Server thread/INFO] [net.minecraft.server.MinecraftServer/]: [Chunky] Task running for minecraft:overworld. Processed: 6771 chunks (41.98%), ETA: 0:11:03, Rate: 14.1 cps, Current: -24, 63
[26Aug2026 05:03:51.298] [Server thread/INFO] [net.minecraft.server.MinecraftServer/]: [Chunky] Task running for minecraft:overworld. Processed: 6781 chunks (42.04%), ETA: 0:11:00, Rate: 14.1 cps, Current: -18, 63
[26Aug2026 05:03:52.304] [Server thread/INFO] [net.minecraft.server.MinecraftServer/]: [Chunky] Task running for minecraft:overworld. Processed: 6799 chunks (42.15%), ETA: 0:10:41, Rate: 14.5 cps, Current: -3, 58
[26Aug2026 05:03:53.336] [Server thread/INFO] [net.minecraft.server.MinecraftServer/]: [Chunky] Task running for minecraft:overworld. Processed: 6826 chunks (42.32%), ETA: 0:10:22, Rate: 15.0 cps, Current: -8, 53
[26Aug2026 05:03:54.364] [Server thread/INFO] [net.minecraft.server.MinecraftServer/]: [Chunky] Task running for minecraft:overworld. Processed: 6854 chunks (42.49%), ETA: 0:09:53, Rate: 15.6 cps, Current: -4, 52
[26Aug2026 05:03:55.370] [Server thread/INFO] [net.minecraft.server.MinecraftServer/]: [Chunky] Task running for minecraft:overworld. Processed: 6869 chunks (42.59%), ETA: 0:09:43, Rate: 15.9 cps, Current: -4, 48
[26Aug2026 05:03:56.538] [Server thread/INFO] [net.minecraft.server.MinecraftServer/]: [Chunky] Task running for minecraft:overworld. Processed: 6883 chunks (42.67%), ETA: 0:09:47, Rate: 15.7 cps, Current: -3, 47
[26Aug2026 05:03:57.630] [Server thread/INFO] [net.minecraft.server.MinecraftServer/]: [Chunky] Task running for minecraft:overworld. Processed: 6888 chunks (42.71%), ETA: 0:09:51, Rate: 15.6 cps, Current: -2, 44
[26Aug2026 05:03:58.680] [Server thread/INFO] [net.minecraft.server.MinecraftServer/]: [Chunky] Task running for minecraft:overworld. Processed: 6906 chunks (42.82%), ETA: 0:09:36, Rate: 16.0 cps, Current: -5, 42
[26Aug2026 05:03:59.719] [Server thread/INFO] [net.minecraft.server.MinecraftServer/]: [Chunky] Task running for minecraft:overworld. Processed: 6932 chunks (42.98%), ETA: 0:09:20, Rate: 16.4 cps, Current: -8, 47
[26Aug2026 05:04:00.757] [Server thread/INFO] [net.minecraft.server.MinecraftServer/]: [Chunky] Task running for minecraft:overworld. Processed: 6976 chunks (43.25%), ETA: 0:08:37, Rate: 17.7 cps, Current: -16, 42
[26Aug2026 05:04:01.825] [Server thread/INFO] [net.minecraft.server.MinecraftServer/]: [Chunky] Task running for minecraft:overworld. Processed: 6999 chunks (43.39%), ETA: 0:08:38, Rate: 17.6 cps, Current: -4, 63
[26Aug2026 05:04:02.835] [Server thread/INFO] [net.minecraft.server.MinecraftServer/]: [Chunky] Task running for minecraft:overworld. Processed: 7038 chunks (43.64%), ETA: 0:08:10, Rate: 18.6 cps, Current: -16, 32
[26Aug2026 05:04:03.839] [Server thread/INFO] [net.minecraft.server.MinecraftServer/]: [Chunky] Task running for minecraft:overworld. Processed: 7102 chunks (44.03%), ETA: 0:07:24, Rate: 20.3 cps, Current: -5, 39
[26Aug2026 05:04:04.887] [Server thread/INFO] [net.minecraft.server.MinecraftServer/]: [Chunky] Task running for minecraft:overworld. Processed: 7146 chunks (44.31%), ETA: 0:07:06, Rate: 21.1 cps, Current: -1, 37
[26Aug2026 05:04:05.943] [Server thread/INFO] [net.minecraft.server.MinecraftServer/]: [Chunky] Task running for minecraft:overworld. Processed: 7163 chunks (44.41%), ETA: 0:07:01, Rate: 21.3 cps, Current: 3, 36
[26Aug2026 05:04:07.017] [Server thread/INFO] [net.minecraft.server.MinecraftServer/]: [Chunky] Task running for minecraft:overworld. Processed: 7194 chunks (44.60%), ETA: 0:06:52, Rate: 21.7 cps, Current: 7, 33
[26Aug2026 05:04:08.091] [Server thread/INFO] [net.minecraft.server.MinecraftServer/]: [Chunky] Task running for minecraft:overworld. Processed: 7211 chunks (44.71%), ETA: 0:06:46, Rate: 21.9 cps, Current: 13, 33
[26Aug2026 05:04:08.673] [c2me-worker-1/WARN] [net.minecraft.world.entity.ai.attributes.AttributeMap/]: Ignoring unknown attribute 'forge:step_height_addition'
[26Aug2026 05:04:09.167] [Server thread/INFO] [net.minecraft.server.MinecraftServer/]: [Chunky] Task running for minecraft:overworld. Processed: 7224 chunks (44.79%), ETA: 0:07:06, Rate: 20.9 cps, Current: 13, 35
[26Aug2026 05:04:10.208] [Server thread/INFO] [net.minecraft.server.MinecraftServer/]: [Chunky] Task running for minecraft:overworld. Processed: 7234 chunks (44.85%), ETA: 0:07:01, Rate: 21.1 cps, Current: 10, 38
[26Aug2026 05:04:11.219] [Server thread/INFO] [net.minecraft.server.MinecraftServer/]: [Chunky] Task running for minecraft:overworld. Processed: 7265 chunks (45.04%), ETA: 0:06:53, Rate: 21.4 cps, Current: 1, 39
[26Aug2026 05:04:12.426] [Server thread/INFO] [net.minecraft.server.MinecraftServer/]: [Chunky] Task running for minecraft:overworld. Processed: 7282 chunks (45.15%), ETA: 0:06:48, Rate: 21.7 cps, Current: 8, 41
[26Aug2026 05:04:13.566] [Server thread/INFO] [net.minecraft.server.MinecraftServer/]: [Chunky] Task running for minecraft:overworld. Processed: 7293 chunks (45.22%), ETA: 0:06:53, Rate: 21.4 cps, Current: 8, 43
[26Aug2026 05:04:14.571] [Server thread/INFO] [net.minecraft.server.MinecraftServer/]: [Chunky] Task running for minecraft:overworld. Processed: 7307 chunks (45.30%), ETA: 0:07:04, Rate: 20.8 cps, Current: 12, 45
[26Aug2026 05:04:16.210] [Server thread/INFO] [net.minecraft.server.MinecraftServer/]: [Chunky] Task running for minecraft:overworld. Processed: 7321 chunks (45.39%), ETA: 0:07:18, Rate: 20.1 cps, Current: 14, 45
[26Aug2026 05:04:17.240] [Server thread/INFO] [net.minecraft.server.MinecraftServer/]: [Chunky] Task running for minecraft:overworld. Processed: 7332 chunks (45.46%), ETA: 0:07:12, Rate: 20.4 cps, Current: 7, 43
[26Aug2026 05:04:18.275] [Server thread/INFO] [net.minecraft.server.MinecraftServer/]: [Chunky] Task running for minecraft:overworld. Processed: 7378 chunks (45.74%), ETA: 0:06:49, Rate: 21.4 cps, Current: 0, 45
[26Aug2026 05:04:19.300] [Server thread/INFO] [net.minecraft.server.MinecraftServer/]: [Chunky] Task running for minecraft:overworld. Processed: 7404 chunks (45.90%), ETA: 0:06:39, Rate: 21.8 cps, Current: 5, 48
[26Aug2026 05:04:20.326] [Server thread/INFO] [net.minecraft.server.MinecraftServer/]: [Chunky] Task running for minecraft:overworld. Processed: 7421 chunks (46.01%), ETA: 0:06:34, Rate: 22.1 cps, Current: 6, 50
[26Aug2026 05:04:20.948] [c2me-worker-0/WARN] [net.minecraft.world.entity.ai.attributes.AttributeMap/]: Ignoring unknown attribute 'forge:step_height_addition'
[26Aug2026 05:04:20.949] [c2me-worker-0/WARN] [net.minecraft.world.entity.ai.attributes.AttributeMap/]: Ignoring unknown attribute 'forge:step_height_addition'
[26Aug2026 05:04:21.307] [c2me-worker-0/WARN] [net.minecraft.world.entity.ai.attributes.AttributeMap/]: Ignoring unknown attribute 'forge:step_height_addition'
[26Aug2026 05:04:21.308] [c2me-worker-0/WARN] [net.minecraft.world.entity.ai.attributes.AttributeMap/]: Ignoring unknown attribute 'forge:step_height_addition'
[26Aug2026 05:04:21.368] [Server thread/INFO] [net.minecraft.server.MinecraftServer/]: [Chunky] Task running for minecraft:overworld. Processed: 7426 chunks (46.04%), ETA: 0:06:42, Rate: 21.6 cps, Current: 2, 54
[26Aug2026 05:04:22.410] [Server thread/INFO] [net.minecraft.server.MinecraftServer/]: [Chunky] Task running for minecraft:overworld. Processed: 7452 chunks (46.20%), ETA: 0:06:42, Rate: 21.6 cps, Current: 0, 57
[26Aug2026 05:04:23.431] [Server thread/INFO] [net.minecraft.server.MinecraftServer/]: [Chunky] Task running for minecraft:overworld. Processed: 7477 chunks (46.36%), ETA: 0:06:43, Rate: 21.5 cps, Current: 3, 58
[26Aug2026 05:04:24.540] [Server thread/INFO] [net.minecraft.server.MinecraftServer/]: [Chunky] Task running for minecraft:overworld. Processed: 7486 chunks (46.41%), ETA: 0:06:47, Rate: 21.2 cps, Current: 5, 60
[26Aug2026 05:04:25.664] [Server thread/INFO] [net.minecraft.server.MinecraftServer/]: [Chunky] Task running for minecraft:overworld. Processed: 7516 chunks (46.60%), ETA: 0:06:35, Rate: 21.8 cps, Current: 7, 56
[26Aug2026 05:04:26.693] [Server thread/INFO] [net.minecraft.server.MinecraftServer/]: [Chunky] Task running for minecraft:overworld. Processed: 7534 chunks (46.71%), ETA: 0:06:26, Rate: 22.3 cps, Current: 9, 60
[26Aug2026 05:04:27.981] [Server thread/INFO] [net.minecraft.server.MinecraftServer/]: [Chunky] Task running for minecraft:overworld. Processed: 7549 chunks (46.80%), ETA: 0:06:30, Rate: 22.0 cps, Current: 12, 60
[26Aug2026 05:04:29.043] [Server thread/INFO] [net.minecraft.server.MinecraftServer/]: [Chunky] Task running for minecraft:overworld. Processed: 7568 chunks (46.92%), ETA: 0:06:34, Rate: 21.7 cps, Current: 11, 62
[26Aug2026 05:04:30.062] [Server thread/INFO] [net.minecraft.server.MinecraftServer/]: [Chunky] Task running for minecraft:overworld. Processed: 7577 chunks (46.98%), ETA: 0:06:56, Rate: 20.5 cps, Current: 14, 62
[26Aug2026 05:04:31.036] [c2me-worker-0/WARN] [net.minecraft.world.entity.ai.attributes.AttributeMap/]: Ignoring unknown attribute 'forge:step_height_addition'
[26Aug2026 05:04:31.037] [c2me-worker-0/WARN] [net.minecraft.world.entity.ai.attributes.AttributeMap/]: Ignoring unknown attribute 'forge:step_height_addition'
[26Aug2026 05:04:31.038] [c2me-worker-0/WARN] [net.minecraft.world.entity.ai.attributes.AttributeMap/]: Ignoring unknown attribute 'forge:step_height_addition'
[26Aug2026 05:04:31.074] [Server thread/INFO] [net.minecraft.server.MinecraftServer/]: [Chunky] Task running for minecraft:overworld. Processed: 7635 chunks (47.34%), ETA: 0:06:30, Rate: 21.8 cps, Current: 15, 33
[26Aug2026 05:04:32.196] [Server thread/INFO] [net.minecraft.server.MinecraftServer/]: [Chunky] Task running for minecraft:overworld. Processed: 7651 chunks (47.44%), ETA: 0:06:44, Rate: 21.0 cps, Current: 15, 49
[26Aug2026 05:04:33.295] [Server thread/INFO] [net.minecraft.server.MinecraftServer/]: [Chunky] Task running for minecraft:overworld. Processed: 7655 chunks (47.46%), ETA: 0:07:29, Rate: 18.8 cps, Current: 16, 50
[26Aug2026 05:04:33.379] [c2me-worker-0/WARN] [net.minecraft.world.entity.ai.attributes.AttributeMap/]: Ignoring unknown attribute 'forge:step_height_addition'
[26Aug2026 05:04:33.382] [c2me-worker-0/WARN] [net.minecraft.world.entity.ai.attributes.AttributeMap/]: Ignoring unknown attribute 'forge:step_height_addition'
[26Aug2026 05:04:34.341] [Server thread/INFO] [net.minecraft.server.MinecraftServer/]: [Chunky] Task running for minecraft:overworld. Processed: 7659 chunks (47.49%), ETA: 0:08:05, Rate: 17.5 cps, Current: 20, 49
[26Aug2026 05:04:35.365] [Server thread/INFO] [net.minecraft.server.MinecraftServer/]: [Chunky] Task running for minecraft:overworld. Processed: 7667 chunks (47.54%), ETA: 0:08:13, Rate: 17.2 cps, Current: 16, 51
[26Aug2026 05:04:35.405] [c2me-worker-0/WARN] [net.minecraft.world.entity.ai.attributes.AttributeMap/]: Ignoring unknown attribute 'forge:step_height_addition'
[26Aug2026 05:04:35.406] [c2me-worker-0/WARN] [net.minecraft.world.entity.ai.attributes.AttributeMap/]: Ignoring unknown attribute 'forge:step_height_addition'
[26Aug2026 05:04:36.378] [Server thread/INFO] [net.minecraft.server.MinecraftServer/]: [Chunky] Task running for minecraft:overworld. Processed: 7678 chunks (47.60%), ETA: 0:08:31, Rate: 16.5 cps, Current: 20, 53
[26Aug2026 05:04:37.386] [Server thread/INFO] [net.minecraft.server.MinecraftServer/]: [Chunky] Task running for minecraft:overworld. Processed: 7706 chunks (47.78%), ETA: 0:08:17, Rate: 16.9 cps, Current: 15, 57
[26Aug2026 05:04:38.441] [Server thread/INFO] [net.minecraft.server.MinecraftServer/]: [Chunky] Task running for minecraft:overworld. Processed: 7730 chunks (47.93%), ETA: 0:08:04, Rate: 17.3 cps, Current: 18, 62
[26Aug2026 05:04:39.445] [Server thread/INFO] [net.minecraft.server.MinecraftServer/]: [Chunky] Task running for minecraft:overworld. Processed: 7746 chunks (48.03%), ETA: 0:07:57, Rate: 17.5 cps, Current: 22, 55
[26Aug2026 05:04:41.374] [Server thread/INFO] [net.minecraft.server.MinecraftServer/]: [Chunky] Task running for minecraft:overworld. Processed: 7765 chunks (48.14%), ETA: 0:08:20, Rate: 16.7 cps, Current: 2, 63
[26Aug2026 05:04:42.381] [Server thread/INFO] [net.minecraft.server.MinecraftServer/]: [Chunky] Task running for minecraft:overworld. Processed: 7770 chunks (48.17%), ETA: 0:08:32, Rate: 16.3 cps, Current: 11, 63
[26Aug2026 05:04:43.453] [Server thread/INFO] [net.minecraft.server.MinecraftServer/]: [Chunky] Task running for minecraft:overworld. Processed: 7797 chunks (48.34%), ETA: 0:08:13, Rate: 16.9 cps, Current: 23, 62
[26Aug2026 05:04:44.493] [Server thread/INFO] [net.minecraft.server.MinecraftServer/]: [Chunky] Task running for minecraft:overworld. Processed: 7810 chunks (48.42%), ETA: 0:08:13, Rate: 16.8 cps, Current: 27, 60
[26Aug2026 05:04:45.502] [Server thread/INFO] [net.minecraft.server.MinecraftServer/]: [Chunky] Task running for minecraft:overworld. Processed: 7831 chunks (48.55%), ETA: 0:07:55, Rate: 17.4 cps, Current: 27, 56
[26Aug2026 05:04:46.526] [Server thread/INFO] [net.minecraft.server.MinecraftServer/]: [Chunky] Task running for minecraft:overworld. Processed: 7852 chunks (48.68%), ETA: 0:07:45, Rate: 17.8 cps, Current: 30, 55
[26Aug2026 05:04:47.548] [Server thread/INFO] [net.minecraft.server.MinecraftServer/]: [Chunky] Task running for minecraft:overworld. Processed: 7875 chunks (48.83%), ETA: 0:08:02, Rate: 17.1 cps, Current: 27, 52
[26Aug2026 05:04:48.562] [Server thread/INFO] [net.minecraft.server.MinecraftServer/]: [Chunky] Task running for minecraft:overworld. Processed: 7901 chunks (48.99%), ETA: 0:08:03, Rate: 17.0 cps, Current: 28, 48
[26Aug2026 05:04:49.606] [Server thread/INFO] [net.minecraft.server.MinecraftServer/]: [Chunky] Task running for minecraft:overworld. Processed: 7910 chunks (49.04%), ETA: 0:08:11, Rate: 16.7 cps, Current: 29, 45
[26Aug2026 05:04:50.614] [Server thread/INFO] [net.minecraft.server.MinecraftServer/]: [Chunky] Task running for minecraft:overworld. Processed: 7923 chunks (49.12%), ETA: 0:08:01, Rate: 17.0 cps, Current: 28, 47
[26Aug2026 05:04:51.629] [Server thread/INFO] [net.minecraft.server.MinecraftServer/]: [Chunky] Task running for minecraft:overworld. Processed: 7939 chunks (49.22%), ETA: 0:08:10, Rate: 16.7 cps, Current: 25, 44
[26Aug2026 05:04:52.643] [Server thread/INFO] [net.minecraft.server.MinecraftServer/]: [Chunky] Task running for minecraft:overworld. Processed: 7965 chunks (49.38%), ETA: 0:08:07, Rate: 16.7 cps, Current: 21, 46
[26Aug2026 05:04:53.783] [Server thread/INFO] [net.minecraft.server.MinecraftServer/]: [Chunky] Task running for minecraft:overworld. Processed: 8001 chunks (49.61%), ETA: 0:07:40, Rate: 17.6 cps, Current: 16, 42
[26Aug2026 05:04:54.913] [Server thread/INFO] [net.minecraft.server.MinecraftServer/]: [Chunky] Task running for minecraft:overworld. Processed: 8023 chunks (49.74%), ETA: 0:07:46, Rate: 17.4 cps, Current: 28, 63
[26Aug2026 05:04:55.966] [Server thread/INFO] [net.minecraft.server.MinecraftServer/]: [Chunky] Task running for minecraft:overworld. Processed: 8056 chunks (49.95%), ETA: 0:07:31, Rate: 17.9 cps, Current: 16, 36
[26Aug2026 05:04:56.912] [c2me-worker-0/WARN] [net.minecraft.world.entity.ai.attributes.AttributeMap/]: Ignoring unknown attribute 'forge:step_height_addition'
[26Aug2026 05:04:56.912] [c2me-worker-0/WARN] [net.minecraft.world.entity.ai.attributes.AttributeMap/]: Ignoring unknown attribute 'forge:entity_gravity'
[26Aug2026 05:04:56.984] [Server thread/INFO] [net.minecraft.server.MinecraftServer/]: [Chunky] Task running for minecraft:overworld. Processed: 8102 chunks (50.23%), ETA: 0:07:00, Rate: 19.1 cps, Current: 24, 35
[26Aug2026 05:04:57.993] [Server thread/INFO] [net.minecraft.server.MinecraftServer/]: [Chunky] Task running for minecraft:overworld. Processed: 8141 chunks (50.47%), ETA: 0:06:42, Rate: 19.8 cps, Current: 29, 39
[26Aug2026 05:04:58.332] [c2me-worker-0/WARN] [net.minecraft.world.entity.ai.attributes.AttributeMap/]: Ignoring unknown attribute 'forge:step_height_addition'
[26Aug2026 05:04:58.441] [c2me-worker-1/WARN] [net.minecraft.world.entity.ai.attributes.AttributeMap/]: Ignoring unknown attribute 'forge:step_height_addition'
[26Aug2026 05:04:58.442] [c2me-worker-1/WARN] [net.minecraft.world.entity.ai.attributes.AttributeMap/]: Ignoring unknown attribute 'forge:step_height_addition'
[26Aug2026 05:04:58.443] [c2me-worker-1/WARN] [net.minecraft.world.entity.ai.attributes.AttributeMap/]: Ignoring unknown attribute 'forge:step_height_addition'
[26Aug2026 05:04:59.021] [Server thread/INFO] [net.minecraft.server.MinecraftServer/]: [Chunky] Task running for minecraft:overworld. Processed: 8174 chunks (50.68%), ETA: 0:06:32, Rate: 20.2 cps, Current: 32, 37
[26Aug2026 05:05:00.034] [Server thread/INFO] [net.minecraft.server.MinecraftServer/]: [Chunky] Task running for minecraft:overworld. Processed: 8186 chunks (50.75%), ETA: 0:06:30, Rate: 20.4 cps, Current: 31, 38
[26Aug2026 05:05:01.090] [Server thread/INFO] [net.minecraft.server.MinecraftServer/]: [Chunky] Task running for minecraft:overworld. Processed: 8212 chunks (50.91%), ETA: 0:06:47, Rate: 19.4 cps, Current: 40, 32
[26Aug2026 05:05:02.135] [Server thread/INFO] [net.minecraft.server.MinecraftServer/]: [Chunky] Task running for minecraft:overworld. Processed: 8235 chunks (51.06%), ETA: 0:06:43, Rate: 19.5 cps, Current: 45, 33
[26Aug2026 05:05:02.592] [c2me-worker-0/WARN] [net.minecraft.world.entity.ai.attributes.AttributeMap/]: Ignoring unknown attribute 'forge:entity_gravity'
[26Aug2026 05:05:03.418] [Server thread/INFO] [net.minecraft.server.MinecraftServer/]: [Chunky] Task running for minecraft:overworld. Processed: 8253 chunks (51.17%), ETA: 0:06:24, Rate: 20.5 cps, Current: 44, 37
[26Aug2026 05:05:04.508] [Server thread/INFO] [net.minecraft.server.MinecraftServer/]: [Chunky] Task running for minecraft:overworld. Processed: 8279 chunks (51.33%), ETA: 0:06:13, Rate: 21.0 cps, Current: 31, 59
[26Aug2026 05:05:05.676] [Server thread/INFO] [net.minecraft.server.MinecraftServer/]: [Chunky] Task running for minecraft:overworld. Processed: 8306 chunks (51.50%), ETA: 0:06:04, Rate: 21.5 cps, Current: 40, 40
[26Aug2026 05:05:06.792] [Server thread/INFO] [net.minecraft.server.MinecraftServer/]: [Chunky] Task running for minecraft:overworld. Processed: 8318 chunks (51.57%), ETA: 0:06:14, Rate: 20.8 cps, Current: 40, 43
[26Aug2026 05:05:07.806] [Server thread/INFO] [net.minecraft.server.MinecraftServer/]: [Chunky] Task running for minecraft:overworld. Processed: 8329 chunks (51.64%), ETA: 0:06:21, Rate: 20.4 cps, Current: 45, 39
[26Aug2026 05:05:09.036] [Server thread/INFO] [net.minecraft.server.MinecraftServer/]: [Chunky] Task running for minecraft:overworld. Processed: 8344 chunks (51.73%), ETA: 0:06:24, Rate: 20.2 cps, Current: 46, 39
[26Aug2026 05:05:10.064] [Server thread/INFO] [net.minecraft.server.MinecraftServer/]: [Chunky] Task running for minecraft:overworld. Processed: 8360 chunks (51.83%), ETA: 0:06:13, Rate: 20.8 cps, Current: 38, 46
[26Aug2026 05:05:11.085] [Server thread/INFO] [net.minecraft.server.MinecraftServer/]: [Chunky] Task running for minecraft:overworld. Processed: 8412 chunks (52.15%), ETA: 0:05:53, Rate: 21.8 cps, Current: 32, 47
[26Aug2026 05:05:12.225] [Server thread/INFO] [net.minecraft.server.MinecraftServer/]: [Chunky] Task running for minecraft:overworld. Processed: 8426 chunks (52.24%), ETA: 0:05:49, Rate: 22.0 cps, Current: 34, 50
[26Aug2026 05:05:13.448] [Server thread/INFO] [net.minecraft.server.MinecraftServer/]: [Chunky] Task running for minecraft:overworld. Processed: 8435 chunks (52.30%), ETA: 0:06:01, Rate: 21.3 cps, Current: 35, 47
[26Aug2026 05:05:13.652] [c2me-worker-1/WARN] [net.minecraft.world.entity.ai.attributes.AttributeMap/]: Ignoring unknown attribute 'forge:step_height_addition'
[26Aug2026 05:05:13.653] [c2me-worker-1/WARN] [net.minecraft.world.entity.ai.attributes.AttributeMap/]: Ignoring unknown attribute 'forge:step_height_addition'
[26Aug2026 05:05:13.998] [c2me-worker-1/WARN] [net.minecraft.world.entity.ai.attributes.AttributeMap/]: Ignoring unknown attribute 'forge:step_height_addition'
[26Aug2026 05:05:13.999] [c2me-worker-1/WARN] [net.minecraft.world.entity.ai.attributes.AttributeMap/]: Ignoring unknown attribute 'forge:step_height_addition'
[26Aug2026 05:05:14.512] [Server thread/INFO] [net.minecraft.server.MinecraftServer/]: [Chunky] Task running for minecraft:overworld. Processed: 8456 chunks (52.43%), ETA: 0:05:55, Rate: 21.6 cps, Current: 34, 53
[26Aug2026 05:05:15.547] [Server thread/INFO] [net.minecraft.server.MinecraftServer/]: [Chunky] Task running for minecraft:overworld. Processed: 8485 chunks (52.61%), ETA: 0:05:49, Rate: 21.8 cps, Current: 34, 57
[26Aug2026 05:05:16.685] [Server thread/INFO] [net.minecraft.server.MinecraftServer/]: [Chunky] Task running for minecraft:overworld. Processed: 8508 chunks (52.75%), ETA: 0:05:50, Rate: 21.8 cps, Current: 36, 60
[26Aug2026 05:05:17.716] [Server thread/INFO] [net.minecraft.server.MinecraftServer/]: [Chunky] Task running for minecraft:overworld. Processed: 8536 chunks (52.92%), ETA: 0:05:48, Rate: 21.8 cps, Current: 39, 51
[26Aug2026 05:05:18.727] [Server thread/INFO] [net.minecraft.server.MinecraftServer/]: [Chunky] Task running for minecraft:overworld. Processed: 8548 chunks (53.00%), ETA: 0:05:45, Rate: 21.9 cps, Current: 40, 57
[26Aug2026 05:05:19.736] [Server thread/INFO] [net.minecraft.server.MinecraftServer/]: [Chunky] Task running for minecraft:overworld. Processed: 8568 chunks (53.12%), ETA: 0:05:40, Rate: 22.2 cps, Current: 42, 60
[26Aug2026 05:05:20.871] [Server thread/INFO] [net.minecraft.server.MinecraftServer/]: [Chunky] Task running for minecraft:overworld. Processed: 8580 chunks (53.20%), ETA: 0:05:43, Rate: 22.0 cps, Current: 45, 59
[26Aug2026 05:05:22.211] [Server thread/INFO] [net.minecraft.server.MinecraftServer/]: [Chunky] Task running for minecraft:overworld. Processed: 8598 chunks (53.31%), ETA: 0:05:51, Rate: 21.4 cps, Current: 46, 56
[26Aug2026 05:05:23.222] [Server thread/INFO] [net.minecraft.server.MinecraftServer/]: [Chunky] Task running for minecraft:overworld. Processed: 8634 chunks (53.53%), ETA: 0:05:48, Rate: 21.5 cps, Current: 42, 51
[26Aug2026 05:05:24.375] [Server thread/INFO] [net.minecraft.server.MinecraftServer/]: [Chunky] Task running for minecraft:overworld. Processed: 8675 chunks (53.79%), ETA: 0:05:36, Rate: 22.2 cps, Current: 47, 49
[26Aug2026 05:05:25.446] [Server thread/INFO] [net.minecraft.server.MinecraftServer/]: [Chunky] Task running for minecraft:overworld. Processed: 8680 chunks (53.82%), ETA: 0:05:51, Rate: 21.2 cps, Current: 49, 50
[26Aug2026 05:05:25.499] [c2me-worker-0/WARN] [net.minecraft.world.entity.ai.attributes.AttributeMap/]: Ignoring unknown attribute 'forge:step_height_addition'
[26Aug2026 05:05:26.350] [c2me-worker-0/WARN] [net.minecraft.world.entity.ai.attributes.AttributeMap/]: Ignoring unknown attribute 'forge:step_height_addition'
[26Aug2026 05:05:26.352] [c2me-worker-0/WARN] [net.minecraft.world.entity.ai.attributes.AttributeMap/]: Ignoring unknown attribute 'forge:step_height_addition'
[26Aug2026 05:05:26.353] [c2me-worker-0/WARN] [net.minecraft.world.entity.ai.attributes.AttributeMap/]: Ignoring unknown attribute 'forge:step_height_addition'
[26Aug2026 05:05:26.465] [Server thread/INFO] [net.minecraft.server.MinecraftServer/]: [Chunky] Task running for minecraft:overworld. Processed: 8695 chunks (53.91%), ETA: 0:06:08, Rate: 20.1 cps, Current: 51, 51
[26Aug2026 05:05:26.979] [c2me-worker-1/WARN] [net.minecraft.world.entity.ai.attributes.AttributeMap/]: Ignoring unknown attribute 'forge:entity_gravity'
[26Aug2026 05:05:26.981] [c2me-worker-1/WARN] [net.minecraft.world.entity.ai.attributes.AttributeMap/]: Ignoring unknown attribute 'forge:entity_gravity'
[26Aug2026 05:05:26.982] [c2me-worker-1/WARN] [net.minecraft.world.entity.ai.attributes.AttributeMap/]: Ignoring unknown attribute 'forge:entity_gravity'
[26Aug2026 05:05:27.351] [c2me-worker-1/WARN] [net.minecraft.world.entity.ai.attributes.AttributeMap/]: Ignoring unknown attribute 'forge:entity_gravity'
[26Aug2026 05:05:27.352] [c2me-worker-1/WARN] [net.minecraft.world.entity.ai.attributes.AttributeMap/]: Ignoring unknown attribute 'forge:entity_gravity'
[26Aug2026 05:05:27.353] [c2me-worker-1/WARN] [net.minecraft.world.entity.ai.attributes.AttributeMap/]: Ignoring unknown attribute 'forge:entity_gravity'
[26Aug2026 05:05:27.354] [c2me-worker-1/WARN] [net.minecraft.world.entity.ai.attributes.AttributeMap/]: Ignoring unknown attribute 'forge:entity_gravity'
[26Aug2026 05:05:27.355] [c2me-worker-1/WARN] [net.minecraft.world.entity.ai.attributes.AttributeMap/]: Ignoring unknown attribute 'forge:entity_gravity'
[26Aug2026 05:05:27.472] [Server thread/INFO] [net.minecraft.server.MinecraftServer/]: [Chunky] Task running for minecraft:overworld. Processed: 8704 chunks (53.96%), ETA: 0:06:28, Rate: 19.1 cps, Current: 54, 51
[26Aug2026 05:05:27.565] [c2me-worker-1/WARN] [net.minecraft.world.entity.ai.attributes.AttributeMap/]: Ignoring unknown attribute 'forge:entity_gravity'
[26Aug2026 05:05:27.567] [c2me-worker-1/WARN] [net.minecraft.world.entity.ai.attributes.AttributeMap/]: Ignoring unknown attribute 'forge:entity_gravity'
[26Aug2026 05:05:27.653] [c2me-worker-1/WARN] [net.minecraft.world.entity.ai.attributes.AttributeMap/]: Ignoring unknown attribute 'forge:entity_gravity'
[26Aug2026 05:05:27.655] [c2me-worker-1/WARN] [net.minecraft.world.entity.ai.attributes.AttributeMap/]: Ignoring unknown attribute 'forge:entity_gravity'
[26Aug2026 05:05:27.656] [c2me-worker-1/WARN] [net.minecraft.world.entity.ai.attributes.AttributeMap/]: Ignoring unknown attribute 'forge:entity_gravity'
[26Aug2026 05:05:28.525] [Server thread/INFO] [net.minecraft.server.MinecraftServer/]: [Chunky] Task running for minecraft:overworld. Processed: 8730 chunks (54.13%), ETA: 0:06:31, Rate: 18.9 cps, Current: 50, 56
[26Aug2026 05:05:29.613] [Server thread/INFO] [net.minecraft.server.MinecraftServer/]: [Chunky] Task running for minecraft:overworld. Processed: 8748 chunks (54.24%), ETA: 0:06:27, Rate: 19.0 cps, Current: 49, 60
[26Aug2026 05:05:30.649] [Server thread/INFO] [net.minecraft.server.MinecraftServer/]: [Chunky] Task running for minecraft:overworld. Processed: 8768 chunks (54.36%), ETA: 0:06:30, Rate: 18.8 cps, Current: 51, 62
[26Aug2026 05:05:31.727] [Server thread/INFO] [net.minecraft.server.MinecraftServer/]: [Chunky] Task running for minecraft:overworld. Processed: 8788 chunks (54.49%), ETA: 0:06:32, Rate: 18.7 cps, Current: 33, 63
[26Aug2026 05:05:32.768] [Server thread/INFO] [net.minecraft.server.MinecraftServer/]: [Chunky] Task running for minecraft:overworld. Processed: 8795 chunks (54.53%), ETA: 0:06:36, Rate: 18.5 cps, Current: 58, 57
[26Aug2026 05:05:34.299] [Server thread/INFO] [net.minecraft.server.MinecraftServer/]: [Chunky] Task running for minecraft:overworld. Processed: 8819 chunks (54.68%), ETA: 0:06:42, Rate: 18.2 cps, Current: 40, 63
[26Aug2026 05:05:35.552] [Server thread/INFO] [net.minecraft.server.MinecraftServer/]: [Chunky] Task running for minecraft:overworld. Processed: 8830 chunks (54.75%), ETA: 0:06:55, Rate: 17.6 cps, Current: 62, 62
[26Aug2026 05:05:36.569] [Server thread/INFO] [net.minecraft.server.MinecraftServer/]: [Chunky] Task running for minecraft:overworld. Processed: 8854 chunks (54.89%), ETA: 0:06:43, Rate: 18.0 cps, Current: 58, 56
[26Aug2026 05:05:37.648] [Server thread/INFO] [net.minecraft.server.MinecraftServer/]: [Chunky] Task running for minecraft:overworld. Processed: 8880 chunks (55.06%), ETA: 0:06:31, Rate: 18.5 cps, Current: 59, 53
[26Aug2026 05:05:38.714] [Server thread/INFO] [net.minecraft.server.MinecraftServer/]: [Chunky] Task running for minecraft:overworld. Processed: 8907 chunks (55.22%), ETA: 0:06:20, Rate: 19.0 cps, Current: 57, 49
[26Aug2026 05:05:39.809] [Server thread/INFO] [net.minecraft.server.MinecraftServer/]: [Chunky] Task running for minecraft:overworld. Processed: 8926 chunks (55.34%), ETA: 0:06:17, Rate: 19.1 cps, Current: 62, 51
[26Aug2026 05:05:40.965] [Server thread/INFO] [net.minecraft.server.MinecraftServer/]: [Chunky] Task running for minecraft:overworld. Processed: 8936 chunks (55.40%), ETA: 0:06:49, Rate: 17.6 cps, Current: 62, 44
[26Aug2026 05:05:42.080] [Server thread/INFO] [net.minecraft.server.MinecraftServer/]: [Chunky] Task running for minecraft:overworld. Processed: 8956 chunks (55.53%), ETA: 0:06:43, Rate: 17.8 cps, Current: 60, 41
[26Aug2026 05:05:43.157] [Server thread/INFO] [net.minecraft.server.MinecraftServer/]: [Chunky] Task running for minecraft:overworld. Processed: 8988 chunks (55.73%), ETA: 0:06:22, Rate: 18.6 cps, Current: 54, 45
[26Aug2026 05:05:44.460] [Server thread/INFO] [net.minecraft.server.MinecraftServer/]: [Chunky] Task running for minecraft:overworld. Processed: 9025 chunks (55.96%), ETA: 0:06:13, Rate: 19.0 cps, Current: 49, 42
[26Aug2026 05:05:45.965] [Server thread/INFO] [net.minecraft.server.MinecraftServer/]: [Chunky] Task running for minecraft:overworld. Processed: 9047 chunks (56.09%), ETA: 0:06:24, Rate: 18.4 cps, Current: 60, 63
[26Aug2026 05:05:47.015] [Server thread/INFO] [net.minecraft.server.MinecraftServer/]: [Chunky] Task running for minecraft:overworld. Processed: 9053 chunks (56.13%), ETA: 0:06:40, Rate: 17.7 cps, Current: 53, 38
[26Aug2026 05:05:47.428] [c2me-worker-0/WARN] [net.minecraft.world.entity.ai.attributes.AttributeMap/]: Ignoring unknown attribute 'forge:step_height_addition'
[26Aug2026 05:05:47.430] [c2me-worker-0/WARN] [net.minecraft.world.entity.ai.attributes.AttributeMap/]: Ignoring unknown attribute 'forge:step_height_addition'
[26Aug2026 05:05:47.430] [c2me-worker-0/WARN] [net.minecraft.world.entity.ai.attributes.AttributeMap/]: Ignoring unknown attribute 'forge:step_height_addition'
[26Aug2026 05:05:47.575] [c2me-worker-1/WARN] [net.minecraft.world.entity.ai.attributes.AttributeMap/]: Ignoring unknown attribute 'forge:step_height_addition'
[26Aug2026 05:05:48.030] [Server thread/INFO] [net.minecraft.server.MinecraftServer/]: [Chunky] Task running for minecraft:overworld. Processed: 9115 chunks (56.51%), ETA: 0:06:01, Rate: 19.4 cps, Current: 55, 40
[26Aug2026 05:05:48.743] [c2me-worker-1/WARN] [net.minecraft.world.entity.ai.attributes.AttributeMap/]: Ignoring unknown attribute 'forge:entity_gravity'
[26Aug2026 05:05:49.103] [Server thread/INFO] [net.minecraft.server.MinecraftServer/]: [Chunky] Task running for minecraft:overworld. Processed: 9164 chunks (56.82%), ETA: 0:05:42, Rate: 20.3 cps, Current: 61, 40
[26Aug2026 05:05:54.137] [Server thread/INFO] [net.minecraft.server.MinecraftServer/]: [Chunky] Task running for minecraft:overworld. Processed: 9177 chunks (56.90%), ETA: 0:06:51, Rate: 16.9 cps, Current: 62, 39
[26Aug2026 05:05:56.808] [Server thread/INFO] [net.minecraft.server.MinecraftServer/]: [Chunky] Task running for minecraft:overworld. Processed: 9185 chunks (56.95%), ETA: 0:07:02, Rate: 16.4 cps, Current: 63, 61
[26Aug2026 05:05:57.826] [Server thread/INFO] [net.minecraft.server.MinecraftServer/]: [Chunky] Task running for minecraft:overworld. Processed: 9192 chunks (56.99%), ETA: 0:07:19, Rate: 15.8 cps, Current: 63, 56
[26Aug2026 05:05:59.502] [Server thread/INFO] [net.minecraft.server.MinecraftServer/]: [Chunky] Task running for minecraft:overworld. Processed: 9206 chunks (57.08%), ETA: 0:07:30, Rate: 15.4 cps, Current: 63, 42
[26Aug2026 05:06:01.226] [Server thread/INFO] [net.minecraft.server.MinecraftServer/]: [Chunky] Task running for minecraft:overworld. Processed: 9217 chunks (57.15%), ETA: 0:07:54, Rate: 14.6 cps, Current: 32, -63
[26Aug2026 05:06:02.417] [Server thread/INFO] [net.minecraft.server.MinecraftServer/]: [Chunky] Task running for minecraft:overworld. Processed: 9232 chunks (57.24%), ETA: 0:07:46, Rate: 14.8 cps, Current: 32, -48
[26Aug2026 05:06:03.465] [Server thread/INFO] [net.minecraft.server.MinecraftServer/]: [Chunky] Task running for minecraft:overworld. Processed: 9257 chunks (57.39%), ETA: 0:07:36, Rate: 15.1 cps, Current: 32, -44
[26Aug2026 05:06:04.566] [Server thread/INFO] [net.minecraft.server.MinecraftServer/]: [Chunky] Task running for minecraft:overworld. Processed: 9279 chunks (57.53%), ETA: 0:07:21, Rate: 15.5 cps, Current: 34, -62
[26Aug2026 05:06:05.704] [Server thread/INFO] [net.minecraft.server.MinecraftServer/]: [Chunky] Task running for minecraft:overworld. Processed: 9281 chunks (57.54%), ETA: 0:07:46, Rate: 14.7 cps, Current: 34, -47
[26Aug2026 05:06:06.729] [Server thread/INFO] [net.minecraft.server.MinecraftServer/]: [Chunky] Task running for minecraft:overworld. Processed: 9310 chunks (57.72%), ETA: 0:07:40, Rate: 14.8 cps, Current: 35, -62
[26Aug2026 05:06:07.781] [Server thread/INFO] [net.minecraft.server.MinecraftServer/]: [Chunky] Task running for minecraft:overworld. Processed: 9328 chunks (57.83%), ETA: 0:07:48, Rate: 14.5 cps, Current: 35, -44
[26Aug2026 05:06:09.399] [Server thread/INFO] [net.minecraft.server.MinecraftServer/]: [Chunky] Task running for minecraft:overworld. Processed: 9343 chunks (57.93%), ETA: 0:08:00, Rate: 14.1 cps, Current: 36, -61
[26Aug2026 05:06:10.630] [Server thread/INFO] [net.minecraft.server.MinecraftServer/]: [Chunky] Task running for minecraft:overworld. Processed: 9372 chunks (58.11%), ETA: 0:07:38, Rate: 14.7 cps, Current: 37, -61
[26Aug2026 05:06:11.645] [Server thread/INFO] [net.minecraft.server.MinecraftServer/]: [Chunky] Task running for minecraft:overworld. Processed: 9389 chunks (58.21%), ETA: 0:07:39, Rate: 14.7 cps, Current: 37, -46
[26Aug2026 05:06:12.711] [Server thread/INFO] [net.minecraft.server.MinecraftServer/]: [Chunky] Task running for minecraft:overworld. Processed: 9403 chunks (58.30%), ETA: 0:07:57, Rate: 14.1 cps, Current: 38, -47
[26Aug2026 05:06:13.731] [Server thread/INFO] [net.minecraft.server.MinecraftServer/]: [Chunky] Task running for minecraft:overworld. Processed: 9425 chunks (58.44%), ETA: 0:08:09, Rate: 13.7 cps, Current: 38, -40
[26Aug2026 05:06:14.861] [Server thread/INFO] [net.minecraft.server.MinecraftServer/]: [Chunky] Task running for minecraft:overworld. Processed: 9438 chunks (58.52%), ETA: 0:08:13, Rate: 13.6 cps, Current: 38, -63
[26Aug2026 05:06:15.861] [Server thread/INFO] [net.minecraft.server.MinecraftServer/]: [Chunky] Task running for minecraft:overworld. Processed: 9460 chunks (58.65%), ETA: 0:08:01, Rate: 13.8 cps, Current: 39, -34
[26Aug2026 05:06:16.863] [Server thread/INFO] [net.minecraft.server.MinecraftServer/]: [Chunky] Task running for minecraft:overworld. Processed: 9472 chunks (58.73%), ETA: 0:07:53, Rate: 14.1 cps, Current: 40, -55
[26Aug2026 05:06:18.610] [Server thread/INFO] [net.minecraft.server.MinecraftServer/]: [Chunky] Task running for minecraft:overworld. Processed: 9495 chunks (58.87%), ETA: 0:09:49, Rate: 11.3 cps, Current: 41, -57
[26Aug2026 05:06:19.650] [Server thread/INFO] [net.minecraft.server.MinecraftServer/]: [Chunky] Task running for minecraft:overworld. Processed: 9515 chunks (58.99%), ETA: 0:08:17, Rate: 13.3 cps, Current: 41, -42
[26Aug2026 05:06:20.687] [Server thread/INFO] [net.minecraft.server.MinecraftServer/]: [Chunky] Task running for minecraft:overworld. Processed: 9531 chunks (59.09%), ETA: 0:08:13, Rate: 13.4 cps, Current: 42, -56
[26Aug2026 05:06:22.122] [Server thread/INFO] [net.minecraft.server.MinecraftServer/]: [Chunky] Task running for minecraft:overworld. Processed: 9555 chunks (59.24%), ETA: 0:08:05, Rate: 13.5 cps, Current: 40, -63
[26Aug2026 05:06:23.332] [Server thread/INFO] [net.minecraft.server.MinecraftServer/]: [Chunky] Task running for minecraft:overworld. Processed: 9558 chunks (59.26%), ETA: 0:08:22, Rate: 13.1 cps, Current: 43, -40
[26Aug2026 05:06:24.360] [Server thread/INFO] [net.minecraft.server.MinecraftServer/]: [Chunky] Task running for minecraft:overworld. Processed: 9563 chunks (59.29%), ETA: 0:07:57, Rate: 13.8 cps, Current: 43, -55
[26Aug2026 05:06:26.927] [Server thread/INFO] [net.minecraft.server.MinecraftServer/]: [Chunky] Task running for minecraft:overworld. Processed: 9589 chunks (59.45%), ETA: 0:07:58, Rate: 13.7 cps, Current: 44, -47
[26Aug2026 05:06:28.540] [Server thread/INFO] [net.minecraft.server.MinecraftServer/]: [Chunky] Task running for minecraft:overworld. Processed: 9604 chunks (59.54%), ETA: 0:07:54, Rate: 13.7 cps, Current: 45, -47
[26Aug2026 05:06:30.163] [Server thread/INFO] [net.minecraft.server.MinecraftServer/]: [Chunky] Task running for minecraft:overworld. Processed: 9619 chunks (59.64%), ETA: 0:07:47, Rate: 13.9 cps, Current: 46, -46
[26Aug2026 05:06:31.259] [Server thread/INFO] [net.minecraft.server.MinecraftServer/]: [Chunky] Task running for minecraft:overworld. Processed: 9629 chunks (59.70%), ETA: 0:07:51, Rate: 13.8 cps, Current: 46, -37
[26Aug2026 05:06:41.210] [Server thread/INFO] [net.minecraft.server.MinecraftServer/]: [Chunky] Task running for minecraft:overworld. Processed: 9634 chunks (59.73%), ETA: 0:13:00, Rate: 8.3 cps, Current: 44, -48
[26Aug2026 05:06:42.254] [Server thread/INFO] [net.minecraft.server.MinecraftServer/]: [Chunky] Task running for minecraft:overworld. Processed: 9653 chunks (59.85%), ETA: 0:12:42, Rate: 8.5 cps, Current: 45, -50
[26Aug2026 05:06:43.306] [Server thread/INFO] [net.minecraft.server.MinecraftServer/]: [Chunky] Task running for minecraft:overworld. Processed: 9666 chunks (59.93%), ETA: 0:13:09, Rate: 8.2 cps, Current: 46, -50
[26Aug2026 05:06:44.600] [Server thread/INFO] [net.minecraft.server.MinecraftServer/]: [Chunky] Task running for minecraft:overworld. Processed: 9680 chunks (60.02%), ETA: 0:13:09, Rate: 8.2 cps, Current: 47, -62
[26Aug2026 05:06:45.620] [Server thread/INFO] [net.minecraft.server.MinecraftServer/]: [Chunky] Task running for minecraft:overworld. Processed: 9701 chunks (60.15%), ETA: 0:13:10, Rate: 8.1 cps, Current: 47, -41
[26Aug2026 05:06:46.687] [Server thread/INFO] [net.minecraft.server.MinecraftServer/]: [Chunky] Task running for minecraft:overworld. Processed: 9711 chunks (60.21%), ETA: 0:13:17, Rate: 8.0 cps, Current: 48, -52
[26Aug2026 05:06:47.788] [Server thread/INFO] [net.minecraft.server.MinecraftServer/]: [Chunky] Task running for minecraft:overworld. Processed: 9723 chunks (60.28%), ETA: 0:13:36, Rate: 7.8 cps, Current: 48, -40
[26Aug2026 05:06:49.081] [Server thread/INFO] [net.minecraft.server.MinecraftServer/]: [Chunky] Task running for minecraft:overworld. Processed: 9733 chunks (60.34%), ETA: 0:14:19, Rate: 7.4 cps, Current: 47, -63
[26Aug2026 05:06:50.111] [Server thread/INFO] [net.minecraft.server.MinecraftServer/]: [Chunky] Task running for minecraft:overworld. Processed: 9744 chunks (60.41%), ETA: 0:14:37, Rate: 7.3 cps, Current: 49, -53
[26Aug2026 05:06:51.252] [c2me-worker-0/WARN] [net.minecraft.world.entity.ai.attributes.AttributeMap/]: Ignoring unknown attribute 'forge:step_height_addition'
[26Aug2026 05:06:51.252] [c2me-worker-0/WARN] [net.minecraft.world.entity.ai.attributes.AttributeMap/]: Ignoring unknown attribute 'forge:entity_gravity'
[26Aug2026 05:06:51.284] [Server thread/INFO] [net.minecraft.server.MinecraftServer/]: [Chunky] Task running for minecraft:overworld. Processed: 9756 chunks (60.49%), ETA: 0:15:20, Rate: 6.9 cps, Current: 49, -59
[26Aug2026 05:06:52.452] [Server thread/INFO] [net.minecraft.server.MinecraftServer/]: [Chunky] Task running for minecraft:overworld. Processed: 9774 chunks (60.60%), ETA: 0:14:12, Rate: 7.5 cps, Current: 50, -61
[26Aug2026 05:06:53.467] [Server thread/INFO] [net.minecraft.server.MinecraftServer/]: [Chunky] Task running for minecraft:overworld. Processed: 9792 chunks (60.71%), ETA: 0:13:21, Rate: 7.9 cps, Current: 50, -44
[26Aug2026 05:06:55.607] [Server thread/INFO] [net.minecraft.server.MinecraftServer/]: [Chunky] Task running for minecraft:overworld. Processed: 9804 chunks (60.78%), ETA: 0:13:59, Rate: 7.5 cps, Current: 51, -62
[26Aug2026 05:06:56.613] [Server thread/INFO] [net.minecraft.server.MinecraftServer/]: [Chunky] Task running for minecraft:overworld. Processed: 9813 chunks (60.84%), ETA: 0:13:53, Rate: 7.6 cps, Current: 51, -54
[26Aug2026 05:06:57.938] [Server thread/INFO] [net.minecraft.server.MinecraftServer/]: [Chunky] Task running for minecraft:overworld. Processed: 9835 chunks (60.98%), ETA: 0:13:17, Rate: 7.9 cps, Current: 50, -63
[26Aug2026 05:06:58.966] [Server thread/INFO] [net.minecraft.server.MinecraftServer/]: [Chunky] Task running for minecraft:overworld. Processed: 9844 chunks (61.03%), ETA: 0:13:21, Rate: 7.8 cps, Current: 52, -62
[26Aug2026 05:07:00.013] [Server thread/INFO] [net.minecraft.server.MinecraftServer/]: [Chunky] Task running for minecraft:overworld. Processed: 9868 chunks (61.18%), ETA: 0:12:27, Rate: 8.4 cps, Current: 53, -62
[26Aug2026 05:07:01.024] [Server thread/INFO] [net.minecraft.server.MinecraftServer/]: [Chunky] Task running for minecraft:overworld. Processed: 9887 chunks (61.30%), ETA: 0:11:57, Rate: 8.7 cps, Current: 53, -43
[26Aug2026 05:07:02.077] [Server thread/INFO] [net.minecraft.server.MinecraftServer/]: [Chunky] Task running for minecraft:overworld. Processed: 9898 chunks (61.37%), ETA: 0:08:10, Rate: 12.7 cps, Current: 54, -62
[26Aug2026 05:07:03.096] [Server thread/INFO] [net.minecraft.server.MinecraftServer/]: [Chunky] Task running for minecraft:overworld. Processed: 9919 chunks (61.50%), ETA: 0:07:55, Rate: 13.1 cps, Current: 54, -41
[26Aug2026 05:07:04.131] [Server thread/INFO] [net.minecraft.server.MinecraftServer/]: [Chunky] Task running for minecraft:overworld. Processed: 9931 chunks (61.57%), ETA: 0:07:56, Rate: 13.0 cps, Current: 53, -63
[26Aug2026 05:07:05.160] [Server thread/INFO] [net.minecraft.server.MinecraftServer/]: [Chunky] Task running for minecraft:overworld. Processed: 9942 chunks (61.64%), ETA: 0:07:59, Rate: 12.9 cps, Current: 55, -52
[26Aug2026 05:07:06.818] [Server thread/INFO] [net.minecraft.server.MinecraftServer/]: [Chunky] Task running for minecraft:overworld. Processed: 9960 chunks (61.75%), ETA: 0:08:03, Rate: 12.8 cps, Current: 56, -56
[26Aug2026 05:07:06.888] [Server thread/INFO] [net.minecraft.server.network.ServerConfigurationPacketListenerImpl/]: com.mojang.authlib.GameProfile@4f971e4a[id=27624550-5762-38db-a0a7-5ccd77095ef1,name=VenaticWinner67,properties={}] lost connection: Incompatible client! Please use NeoForge 21.1.248
[26Aug2026 05:07:06.905] [Server thread/WARN] [net.minecraft.network.Connection/]: handleDisconnection() called twice
[26Aug2026 05:07:07.866] [Server thread/INFO] [net.minecraft.server.MinecraftServer/]: [Chunky] Task running for minecraft:overworld. Processed: 9979 chunks (61.87%), ETA: 0:07:53, Rate: 13.0 cps, Current: 56, -43
[26Aug2026 05:07:08.990] [Server thread/INFO] [net.minecraft.server.MinecraftServer/]: [Chunky] Task running for minecraft:overworld. Processed: 9997 chunks (61.98%), ETA: 0:07:47, Rate: 13.1 cps, Current: 55, -63
[26Aug2026 05:07:10.126] [Server thread/INFO] [net.minecraft.server.MinecraftServer/]: [Chunky] Task running for minecraft:overworld. Processed: 10000 chunks (62.00%), ETA: 0:08:02, Rate: 12.7 cps, Current: 57, -55
[26Aug2026 05:07:11.136] [Server thread/INFO] [net.minecraft.server.MinecraftServer/]: [Chunky] Task running for minecraft:overworld. Processed: 10024 chunks (62.15%), ETA: 0:07:47, Rate: 13.1 cps, Current: 58, -62
[26Aug2026 05:07:11.261] [c2me-worker-0/WARN] [net.minecraft.world.entity.ai.attributes.AttributeMap/]: Ignoring unknown attribute 'forge:step_height_addition'
[26Aug2026 05:07:11.261] [c2me-worker-0/WARN] [net.minecraft.world.entity.ai.attributes.AttributeMap/]: Ignoring unknown attribute 'forge:entity_gravity'
[26Aug2026 05:07:11.880] [c2me-worker-0/WARN] [net.minecraft.world.entity.ai.attributes.AttributeMap/]: Ignoring unknown attribute 'forge:step_height_addition'
[26Aug2026 05:07:11.880] [c2me-worker-0/WARN] [net.minecraft.world.entity.ai.attributes.AttributeMap/]: Ignoring unknown attribute 'forge:entity_gravity'
[26Aug2026 05:07:12.167] [Server thread/INFO] [net.minecraft.server.MinecraftServer/]: [Chunky] Task running for minecraft:overworld. Processed: 10043 chunks (62.27%), ETA: 0:07:45, Rate: 13.1 cps, Current: 58, -43
[26Aug2026 05:07:13.170] [Server thread/INFO] [net.minecraft.server.MinecraftServer/]: [Chunky] Task running for minecraft:overworld. Processed: 10062 chunks (62.38%), ETA: 0:07:36, Rate: 13.3 cps, Current: 59, -54
[26Aug2026 05:07:14.198] [c2me-worker-0/WARN] [net.minecraft.world.entity.ai.attributes.AttributeMap/]: Ignoring unknown attribute 'forge:step_height_addition'
[26Aug2026 05:07:14.199] [c2me-worker-0/WARN] [net.minecraft.world.entity.ai.attributes.AttributeMap/]: Ignoring unknown attribute 'forge:entity_gravity'
[26Aug2026 05:07:14.217] [Server thread/INFO] [net.minecraft.server.MinecraftServer/]: [Chunky] Task running for minecraft:overworld. Processed: 10077 chunks (62.48%), ETA: 0:07:30, Rate: 13.4 cps, Current: 59, -33
[26Aug2026 05:07:15.371] [Server thread/INFO] [net.minecraft.server.MinecraftServer/]: [Chunky] Task running for minecraft:overworld. Processed: 10090 chunks (62.56%), ETA: 0:07:40, Rate: 13.1 cps, Current: 60, -56
[26Aug2026 05:07:16.452] [Server thread/INFO] [net.minecraft.server.MinecraftServer/]: [Chunky] Task running for minecraft:overworld. Processed: 10105 chunks (62.65%), ETA: 0:07:33, Rate: 13.3 cps, Current: 60, -41
[26Aug2026 05:07:17.583] [Server thread/INFO] [net.minecraft.server.MinecraftServer/]: [Chunky] Task running for minecraft:overworld. Processed: 10117 chunks (62.73%), ETA: 0:07:33, Rate: 13.3 cps, Current: 60, -63
[26Aug2026 05:07:18.607] [Server thread/INFO] [net.minecraft.server.MinecraftServer/]: [Chunky] Task running for minecraft:overworld. Processed: 10132 chunks (62.82%), ETA: 0:07:22, Rate: 13.5 cps, Current: 61, -50
[26Aug2026 05:07:19.713] [Server thread/INFO] [net.minecraft.server.MinecraftServer/]: [Chunky] Task running for minecraft:overworld. Processed: 10154 chunks (62.95%), ETA: 0:07:10, Rate: 13.9 cps, Current: 62, -55
[26Aug2026 05:07:26.512] [Server thread/INFO] [net.minecraft.server.MinecraftServer/]: [Chunky] Task running for minecraft:overworld. Processed: 10177 chunks (63.10%), ETA: 0:08:07, Rate: 12.2 cps, Current: 62, -63
[26Aug2026 05:07:33.198] [c2me-worker-0/WARN] [net.minecraft.world.entity.ai.attributes.AttributeMap/]: Ignoring unknown attribute 'forge:entity_gravity'
[26Aug2026 05:07:33.202] [c2me-worker-0/WARN] [net.minecraft.world.entity.ai.attributes.AttributeMap/]: Ignoring unknown attribute 'forge:entity_gravity'
[26Aug2026 05:07:33.324] [c2me-worker-1/WARN] [net.minecraft.world.entity.ai.attributes.AttributeMap/]: Ignoring unknown attribute 'forge:entity_gravity'
[26Aug2026 05:07:33.325] [c2me-worker-1/WARN] [net.minecraft.world.entity.ai.attributes.AttributeMap/]: Ignoring unknown attribute 'forge:entity_gravity'
[26Aug2026 05:07:33.782] [Server thread/INFO] [net.minecraft.server.MinecraftServer/]: [Chunky] Task running for minecraft:overworld. Processed: 10178 chunks (63.10%), ETA: 0:11:51, Rate: 8.4 cps, Current: 63, -63
[26Aug2026 05:07:34.814] [Server thread/INFO] [net.minecraft.server.MinecraftServer/]: [Chunky] Task running for minecraft:overworld. Processed: 10184 chunks (63.14%), ETA: 0:12:05, Rate: 8.2 cps, Current: 63, -57
[26Aug2026 05:07:35.898] [Server thread/INFO] [net.minecraft.server.MinecraftServer/]: [Chunky] Task running for minecraft:overworld. Processed: 10193 chunks (63.20%), ETA: 0:12:17, Rate: 8.0 cps, Current: 63, -48
[26Aug2026 05:07:36.957] [Server thread/INFO] [net.minecraft.server.MinecraftServer/]: [Chunky] Task running for minecraft:overworld. Processed: 10201 chunks (63.25%), ETA: 0:12:53, Rate: 7.7 cps, Current: 63, -40
[26Aug2026 05:07:38.013] [c2me-worker-0/WARN] [net.minecraft.world.entity.ai.attributes.AttributeMap/]: Ignoring unknown attribute 'forge:entity_gravity'
[26Aug2026 05:07:38.018] [c2me-worker-0/WARN] [net.minecraft.world.entity.ai.attributes.AttributeMap/]: Ignoring unknown attribute 'forge:entity_gravity'
[26Aug2026 05:07:38.041] [c2me-worker-0/WARN] [net.minecraft.world.entity.ai.attributes.AttributeMap/]: Ignoring unknown attribute 'forge:entity_gravity'
[26Aug2026 05:07:38.090] [c2me-worker-1/WARN] [net.minecraft.world.entity.ai.attributes.AttributeMap/]: Ignoring unknown attribute 'forge:entity_gravity'
[26Aug2026 05:07:38.092] [c2me-worker-1/WARN] [net.minecraft.world.entity.ai.attributes.AttributeMap/]: Ignoring unknown attribute 'forge:entity_gravity'
[26Aug2026 05:07:38.094] [c2me-worker-1/WARN] [net.minecraft.world.entity.ai.attributes.AttributeMap/]: Ignoring unknown attribute 'forge:entity_gravity'
[26Aug2026 05:07:38.095] [c2me-worker-1/WARN] [net.minecraft.world.entity.ai.attributes.AttributeMap/]: Ignoring unknown attribute 'forge:entity_gravity'
[26Aug2026 05:07:38.481] [Server thread/INFO] [net.minecraft.server.MinecraftServer/]: [Chunky] Task running for minecraft:overworld. Processed: 10209 chunks (63.30%), ETA: 0:13:39, Rate: 7.2 cps, Current: 0, -61
[26Aug2026 05:07:39.498] [Server thread/INFO] [net.minecraft.server.MinecraftServer/]: [Chunky] Task running for minecraft:overworld. Processed: 10218 chunks (63.35%), ETA: 0:13:12, Rate: 7.5 cps, Current: 0, -54
[26Aug2026 05:07:39.753] [c2me-worker-0/WARN] [net.minecraft.world.entity.ai.attributes.AttributeMap/]: Ignoring unknown attribute 'forge:step_height_addition'
[26Aug2026 05:07:39.753] [c2me-worker-0/WARN] [net.minecraft.world.entity.ai.attributes.AttributeMap/]: Ignoring unknown attribute 'forge:entity_gravity'
[26Aug2026 05:07:40.512] [Server thread/INFO] [net.minecraft.server.MinecraftServer/]: [Chunky] Task running for minecraft:overworld. Processed: 10230 chunks (63.43%), ETA: 0:13:57, Rate: 7.0 cps, Current: 1, -60
[26Aug2026 05:07:41.101] [c2me-worker-0/WARN] [net.minecraft.world.entity.ai.attributes.AttributeMap/]: Ignoring unknown attribute 'forge:entity_gravity'
[26Aug2026 05:07:41.380] [c2me-worker-1/WARN] [net.minecraft.world.entity.ai.attributes.AttributeMap/]: Ignoring unknown attribute 'forge:step_height_addition'
[26Aug2026 05:07:41.402] [c2me-worker-1/WARN] [net.minecraft.world.entity.ai.attributes.AttributeMap/]: Ignoring unknown attribute 'forge:step_height_addition'
[26Aug2026 05:07:41.403] [c2me-worker-1/WARN] [net.minecraft.world.entity.ai.attributes.AttributeMap/]: Ignoring unknown attribute 'forge:step_height_addition'
[26Aug2026 05:07:41.403] [c2me-worker-1/WARN] [net.minecraft.world.entity.ai.attributes.AttributeMap/]: Ignoring unknown attribute 'forge:step_height_addition'
[26Aug2026 05:07:41.738] [Server thread/INFO] [net.minecraft.server.MinecraftServer/]: [Chunky] Task running for minecraft:overworld. Processed: 10260 chunks (63.61%), ETA: 0:13:16, Rate: 7.4 cps, Current: 2, -62
[26Aug2026 05:07:42.793] [Server thread/INFO] [net.minecraft.server.MinecraftServer/]: [Chunky] Task running for minecraft:overworld. Processed: 10280 chunks (63.74%), ETA: 0:13:11, Rate: 7.4 cps, Current: 2, -43
[26Aug2026 05:07:43.823] [Server thread/INFO] [net.minecraft.server.MinecraftServer/]: [Chunky] Task running for minecraft:overworld. Processed: 10302 chunks (63.87%), ETA: 0:12:43, Rate: 7.6 cps, Current: 3, -52
[26Aug2026 05:07:44.980] [Server thread/INFO] [net.minecraft.server.MinecraftServer/]: [Chunky] Task running for minecraft:overworld. Processed: 10322 chunks (64.00%), ETA: 0:12:17, Rate: 7.9 cps, Current: 4, -62
[26Aug2026 05:07:46.009] [Server thread/INFO] [net.minecraft.server.MinecraftServer/]: [Chunky] Task running for minecraft:overworld. Processed: 10344 chunks (64.13%), ETA: 0:11:52, Rate: 8.1 cps, Current: 4, -41
[26Aug2026 05:07:47.038] [Server thread/INFO] [net.minecraft.server.MinecraftServer/]: [Chunky] Task running for minecraft:overworld. Processed: 10370 chunks (64.29%), ETA: 0:11:07, Rate: 8.6 cps, Current: 5, -52
[26Aug2026 05:07:48.094] [Server thread/INFO] [net.minecraft.server.MinecraftServer/]: [Chunky] Task running for minecraft:overworld. Processed: 10393 chunks (64.44%), ETA: 0:10:45, Rate: 8.9 cps, Current: 6, -59
[26Aug2026 05:07:49.414] [Server thread/INFO] [net.minecraft.server.MinecraftServer/]: [Chunky] Task running for minecraft:overworld. Processed: 10421 chunks (64.61%), ETA: 0:10:32, Rate: 9.0 cps, Current: 7, -62
[26Aug2026 05:07:50.725] [Server thread/INFO] [net.minecraft.server.MinecraftServer/]: [Chunky] Task running for minecraft:overworld. Processed: 10451 chunks (64.80%), ETA: 0:08:19, Rate: 11.4 cps, Current: 8, -62
[26Aug2026 05:07:51.792] [Server thread/INFO] [net.minecraft.server.MinecraftServer/]: [Chunky] Task running for minecraft:overworld. Processed: 10476 chunks (64.95%), ETA: 0:07:56, Rate: 11.9 cps, Current: 8, -40
[26Aug2026 05:07:52.825] [Server thread/INFO] [net.minecraft.server.MinecraftServer/]: [Chunky] Task running for minecraft:overworld. Processed: 10491 chunks (65.04%), ETA: 0:07:50, Rate: 12.0 cps, Current: 9, -55
[26Aug2026 05:07:53.866] [Server thread/INFO] [net.minecraft.server.MinecraftServer/]: [Chunky] Task running for minecraft:overworld. Processed: 10517 chunks (65.21%), ETA: 0:07:30, Rate: 12.5 cps, Current: 10, -59
[26Aug2026 05:07:54.945] [Server thread/INFO] [net.minecraft.server.MinecraftServer/]: [Chunky] Task running for minecraft:overworld. Processed: 10544 chunks (65.37%), ETA: 0:07:11, Rate: 12.9 cps, Current: 11, -62
[26Aug2026 05:07:56.168] [Server thread/INFO] [net.minecraft.server.MinecraftServer/]: [Chunky] Task running for minecraft:overworld. Processed: 10574 chunks (65.56%), ETA: 0:06:53, Rate: 13.4 cps, Current: 12, -62
[26Aug2026 05:07:57.231] [Server thread/INFO] [net.minecraft.server.MinecraftServer/]: [Chunky] Task running for minecraft:overworld. Processed: 10605 chunks (65.75%), ETA: 0:05:02, Rate: 18.3 cps, Current: 13, -62
[26Aug2026 05:07:58.291] [Server thread/INFO] [net.minecraft.server.MinecraftServer/]: [Chunky] Task running for minecraft:overworld. Processed: 10635 chunks (65.94%), ETA: 0:04:54, Rate: 18.7 cps, Current: 14, -62
[26Aug2026 05:07:59.660] [Server thread/INFO] [net.minecraft.server.MinecraftServer/]: [Chunky] Task running for minecraft:overworld. Processed: 10665 chunks (66.12%), ETA: 0:04:49, Rate: 18.9 cps, Current: 15, -62
[26Aug2026 05:08:00.725] [Server thread/INFO] [net.minecraft.server.MinecraftServer/]: [Chunky] Task running for minecraft:overworld. Processed: 10687 chunks (66.26%), ETA: 0:04:47, Rate: 18.9 cps, Current: 15, -41
[26Aug2026 05:08:01.787] [Server thread/INFO] [net.minecraft.server.MinecraftServer/]: [Chunky] Task running for minecraft:overworld. Processed: 10703 chunks (66.36%), ETA: 0:04:48, Rate: 18.8 cps, Current: 16, -56
[26Aug2026 05:08:03.009] [Server thread/INFO] [net.minecraft.server.MinecraftServer/]: [Chunky] Task running for minecraft:overworld. Processed: 10727 chunks (66.51%), ETA: 0:04:47, Rate: 18.8 cps, Current: 17, -62
[26Aug2026 05:08:04.010] [Server thread/INFO] [net.minecraft.server.MinecraftServer/]: [Chunky] Task running for minecraft:overworld. Processed: 10748 chunks (66.64%), ETA: 0:04:38, Rate: 19.4 cps, Current: 17, -43
[26Aug2026 05:08:05.013] [Server thread/INFO] [net.minecraft.server.MinecraftServer/]: [Chunky] Task running for minecraft:overworld. Processed: 10776 chunks (66.81%), ETA: 0:04:26, Rate: 20.1 cps, Current: 18, -45
[26Aug2026 05:08:06.036] [Server thread/INFO] [net.minecraft.server.MinecraftServer/]: [Chunky] Task running for minecraft:overworld. Processed: 10802 chunks (66.97%), ETA: 0:04:17, Rate: 20.7 cps, Current: 19, -49
[26Aug2026 05:08:07.052] [Server thread/INFO] [net.minecraft.server.MinecraftServer/]: [Chunky] Task running for minecraft:overworld. Processed: 10827 chunks (67.13%), ETA: 0:04:04, Rate: 21.7 cps, Current: 20, -54
[26Aug2026 05:08:08.070] [Server thread/INFO] [net.minecraft.server.MinecraftServer/]: [Chunky] Task running for minecraft:overworld. Processed: 10853 chunks (67.29%), ETA: 0:04:02, Rate: 21.8 cps, Current: 21, -58
[26Aug2026 05:08:09.077] [Server thread/INFO] [net.minecraft.server.MinecraftServer/]: [Chunky] Task running for minecraft:overworld. Processed: 10879 chunks (67.45%), ETA: 0:03:54, Rate: 22.4 cps, Current: 22, -62
[26Aug2026 05:08:10.094] [Server thread/INFO] [net.minecraft.server.MinecraftServer/]: [Chunky] Task running for minecraft:overworld. Processed: 10904 chunks (67.60%), ETA: 0:03:48, Rate: 22.8 cps, Current: 22, -39
[26Aug2026 05:08:11.110] [Server thread/INFO] [net.minecraft.server.MinecraftServer/]: [Chunky] Task running for minecraft:overworld. Processed: 10928 chunks (67.75%), ETA: 0:03:48, Rate: 22.8 cps, Current: 23, -43
[26Aug2026 05:08:12.113] [Server thread/INFO] [net.minecraft.server.MinecraftServer/]: [Chunky] Task running for minecraft:overworld. Processed: 10948 chunks (67.88%), ETA: 0:03:47, Rate: 22.8 cps, Current: 24, -55
[26Aug2026 05:08:13.165] [Server thread/INFO] [net.minecraft.server.MinecraftServer/]: [Chunky] Task running for minecraft:overworld. Processed: 10972 chunks (68.03%), ETA: 0:03:45, Rate: 22.9 cps, Current: 26, -62
[26Aug2026 05:08:14.198] [Server thread/INFO] [net.minecraft.server.MinecraftServer/]: [Chunky] Task running for minecraft:overworld. Processed: 11002 chunks (68.21%), ETA: 0:03:39, Rate: 23.3 cps, Current: 25, -46
[26Aug2026 05:08:15.202] [Server thread/INFO] [net.minecraft.server.MinecraftServer/]: [Chunky] Task running for minecraft:overworld. Processed: 11039 chunks (68.44%), ETA: 0:03:33, Rate: 23.8 cps, Current: 27, -58
[26Aug2026 05:08:16.229] [Server thread/INFO] [net.minecraft.server.MinecraftServer/]: [Chunky] Task running for minecraft:overworld. Processed: 11103 chunks (68.84%), ETA: 0:03:19, Rate: 25.1 cps, Current: 30, -56
[26Aug2026 05:08:17.712] [Server thread/INFO] [net.minecraft.server.MinecraftServer/]: [Chunky] Task running for minecraft:overworld. Processed: 11181 chunks (69.32%), ETA: 0:03:05, Rate: 26.6 cps, Current: 12, -63
[26Aug2026 05:08:25.238] [c2me-worker-0/WARN] [net.minecraft.world.entity.ai.attributes.AttributeMap/]: Ignoring unknown attribute 'forge:step_height_addition'
[26Aug2026 05:08:25.568] [Server thread/INFO] [net.minecraft.server.MinecraftServer/]: [Chunky] Task running for minecraft:overworld. Processed: 11182 chunks (69.33%), ETA: 0:03:58, Rate: 20.7 cps, Current: 13, -63
[26Aug2026 05:08:25.932] [c2me-worker-0/WARN] [net.minecraft.world.entity.ai.attributes.AttributeMap/]: Ignoring unknown attribute 'minecraft:movement_speed'
[26Aug2026 05:08:25.932] [c2me-worker-0/WARN] [net.minecraft.world.entity.ai.attributes.AttributeMap/]: Ignoring unknown attribute 'minecraft:follow_range'
[26Aug2026 05:08:25.933] [c2me-worker-0/WARN] [net.minecraft.world.entity.ai.attributes.AttributeMap/]: Ignoring unknown attribute 'minecraft:movement_speed'
[26Aug2026 05:08:25.933] [c2me-worker-0/WARN] [net.minecraft.world.entity.ai.attributes.AttributeMap/]: Ignoring unknown attribute 'minecraft:follow_range'
[26Aug2026 05:08:26.680] [Server thread/INFO] [net.minecraft.server.MinecraftServer/]: [Chunky] Task running for minecraft:overworld. Processed: 11189 chunks (69.37%), ETA: 0:04:08, Rate: 19.9 cps, Current: 20, -63
[26Aug2026 05:08:27.663] [c2me-worker-0/WARN] [net.minecraft.world.entity.ai.attributes.AttributeMap/]: Ignoring unknown attribute 'forge:step_height_addition'
[26Aug2026 05:08:27.664] [c2me-worker-0/WARN] [net.minecraft.world.entity.ai.attributes.AttributeMap/]: Ignoring unknown attribute 'forge:step_height_addition'
[26Aug2026 05:08:27.664] [c2me-worker-0/WARN] [net.minecraft.world.entity.ai.attributes.AttributeMap/]: Ignoring unknown attribute 'forge:step_height_addition'
[26Aug2026 05:08:28.128] [Server thread/INFO] [net.minecraft.server.MinecraftServer/]: [Chunky] Task running for minecraft:overworld. Processed: 11201 chunks (69.45%), ETA: 0:04:19, Rate: 19.0 cps, Current: -32, -33
[26Aug2026 05:08:29.296] [Server thread/INFO] [net.minecraft.server.MinecraftServer/]: [Chunky] Task running for minecraft:overworld. Processed: 11209 chunks (69.50%), ETA: 0:04:27, Rate: 18.4 cps, Current: -32, -57
[26Aug2026 05:08:29.890] [c2me-worker-0/WARN] [net.minecraft.world.entity.ai.attributes.AttributeMap/]: Ignoring unknown attribute 'minecraft:movement_speed'
[26Aug2026 05:08:29.890] [c2me-worker-0/WARN] [net.minecraft.world.entity.ai.attributes.AttributeMap/]: Ignoring unknown attribute 'minecraft:follow_range'
[26Aug2026 05:08:29.891] [c2me-worker-0/WARN] [net.minecraft.world.entity.ai.attributes.AttributeMap/]: Ignoring unknown attribute 'minecraft:movement_speed'
[26Aug2026 05:08:29.891] [c2me-worker-0/WARN] [net.minecraft.world.entity.ai.attributes.AttributeMap/]: Ignoring unknown attribute 'minecraft:attack_damage'
[26Aug2026 05:08:29.891] [c2me-worker-0/WARN] [net.minecraft.world.entity.ai.attributes.AttributeMap/]: Ignoring unknown attribute 'minecraft:follow_range'
[26Aug2026 05:08:29.891] [c2me-worker-0/WARN] [net.minecraft.world.entity.ai.attributes.AttributeMap/]: Ignoring unknown attribute 'minecraft:movement_speed'
[26Aug2026 05:08:29.892] [c2me-worker-0/WARN] [net.minecraft.world.entity.ai.attributes.AttributeMap/]: Ignoring unknown attribute 'minecraft:attack_damage'
[26Aug2026 05:08:29.892] [c2me-worker-0/WARN] [net.minecraft.world.entity.ai.attributes.AttributeMap/]: Ignoring unknown attribute 'minecraft:follow_range'
[26Aug2026 05:08:29.892] [c2me-worker-0/WARN] [net.minecraft.world.entity.ai.attributes.AttributeMap/]: Ignoring unknown attribute 'minecraft:movement_speed'
[26Aug2026 05:08:29.892] [c2me-worker-0/WARN] [net.minecraft.world.entity.ai.attributes.AttributeMap/]: Ignoring unknown attribute 'minecraft:follow_range'
[26Aug2026 05:08:30.323] [Server thread/INFO] [net.minecraft.server.MinecraftServer/]: [Chunky] Task running for minecraft:overworld. Processed: 11240 chunks (69.69%), ETA: 0:04:21, Rate: 18.7 cps, Current: -31, -54
[26Aug2026 05:08:31.364] [Server thread/INFO] [net.minecraft.server.MinecraftServer/]: [Chunky] Task running for minecraft:overworld. Processed: 11264 chunks (69.84%), ETA: 0:04:16, Rate: 19.0 cps, Current: -30, -60
[26Aug2026 05:08:32.382] [Server thread/INFO] [net.minecraft.server.MinecraftServer/]: [Chunky] Task running for minecraft:overworld. Processed: 11284 chunks (69.96%), ETA: 0:04:15, Rate: 19.0 cps, Current: -30, -40
[26Aug2026 05:08:33.570] [Server thread/INFO] [net.minecraft.server.MinecraftServer/]: [Chunky] Task running for minecraft:overworld. Processed: 11302 chunks (70.07%), ETA: 0:04:17, Rate: 18.8 cps, Current: -29, -55
[26Aug2026 05:08:34.599] [Server thread/INFO] [net.minecraft.server.MinecraftServer/]: [Chunky] Task running for minecraft:overworld. Processed: 11326 chunks (70.22%), ETA: 0:04:17, Rate: 18.6 cps, Current: -28, -46
[26Aug2026 05:08:35.649] [Server thread/INFO] [net.minecraft.server.MinecraftServer/]: [Chunky] Task running for minecraft:overworld. Processed: 11340 chunks (70.31%), ETA: 0:04:23, Rate: 18.2 cps, Current: -28, -48
[26Aug2026 05:08:36.670] [Server thread/INFO] [net.minecraft.server.MinecraftServer/]: [Chunky] Task running for minecraft:overworld. Processed: 11356 chunks (70.41%), ETA: 0:04:26, Rate: 17.9 cps, Current: -27, -52
[26Aug2026 05:08:37.934] [Server thread/INFO] [net.minecraft.server.MinecraftServer/]: [Chunky] Task running for minecraft:overworld. Processed: 11386 chunks (70.59%), ETA: 0:04:25, Rate: 17.9 cps, Current: -26, -62
[26Aug2026 05:08:38.960] [Server thread/INFO] [net.minecraft.server.MinecraftServer/]: [Chunky] Task running for minecraft:overworld. Processed: 11409 chunks (70.74%), ETA: 0:04:25, Rate: 17.8 cps, Current: -26, -39
[26Aug2026 05:08:39.984] [Server thread/INFO] [net.minecraft.server.MinecraftServer/]: [Chunky] Task running for minecraft:overworld. Processed: 11420 chunks (70.80%), ETA: 0:04:32, Rate: 17.3 cps, Current: -25, -48
[26Aug2026 05:08:41.194] [Server thread/INFO] [net.minecraft.server.MinecraftServer/]: [Chunky] Task running for minecraft:overworld. Processed: 11447 chunks (70.97%), ETA: 0:04:32, Rate: 17.2 cps, Current: -24, -62
[26Aug2026 05:08:42.242] [Server thread/INFO] [net.minecraft.server.MinecraftServer/]: [Chunky] Task running for minecraft:overworld. Processed: 11469 chunks (71.11%), ETA: 0:04:32, Rate: 17.1 cps, Current: -24, -40
[26Aug2026 05:08:43.277] [Server thread/INFO] [net.minecraft.server.MinecraftServer/]: [Chunky] Task running for minecraft:overworld. Processed: 11489 chunks (71.23%), ETA: 0:04:36, Rate: 16.8 cps, Current: -23, -50
[26Aug2026 05:08:44.291] [Server thread/INFO] [net.minecraft.server.MinecraftServer/]: [Chunky] Task running for minecraft:overworld. Processed: 11514 chunks (71.39%), ETA: 0:04:42, Rate: 16.4 cps, Current: -22, -55
[26Aug2026 05:08:45.308] [Server thread/INFO] [net.minecraft.server.MinecraftServer/]: [Chunky] Task running for minecraft:overworld. Processed: 11540 chunks (71.55%), ETA: 0:05:04, Rate: 15.1 cps, Current: -21, -60
[26Aug2026 05:08:46.432] [Server thread/INFO] [net.minecraft.server.MinecraftServer/]: [Chunky] Task running for minecraft:overworld. Processed: 11568 chunks (71.72%), ETA: 0:05:37, Rate: 13.5 cps, Current: -20, -62
[26Aug2026 05:08:47.458] [Server thread/INFO] [net.minecraft.server.MinecraftServer/]: [Chunky] Task running for minecraft:overworld. Processed: 11590 chunks (71.86%), ETA: 0:05:29, Rate: 13.8 cps, Current: -20, -40
[26Aug2026 05:08:48.465] [Server thread/INFO] [net.minecraft.server.MinecraftServer/]: [Chunky] Task running for minecraft:overworld. Processed: 11611 chunks (71.99%), ETA: 0:04:00, Rate: 18.8 cps, Current: -19, -49
[26Aug2026 05:08:49.654] [Server thread/INFO] [net.minecraft.server.MinecraftServer/]: [Chunky] Task running for minecraft:overworld. Processed: 11632 chunks (72.12%), ETA: 0:04:00, Rate: 18.7 cps, Current: -18, -58
[26Aug2026 05:08:50.673] [c2me-worker-1/WARN] [net.minecraft.world.entity.ai.attributes.AttributeMap/]: Ignoring unknown attribute 'forge:step_height_addition'
[26Aug2026 05:08:50.674] [c2me-worker-1/WARN] [net.minecraft.world.entity.ai.attributes.AttributeMap/]: Ignoring unknown attribute 'forge:step_height_addition'
[26Aug2026 05:08:50.750] [Server thread/INFO] [net.minecraft.server.MinecraftServer/]: [Chunky] Task running for minecraft:overworld. Processed: 11658 chunks (72.28%), ETA: 0:03:56, Rate: 18.9 cps, Current: -17, -62
[26Aug2026 05:08:51.761] [Server thread/INFO] [net.minecraft.server.MinecraftServer/]: [Chunky] Task running for minecraft:overworld. Processed: 11670 chunks (72.35%), ETA: 0:03:58, Rate: 18.7 cps, Current: -17, -50
[26Aug2026 05:08:52.828] [Server thread/INFO] [net.minecraft.server.MinecraftServer/]: [Chunky] Task running for minecraft:overworld. Processed: 11692 chunks (72.49%), ETA: 0:03:56, Rate: 18.7 cps, Current: -16, -58
[26Aug2026 05:08:53.852] [Server thread/INFO] [net.minecraft.server.MinecraftServer/]: [Chunky] Task running for minecraft:overworld. Processed: 11709 chunks (72.60%), ETA: 0:03:56, Rate: 18.7 cps, Current: -16, -41
[26Aug2026 05:08:54.861] [Server thread/INFO] [net.minecraft.server.MinecraftServer/]: [Chunky] Task running for minecraft:overworld. Processed: 11729 chunks (72.72%), ETA: 0:03:55, Rate: 18.7 cps, Current: -15, -51
[26Aug2026 05:08:54.917] [c2me-worker-0/WARN] [net.minecraft.world.entity.ai.attributes.AttributeMap/]: Ignoring unknown attribute 'forge:step_height_addition'
[26Aug2026 05:08:54.917] [c2me-worker-0/WARN] [net.minecraft.world.entity.ai.attributes.AttributeMap/]: Ignoring unknown attribute 'forge:step_height_addition'
[26Aug2026 05:08:55.909] [Server thread/INFO] [net.minecraft.server.MinecraftServer/]: [Chunky] Task running for minecraft:overworld. Processed: 11753 chunks (72.87%), ETA: 0:03:46, Rate: 19.3 cps, Current: -14, -57
[26Aug2026 05:08:56.153] [c2me-worker-0/WARN] [net.minecraft.world.entity.ai.attributes.AttributeMap/]: Ignoring unknown attribute 'forge:step_height_addition'
[26Aug2026 05:08:56.153] [c2me-worker-0/WARN] [net.minecraft.world.entity.ai.attributes.AttributeMap/]: Ignoring unknown attribute 'forge:step_height_addition'
[26Aug2026 05:08:57.059] [Server thread/INFO] [net.minecraft.server.MinecraftServer/]: [Chunky] Task running for minecraft:overworld. Processed: 11779 chunks (73.03%), ETA: 0:03:37, Rate: 20.0 cps, Current: -13, -62
[26Aug2026 05:08:58.085] [Server thread/INFO] [net.minecraft.server.MinecraftServer/]: [Chunky] Task running for minecraft:overworld. Processed: 11799 chunks (73.15%), ETA: 0:03:36, Rate: 20.0 cps, Current: -13, -42
[26Aug2026 05:08:59.161] [Server thread/INFO] [net.minecraft.server.MinecraftServer/]: [Chunky] Task running for minecraft:overworld. Processed: 11820 chunks (73.28%), ETA: 0:03:30, Rate: 20.5 cps, Current: -12, -52
[26Aug2026 05:09:00.233] [Server thread/INFO] [net.minecraft.server.MinecraftServer/]: [Chunky] Task running for minecraft:overworld. Processed: 11842 chunks (73.42%), ETA: 0:03:32, Rate: 20.2 cps, Current: -11, -60
[26Aug2026 05:09:01.343] [Server thread/INFO] [net.minecraft.server.MinecraftServer/]: [Chunky] Task running for minecraft:overworld. Processed: 11870 chunks (73.59%), ETA: 0:03:30, Rate: 20.2 cps, Current: -10, -62
[26Aug2026 05:09:02.355] [Server thread/INFO] [net.minecraft.server.MinecraftServer/]: [Chunky] Task running for minecraft:overworld. Processed: 11900 chunks (73.78%), ETA: 0:03:25, Rate: 20.6 cps, Current: -23, -63
[26Aug2026 05:09:03.381] [Server thread/INFO] [net.minecraft.server.MinecraftServer/]: [Chunky] Task running for minecraft:overworld. Processed: 11923 chunks (73.92%), ETA: 0:03:21, Rate: 20.9 cps, Current: -9, -41
[26Aug2026 05:09:04.393] [Server thread/INFO] [net.minecraft.server.MinecraftServer/]: [Chunky] Task running for minecraft:overworld. Processed: 11942 chunks (74.04%), ETA: 0:03:22, Rate: 20.7 cps, Current: -8, -52
[26Aug2026 05:09:05.460] [Server thread/INFO] [net.minecraft.server.MinecraftServer/]: [Chunky] Task running for minecraft:overworld. Processed: 11966 chunks (74.19%), ETA: 0:03:17, Rate: 21.0 cps, Current: -6, -61
[26Aug2026 05:09:06.470] [Server thread/INFO] [net.minecraft.server.MinecraftServer/]: [Chunky] Task running for minecraft:overworld. Processed: 11988 chunks (74.33%), ETA: 0:03:14, Rate: 21.2 cps, Current: -7, -50
[26Aug2026 05:09:07.474] [Server thread/INFO] [net.minecraft.server.MinecraftServer/]: [Chunky] Task running for minecraft:overworld. Processed: 12017 chunks (74.51%), ETA: 0:03:12, Rate: 21.4 cps, Current: -6, -39
[26Aug2026 05:09:08.553] [Server thread/INFO] [net.minecraft.server.MinecraftServer/]: [Chunky] Task running for minecraft:overworld. Processed: 12050 chunks (74.71%), ETA: 0:03:08, Rate: 21.7 cps, Current: -5, -49
[26Aug2026 05:09:13.782] [Server thread/INFO] [net.minecraft.server.MinecraftServer/]: [Chunky] Task running for minecraft:overworld. Processed: 12153 chunks (75.35%), ETA: 0:03:03, Rate: 21.7 cps, Current: -3, -39
[26Aug2026 05:09:15.977] [Server thread/INFO] [net.minecraft.server.MinecraftServer/]: [Chunky] Task running for minecraft:overworld. Processed: 12165 chunks (75.42%), ETA: 0:03:15, Rate: 20.2 cps, Current: -3, -35
[26Aug2026 05:09:21.205] [Server thread/INFO] [AllTheLeaks/]: Listing events...
[26Aug2026 05:09:21.205] [Server thread/INFO] [AllTheLeaks/]: Listing memory leaks so far...
[26Aug2026 05:09:21.212] [Server thread/INFO] [AllTheLeaks/]: B: 1697MB / C: 2045MB / Diff: +348MB
[26Aug2026 05:09:21.212] [Server thread/INFO] [AllTheLeaks/]: Memory Leaks detected: (/atl force_refresh to update)
[26Aug2026 05:09:21.213] [Server thread/INFO] [AllTheLeaks/]: | ChunkAccess:
[26Aug2026 05:09:21.213] [Server thread/INFO] [AllTheLeaks/]: |- LevelChunk (minecraft): 393
[26Aug2026 05:09:24.976] [Server thread/INFO] [net.minecraft.server.MinecraftServer/]: [Chunky] Task running for minecraft:overworld. Processed: 12174 chunks (75.48%), ETA: 0:04:32, Rate: 14.5 cps, Current: -19, -63
[26Aug2026 05:09:25.340] [c2me-worker-0/WARN] [net.minecraft.world.entity.ai.attributes.AttributeMap/]: Ignoring unknown attribute 'forge:step_height_addition'
[26Aug2026 05:09:25.341] [c2me-worker-0/WARN] [net.minecraft.world.entity.ai.attributes.AttributeMap/]: Ignoring unknown attribute 'forge:step_height_addition'
[26Aug2026 05:09:26.105] [Server thread/INFO] [net.minecraft.server.MinecraftServer/]: [Chunky] Task running for minecraft:overworld. Processed: 12181 chunks (75.52%), ETA: 0:04:44, Rate: 13.9 cps, Current: -12, -63
[26Aug2026 05:09:32.203] [Server thread/INFO] [net.minecraft.server.MinecraftServer/]: [Chunky] Task running for minecraft:overworld. Processed: 12193 chunks (75.60%), ETA: 0:06:39, Rate: 9.8 cps, Current: -63, -46
[26Aug2026 05:09:33.223] [Server thread/INFO] [net.minecraft.server.MinecraftServer/]: [Chunky] Task running for minecraft:overworld. Processed: 12204 chunks (75.66%), ETA: 0:06:55, Rate: 9.4 cps, Current: -63, -35
[26Aug2026 05:09:34.373] [Server thread/INFO] [net.minecraft.server.MinecraftServer/]: [Chunky] Task running for minecraft:overworld. Processed: 12206 chunks (75.68%), ETA: 0:07:23, Rate: 8.8 cps, Current: -63, -47
[26Aug2026 05:09:35.380] [Server thread/INFO] [net.minecraft.server.MinecraftServer/]: [Chunky] Task running for minecraft:overworld. Processed: 12210 chunks (75.70%), ETA: 0:07:58, Rate: 8.2 cps, Current: -62, -59
[26Aug2026 05:09:36.399] [Server thread/INFO] [net.minecraft.server.MinecraftServer/]: [Chunky] Task running for minecraft:overworld. Processed: 12219 chunks (75.76%), ETA: 0:08:24, Rate: 7.8 cps, Current: -62, -50
[26Aug2026 05:09:37.472] [Server thread/INFO] [net.minecraft.server.MinecraftServer/]: [Chunky] Task running for minecraft:overworld. Processed: 12229 chunks (75.82%), ETA: 0:09:09, Rate: 7.1 cps, Current: -62, -42
[26Aug2026 05:09:38.482] [Server thread/INFO] [net.minecraft.server.MinecraftServer/]: [Chunky] Task running for minecraft:overworld. Processed: 12239 chunks (75.88%), ETA: 0:10:12, Rate: 6.3 cps, Current: -63, -50
[26Aug2026 05:09:39.526] [Server thread/INFO] [net.minecraft.server.MinecraftServer/]: [Chunky] Task running for minecraft:overworld. Processed: 12259 chunks (76.01%), ETA: 0:15:31, Rate: 4.2 cps, Current: -61, -46
[26Aug2026 05:09:40.799] [Server thread/INFO] [net.minecraft.server.MinecraftServer/]: [Chunky] Task running for minecraft:overworld. Processed: 12272 chunks (76.09%), ETA: 0:14:28, Rate: 4.4 cps, Current: -60, -62
[26Aug2026 05:09:41.877] [Server thread/INFO] [net.minecraft.server.MinecraftServer/]: [Chunky] Task running for minecraft:overworld. Processed: 12286 chunks (76.17%), ETA: 0:13:25, Rate: 4.8 cps, Current: -60, -50
[26Aug2026 05:09:42.968] [Server thread/INFO] [net.minecraft.server.MinecraftServer/]: [Chunky] Task running for minecraft:overworld. Processed: 12300 chunks (76.26%), ETA: 0:12:35, Rate: 5.1 cps, Current: -60, -37
[26Aug2026 05:09:44.000] [Server thread/INFO] [net.minecraft.server.MinecraftServer/]: [Chunky] Task running for minecraft:overworld. Processed: 12310 chunks (76.32%), ETA: 0:12:12, Rate: 5.2 cps, Current: -59, -57
[26Aug2026 05:09:45.041] [Server thread/INFO] [net.minecraft.server.MinecraftServer/]: [Chunky] Task running for minecraft:overworld. Processed: 12330 chunks (76.45%), ETA: 0:11:05, Rate: 5.7 cps, Current: -59, -38
[26Aug2026 05:09:46.065] [Server thread/INFO] [net.minecraft.server.MinecraftServer/]: [Chunky] Task running for minecraft:overworld. Processed: 12347 chunks (76.55%), ETA: 0:07:38, Rate: 8.3 cps, Current: -58, -51
[26Aug2026 05:09:47.443] [Server thread/INFO] [net.minecraft.server.MinecraftServer/]: [Chunky] Task running for minecraft:overworld. Processed: 12365 chunks (76.66%), ETA: 0:07:20, Rate: 8.5 cps, Current: -57, -62
[26Aug2026 05:09:48.851] [Server thread/INFO] [net.minecraft.server.MinecraftServer/]: [Chunky] Task running for minecraft:overworld. Processed: 12373 chunks (76.71%), ETA: 0:07:28, Rate: 8.4 cps, Current: -57, -57
[26Aug2026 05:09:50.141] [Server thread/INFO] [net.minecraft.server.MinecraftServer/]: [Chunky] Task running for minecraft:overworld. Processed: 12397 chunks (76.86%), ETA: 0:06:59, Rate: 8.9 cps, Current: -56, -62
[26Aug2026 05:09:51.172] [Server thread/INFO] [net.minecraft.server.MinecraftServer/]: [Chunky] Task running for minecraft:overworld. Processed: 12399 chunks (76.87%), ETA: 0:07:12, Rate: 8.6 cps, Current: -63, -63
[26Aug2026 05:09:52.217] [Server thread/INFO] [net.minecraft.server.MinecraftServer/]: [Chunky] Task running for minecraft:overworld. Processed: 12419 chunks (77.00%), ETA: 0:06:50, Rate: 9.0 cps, Current: -56, -41
[26Aug2026 05:09:53.273] [Server thread/INFO] [net.minecraft.server.MinecraftServer/]: [Chunky] Task running for minecraft:overworld. Processed: 12438 chunks (77.12%), ETA: 0:06:34, Rate: 9.4 cps, Current: -55, -52
[26Aug2026 05:09:54.302] [Server thread/INFO] [net.minecraft.server.MinecraftServer/]: [Chunky] Task running for minecraft:overworld. Processed: 12455 chunks (77.22%), ETA: 0:06:22, Rate: 9.6 cps, Current: -55, -36
[26Aug2026 05:09:55.349] [Server thread/INFO] [net.minecraft.server.MinecraftServer/]: [Chunky] Task running for minecraft:overworld. Processed: 12482 chunks (77.39%), ETA: 0:05:53, Rate: 10.3 cps, Current: -54, -39
[26Aug2026 05:09:56.362] [Server thread/INFO] [net.minecraft.server.MinecraftServer/]: [Chunky] Task running for minecraft:overworld. Processed: 12504 chunks (77.52%), ETA: 0:04:40, Rate: 12.9 cps, Current: -53, -47
[26Aug2026 05:09:57.491] [Server thread/INFO] [net.minecraft.server.MinecraftServer/]: [Chunky] Task running for minecraft:overworld. Processed: 12523 chunks (77.64%), ETA: 0:04:35, Rate: 13.1 cps, Current: -52, -59
[26Aug2026 05:09:58.608] [Server thread/INFO] [net.minecraft.server.MinecraftServer/]: [Chunky] Task running for minecraft:overworld. Processed: 12537 chunks (77.73%), ETA: 0:04:34, Rate: 13.1 cps, Current: -52, -48
[26Aug2026 05:09:59.661] [Server thread/INFO] [net.minecraft.server.MinecraftServer/]: [Chunky] Task running for minecraft:overworld. Processed: 12554 chunks (77.83%), ETA: 0:04:31, Rate: 13.2 cps, Current: -51, -62
[26Aug2026 05:10:00.711] [Server thread/INFO] [net.minecraft.server.MinecraftServer/]: [Chunky] Task running for minecraft:overworld. Processed: 12572 chunks (77.95%), ETA: 0:04:26, Rate: 13.3 cps, Current: -51, -45
[26Aug2026 05:10:01.719] [Server thread/INFO] [net.minecraft.server.MinecraftServer/]: [Chunky] Task running for minecraft:overworld. Processed: 12587 chunks (78.04%), ETA: 0:04:24, Rate: 13.4 cps, Current: -50, -59
[26Aug2026 05:10:02.779] [Server thread/INFO] [net.minecraft.server.MinecraftServer/]: [Chunky] Task running for minecraft:overworld. Processed: 12607 chunks (78.16%), ETA: 0:04:17, Rate: 13.7 cps, Current: -50, -40
[26Aug2026 05:10:03.795] [Server thread/INFO] [net.minecraft.server.MinecraftServer/]: [Chunky] Task running for minecraft:overworld. Processed: 12627 chunks (78.29%), ETA: 0:04:04, Rate: 14.3 cps, Current: -49, -49
[26Aug2026 05:10:04.875] [Server thread/INFO] [net.minecraft.server.MinecraftServer/]: [Chunky] Task running for minecraft:overworld. Processed: 12646 chunks (78.41%), ETA: 0:03:55, Rate: 14.8 cps, Current: -48, -62
[26Aug2026 05:10:05.899] [Server thread/INFO] [net.minecraft.server.MinecraftServer/]: [Chunky] Task running for minecraft:overworld. Processed: 12666 chunks (78.53%), ETA: 0:03:48, Rate: 15.2 cps, Current: -48, -42
[26Aug2026 05:10:06.931] [Server thread/INFO] [net.minecraft.server.MinecraftServer/]: [Chunky] Task running for minecraft:overworld. Processed: 12687 chunks (78.66%), ETA: 0:03:40, Rate: 15.6 cps, Current: -53, -63
[26Aug2026 05:10:07.988] [Server thread/INFO] [net.minecraft.server.MinecraftServer/]: [Chunky] Task running for minecraft:overworld. Processed: 12707 chunks (78.78%), ETA: 0:03:35, Rate: 15.9 cps, Current: -46, -62
[26Aug2026 05:10:09.015] [Server thread/INFO] [net.minecraft.server.MinecraftServer/]: [Chunky] Task running for minecraft:overworld. Processed: 12723 chunks (78.88%), ETA: 0:03:35, Rate: 15.8 cps, Current: -46, -46
[26Aug2026 05:10:10.050] [Server thread/INFO] [net.minecraft.server.MinecraftServer/]: [Chunky] Task running for minecraft:overworld. Processed: 12745 chunks (79.02%), ETA: 0:03:28, Rate: 16.2 cps, Current: -45, -54
[26Aug2026 05:10:11.229] [Server thread/INFO] [net.minecraft.server.MinecraftServer/]: [Chunky] Task running for minecraft:overworld. Processed: 12767 chunks (79.16%), ETA: 0:03:24, Rate: 16.4 cps, Current: -44, -62
[26Aug2026 05:10:12.233] [Server thread/INFO] [net.minecraft.server.MinecraftServer/]: [Chunky] Task running for minecraft:overworld. Processed: 12787 chunks (79.28%), ETA: 0:03:20, Rate: 16.7 cps, Current: -44, -47
[26Aug2026 05:10:13.268] [Server thread/INFO] [net.minecraft.server.MinecraftServer/]: [Chunky] Task running for minecraft:overworld. Processed: 12809 chunks (79.42%), ETA: 0:03:14, Rate: 17.1 cps, Current: -43, -54
[26Aug2026 05:10:14.400] [Server thread/INFO] [net.minecraft.server.MinecraftServer/]: [Chunky] Task running for minecraft:overworld. Processed: 12830 chunks (79.55%), ETA: 0:03:13, Rate: 17.1 cps, Current: -42, -62
[26Aug2026 05:10:15.408] [Server thread/INFO] [net.minecraft.server.MinecraftServer/]: [Chunky] Task running for minecraft:overworld. Processed: 12856 chunks (79.71%), ETA: 0:03:08, Rate: 17.4 cps, Current: -42, -38
[26Aug2026 05:10:16.465] [Server thread/INFO] [net.minecraft.server.MinecraftServer/]: [Chunky] Task running for minecraft:overworld. Processed: 12878 chunks (79.84%), ETA: 0:03:03, Rate: 17.7 cps, Current: -41, -46
[26Aug2026 05:10:17.479] [Server thread/INFO] [net.minecraft.server.MinecraftServer/]: [Chunky] Task running for minecraft:overworld. Processed: 12895 chunks (79.95%), ETA: 0:02:57, Rate: 18.3 cps, Current: -40, -62
[26Aug2026 05:10:18.508] [Server thread/INFO] [net.minecraft.server.MinecraftServer/]: [Chunky] Task running for minecraft:overworld. Processed: 12917 chunks (80.09%), ETA: 0:02:54, Rate: 18.4 cps, Current: -40, -40
[26Aug2026 05:10:19.568] [Server thread/INFO] [net.minecraft.server.MinecraftServer/]: [Chunky] Task running for minecraft:overworld. Processed: 12925 chunks (80.14%), ETA: 0:02:58, Rate: 18.0 cps, Current: -38, -62
[26Aug2026 05:10:20.625] [Server thread/INFO] [net.minecraft.server.MinecraftServer/]: [Chunky] Task running for minecraft:overworld. Processed: 12946 chunks (80.27%), ETA: 0:02:51, Rate: 18.6 cps, Current: -38, -52
[26Aug2026 05:10:21.646] [Server thread/INFO] [net.minecraft.server.MinecraftServer/]: [Chunky] Task running for minecraft:overworld. Processed: 12969 chunks (80.41%), ETA: 0:02:48, Rate: 18.7 cps, Current: -39, -39
[26Aug2026 05:10:22.662] [Server thread/INFO] [net.minecraft.server.MinecraftServer/]: [Chunky] Task running for minecraft:overworld. Processed: 13000 chunks (80.60%), ETA: 0:02:43, Rate: 19.2 cps, Current: -36, -54
[26Aug2026 05:10:23.738] [Server thread/INFO] [net.minecraft.server.MinecraftServer/]: [Chunky] Task running for minecraft:overworld. Processed: 13103 chunks (81.24%), ETA: 0:02:17, Rate: 22.0 cps, Current: -33, -41
[26Aug2026 05:10:29.065] [Server thread/INFO] [net.minecraft.server.MinecraftServer/]: [Chunky] Task running for minecraft:overworld. Processed: 13127 chunks (81.39%), ETA: 0:02:33, Rate: 19.5 cps, Current: -46, -33
[26Aug2026 05:10:30.749] [Server thread/INFO] [net.minecraft.server.MinecraftServer/]: [Chunky] Task running for minecraft:overworld. Processed: 13133 chunks (81.42%), ETA: 0:02:39, Rate: 18.8 cps, Current: -43, -33
[26Aug2026 05:10:31.760] [Server thread/INFO] [net.minecraft.server.MinecraftServer/]: [Chunky] Task running for minecraft:overworld. Processed: 13136 chunks (81.44%), ETA: 0:02:43, Rate: 18.3 cps, Current: -41, -63
[26Aug2026 05:10:33.038] [Server thread/INFO] [net.minecraft.server.MinecraftServer/]: [Chunky] Task running for minecraft:overworld. Processed: 13147 chunks (81.51%), ETA: 0:02:47, Rate: 17.8 cps, Current: -39, -33
[26Aug2026 05:10:34.071] [Server thread/INFO] [net.minecraft.server.MinecraftServer/]: [Chunky] Task running for minecraft:overworld. Processed: 13156 chunks (81.57%), ETA: 0:02:49, Rate: 17.5 cps, Current: -63, -30
[26Aug2026 05:10:35.123] [Server thread/INFO] [net.minecraft.server.MinecraftServer/]: [Chunky] Task running for minecraft:overworld. Processed: 13169 chunks (81.65%), ETA: 0:02:51, Rate: 17.2 cps, Current: -63, -17
[26Aug2026 05:10:36.126] [Server thread/INFO] [net.minecraft.server.MinecraftServer/]: [Chunky] Task running for minecraft:overworld. Processed: 13186 chunks (81.75%), ETA: 0:02:51, Rate: 17.1 cps, Current: -63, -12
[26Aug2026 05:10:37.230] [Server thread/INFO] [net.minecraft.server.MinecraftServer/]: [Chunky] Task running for minecraft:overworld. Processed: 13210 chunks (81.90%), ETA: 0:02:49, Rate: 17.2 cps, Current: -63, -10
[26Aug2026 05:10:38.245] [Server thread/INFO] [net.minecraft.server.MinecraftServer/]: [Chunky] Task running for minecraft:overworld. Processed: 13223 chunks (81.98%), ETA: 0:02:49, Rate: 17.1 cps, Current: -61, -22
[26Aug2026 05:10:39.350] [Server thread/INFO] [net.minecraft.server.MinecraftServer/]: [Chunky] Task running for minecraft:overworld. Processed: 13242 chunks (82.10%), ETA: 0:02:49, Rate: 17.0 cps, Current: -61, -3
[26Aug2026 05:10:40.493] [Server thread/INFO] [net.minecraft.server.MinecraftServer/]: [Chunky] Task running for minecraft:overworld. Processed: 13253 chunks (82.17%), ETA: 0:02:52, Rate: 16.6 cps, Current: -60, -23
[26Aug2026 05:10:41.537] [Server thread/INFO] [net.minecraft.server.MinecraftServer/]: [Chunky] Task running for minecraft:overworld. Processed: 13269 chunks (82.27%), ETA: 0:02:53, Rate: 16.5 cps, Current: -60, -8
[26Aug2026 05:10:42.621] [Server thread/INFO] [net.minecraft.server.MinecraftServer/]: [Chunky] Task running for minecraft:overworld. Processed: 13288 chunks (82.39%), ETA: 0:02:53, Rate: 16.4 cps, Current: -59, -20
[26Aug2026 05:10:43.680] [Server thread/INFO] [net.minecraft.server.MinecraftServer/]: [Chunky] Task running for minecraft:overworld. Processed: 13305 chunks (82.49%), ETA: 0:02:53, Rate: 16.3 cps, Current: -59, -3
[26Aug2026 05:10:44.827] [Server thread/INFO] [net.minecraft.server.MinecraftServer/]: [Chunky] Task running for minecraft:overworld. Processed: 13321 chunks (82.59%), ETA: 0:02:57, Rate: 15.8 cps, Current: -58, -20
[26Aug2026 05:10:45.886] [Server thread/INFO] [net.minecraft.server.MinecraftServer/]: [Chunky] Task running for minecraft:overworld. Processed: 13339 chunks (82.70%), ETA: 0:02:57, Rate: 15.7 cps, Current: -57, -32
[26Aug2026 05:10:47.031] [Server thread/INFO] [net.minecraft.server.MinecraftServer/]: [Chunky] Task running for minecraft:overworld. Processed: 13353 chunks (82.79%), ETA: 0:02:58, Rate: 15.5 cps, Current: -57, -19
[26Aug2026 05:10:48.055] [Server thread/INFO] [net.minecraft.server.MinecraftServer/]: [Chunky] Task running for minecraft:overworld. Processed: 13368 chunks (82.88%), ETA: 0:03:00, Rate: 15.3 cps, Current: -57, -7
[26Aug2026 05:10:49.080] [Server thread/INFO] [net.minecraft.server.MinecraftServer/]: [Chunky] Task running for minecraft:overworld. Processed: 13390 chunks (83.02%), ETA: 0:02:53, Rate: 15.8 cps, Current: -56, -13
[26Aug2026 05:10:50.095] [Server thread/INFO] [net.minecraft.server.MinecraftServer/]: [Chunky] Task running for minecraft:overworld. Processed: 13410 chunks (83.14%), ETA: 0:02:52, Rate: 15.8 cps, Current: -55, -24
[26Aug2026 05:10:51.166] [Server thread/INFO] [net.minecraft.server.MinecraftServer/]: [Chunky] Task running for minecraft:overworld. Processed: 13426 chunks (83.24%), ETA: 0:02:54, Rate: 15.5 cps, Current: -55, -7
[26Aug2026 05:10:52.184] [Server thread/INFO] [net.minecraft.server.MinecraftServer/]: [Chunky] Task running for minecraft:overworld. Processed: 13447 chunks (83.37%), ETA: 0:02:56, Rate: 15.2 cps, Current: -54, -18
[26Aug2026 05:10:53.192] [Server thread/INFO] [net.minecraft.server.MinecraftServer/]: [Chunky] Task running for minecraft:overworld. Processed: 13471 chunks (83.52%), ETA: 0:03:32, Rate: 12.5 cps, Current: -53, -25
[26Aug2026 05:10:54.222] [Server thread/INFO] [net.minecraft.server.MinecraftServer/]: [Chunky] Task running for minecraft:overworld. Processed: 13497 chunks (83.68%), ETA: 0:02:58, Rate: 14.7 cps, Current: -52, -30
[26Aug2026 05:10:55.227] [Server thread/INFO] [net.minecraft.server.MinecraftServer/]: [Chunky] Task running for minecraft:overworld. Processed: 13522 chunks (83.84%), ETA: 0:02:52, Rate: 15.1 cps, Current: -52, -5
[26Aug2026 05:10:56.284] [Server thread/INFO] [net.minecraft.server.MinecraftServer/]: [Chunky] Task running for minecraft:overworld. Processed: 13549 chunks (84.00%), ETA: 0:02:46, Rate: 15.5 cps, Current: -51, -9
[26Aug2026 05:10:57.339] [Server thread/INFO] [net.minecraft.server.MinecraftServer/]: [Chunky] Task running for minecraft:overworld. Processed: 13577 chunks (84.18%), ETA: 0:02:39, Rate: 16.0 cps, Current: -50, -12
[26Aug2026 05:10:58.355] [Server thread/INFO] [net.minecraft.server.MinecraftServer/]: [Chunky] Task running for minecraft:overworld. Processed: 13603 chunks (84.34%), ETA: 0:02:35, Rate: 16.3 cps, Current: -49, -17
[26Aug2026 05:10:59.373] [Server thread/INFO] [net.minecraft.server.MinecraftServer/]: [Chunky] Task running for minecraft:overworld. Processed: 13621 chunks (84.45%), ETA: 0:02:26, Rate: 17.1 cps, Current: -48, -30
[26Aug2026 05:11:00.408] [Server thread/INFO] [net.minecraft.server.MinecraftServer/]: [Chunky] Task running for minecraft:overworld. Processed: 13633 chunks (84.52%), ETA: 0:02:27, Rate: 16.9 cps, Current: -61, -1
[26Aug2026 05:11:01.512] [Server thread/INFO] [net.minecraft.server.MinecraftServer/]: [Chunky] Task running for minecraft:overworld. Processed: 13656 chunks (84.67%), ETA: 0:02:21, Rate: 17.5 cps, Current: -47, -29
[26Aug2026 05:11:02.555] [Server thread/INFO] [net.minecraft.server.MinecraftServer/]: [Chunky] Task running for minecraft:overworld. Processed: 13673 chunks (84.77%), ETA: 0:02:17, Rate: 17.9 cps, Current: -47, -13
[26Aug2026 05:11:03.579] [Server thread/INFO] [net.minecraft.server.MinecraftServer/]: [Chunky] Task running for minecraft:overworld. Processed: 13692 chunks (84.89%), ETA: 0:02:13, Rate: 18.2 cps, Current: -46, -26
[26Aug2026 05:11:04.596] [Server thread/INFO] [net.minecraft.server.MinecraftServer/]: [Chunky] Task running for minecraft:overworld. Processed: 13718 chunks (85.05%), ETA: 0:02:09, Rate: 18.7 cps, Current: -46, -2
[26Aug2026 05:11:05.624] [Server thread/INFO] [net.minecraft.server.MinecraftServer/]: [Chunky] Task running for minecraft:overworld. Processed: 13744 chunks (85.21%), ETA: 0:02:05, Rate: 19.0 cps, Current: -45, -7
[26Aug2026 05:11:06.627] [Server thread/INFO] [net.minecraft.server.MinecraftServer/]: [Chunky] Task running for minecraft:overworld. Processed: 13767 chunks (85.36%), ETA: 0:02:04, Rate: 19.0 cps, Current: -44, -15
[26Aug2026 05:11:07.640] [Server thread/INFO] [net.minecraft.server.MinecraftServer/]: [Chunky] Task running for minecraft:overworld. Processed: 13794 chunks (85.52%), ETA: 0:01:59, Rate: 19.5 cps, Current: -43, -19
[26Aug2026 05:11:08.646] [Server thread/INFO] [net.minecraft.server.MinecraftServer/]: [Chunky] Task running for minecraft:overworld. Processed: 13816 chunks (85.66%), ETA: 0:01:57, Rate: 19.6 cps, Current: -43, -6
[26Aug2026 05:11:09.674] [Server thread/INFO] [net.minecraft.server.MinecraftServer/]: [Chunky] Task running for minecraft:overworld. Processed: 13844 chunks (85.83%), ETA: 0:01:52, Rate: 20.3 cps, Current: -42, -9
[26Aug2026 05:11:10.677] [Server thread/INFO] [net.minecraft.server.MinecraftServer/]: [Chunky] Task running for minecraft:overworld. Processed: 13870 chunks (85.99%), ETA: 0:01:49, Rate: 20.7 cps, Current: -41, -14
[26Aug2026 05:11:11.699] [Server thread/INFO] [net.minecraft.server.MinecraftServer/]: [Chunky] Task running for minecraft:overworld. Processed: 13897 chunks (86.16%), ETA: 0:01:46, Rate: 21.0 cps, Current: -40, -18
[26Aug2026 05:11:12.705] [Server thread/INFO] [net.minecraft.server.MinecraftServer/]: [Chunky] Task running for minecraft:overworld. Processed: 13924 chunks (86.33%), ETA: 0:01:43, Rate: 21.4 cps, Current: -38, -28
[26Aug2026 05:11:13.740] [Server thread/INFO] [net.minecraft.server.MinecraftServer/]: [Chunky] Task running for minecraft:overworld. Processed: 13945 chunks (86.46%), ETA: 0:01:42, Rate: 21.3 cps, Current: -38, -19
[26Aug2026 05:11:14.767] [Server thread/INFO] [net.minecraft.server.MinecraftServer/]: [Chunky] Task running for minecraft:overworld. Processed: 13974 chunks (86.64%), ETA: 0:01:38, Rate: 21.8 cps, Current: -37, -32
[26Aug2026 05:11:15.831] [Server thread/INFO] [net.minecraft.server.MinecraftServer/]: [Chunky] Task running for minecraft:overworld. Processed: 14024 chunks (86.95%), ETA: 0:01:31, Rate: 22.9 cps, Current: -37, -7
[26Aug2026 05:11:25.115] [Server thread/INFO] [net.minecraft.server.MinecraftServer/]: [Chunky] Task running for minecraft:overworld. Processed: 14131 chunks (87.61%), ETA: 0:01:37, Rate: 20.4 cps, Current: -47, -1
[26Aug2026 05:11:26.449] [Server thread/INFO] [net.minecraft.server.MinecraftServer/]: [Chunky] Task running for minecraft:overworld. Processed: 14146 chunks (87.71%), ETA: 0:01:41, Rate: 19.6 cps, Current: -63, 0
[26Aug2026 05:11:27.477] [Server thread/INFO] [net.minecraft.server.MinecraftServer/]: [Chunky] Task running for minecraft:overworld. Processed: 14156 chunks (87.77%), ETA: 0:01:43, Rate: 19.0 cps, Current: -63, 7
[26Aug2026 05:11:28.503] [Server thread/INFO] [net.minecraft.server.MinecraftServer/]: [Chunky] Task running for minecraft:overworld. Processed: 14176 chunks (87.89%), ETA: 0:01:42, Rate: 19.1 cps, Current: -62, 11
[26Aug2026 05:11:29.688] [Server thread/INFO] [net.minecraft.server.MinecraftServer/]: [Chunky] Task running for minecraft:overworld. Processed: 14197 chunks (88.02%), ETA: 0:01:40, Rate: 19.3 cps, Current: -61, 0
[26Aug2026 05:11:30.904] [Server thread/INFO] [net.minecraft.server.MinecraftServer/]: [Chunky] Task running for minecraft:overworld. Processed: 14210 chunks (88.10%), ETA: 0:01:41, Rate: 18.9 cps, Current: -61, 7
[26Aug2026 05:11:31.943] [Server thread/INFO] [net.minecraft.server.MinecraftServer/]: [Chunky] Task running for minecraft:overworld. Processed: 14239 chunks (88.28%), ETA: 0:01:38, Rate: 19.3 cps, Current: -60, 3
[26Aug2026 05:11:32.976] [Server thread/INFO] [net.minecraft.server.MinecraftServer/]: [Chunky] Task running for minecraft:overworld. Processed: 14262 chunks (88.42%), ETA: 0:01:36, Rate: 19.4 cps, Current: -60, 26
[26Aug2026 05:11:34.006] [Server thread/INFO] [net.minecraft.server.MinecraftServer/]: [Chunky] Task running for minecraft:overworld. Processed: 14287 chunks (88.58%), ETA: 0:01:34, Rate: 19.4 cps, Current: -59, 20
[26Aug2026 05:11:35.050] [Server thread/INFO] [net.minecraft.server.MinecraftServer/]: [Chunky] Task running for minecraft:overworld. Processed: 14305 chunks (88.69%), ETA: 0:01:35, Rate: 19.1 cps, Current: -58, 7
[26Aug2026 05:11:36.093] [Server thread/INFO] [net.minecraft.server.MinecraftServer/]: [Chunky] Task running for minecraft:overworld. Processed: 14329 chunks (88.84%), ETA: 0:01:33, Rate: 19.2 cps, Current: -57, 0
[26Aug2026 05:11:37.120] [Server thread/INFO] [net.minecraft.server.MinecraftServer/]: [Chunky] Task running for minecraft:overworld. Processed: 14355 chunks (89.00%), ETA: 0:01:32, Rate: 19.1 cps, Current: -57, 26
[26Aug2026 05:11:38.197] [Server thread/INFO] [net.minecraft.server.MinecraftServer/]: [Chunky] Task running for minecraft:overworld. Processed: 14376 chunks (89.13%), ETA: 0:01:32, Rate: 19.0 cps, Current: -63, 30
[26Aug2026 05:11:39.216] [Server thread/INFO] [net.minecraft.server.MinecraftServer/]: [Chunky] Task running for minecraft:overworld. Processed: 14387 chunks (89.20%), ETA: 0:01:34, Rate: 18.4 cps, Current: -56, 24
[26Aug2026 05:11:40.287] [Server thread/INFO] [net.minecraft.server.MinecraftServer/]: [Chunky] Task running for minecraft:overworld. Processed: 14400 chunks (89.28%), ETA: 0:01:36, Rate: 17.9 cps, Current: -55, 6
[26Aug2026 05:11:41.368] [Server thread/INFO] [net.minecraft.server.MinecraftServer/]: [Chunky] Task running for minecraft:overworld. Processed: 14411 chunks (89.35%), ETA: 0:01:38, Rate: 17.4 cps, Current: -55, 17
[26Aug2026 05:11:42.388] [Server thread/INFO] [net.minecraft.server.MinecraftServer/]: [Chunky] Task running for minecraft:overworld. Processed: 14424 chunks (89.43%), ETA: 0:01:40, Rate: 16.9 cps, Current: -55, 30
[26Aug2026 05:11:43.439] [Server thread/INFO] [net.minecraft.server.MinecraftServer/]: [Chunky] Task running for minecraft:overworld. Processed: 14437 chunks (89.51%), ETA: 0:01:41, Rate: 16.6 cps, Current: -54, 12
[26Aug2026 05:11:44.509] [Server thread/INFO] [net.minecraft.server.MinecraftServer/]: [Chunky] Task running for minecraft:overworld. Processed: 14448 chunks (89.58%), ETA: 0:01:45, Rate: 16.0 cps, Current: -54, 23
[26Aug2026 05:11:45.565] [Server thread/INFO] [net.minecraft.server.MinecraftServer/]: [Chunky] Task running for minecraft:overworld. Processed: 14466 chunks (89.69%), ETA: 0:01:51, Rate: 14.9 cps, Current: -53, 10
[26Aug2026 05:11:46.585] [Server thread/INFO] [net.minecraft.server.MinecraftServer/]: [Chunky] Task running for minecraft:overworld. Processed: 14483 chunks (89.79%), ETA: 0:01:40, Rate: 16.4 cps, Current: -53, 27
[26Aug2026 05:11:47.599] [Server thread/INFO] [net.minecraft.server.MinecraftServer/]: [Chunky] Task running for minecraft:overworld. Processed: 14503 chunks (89.92%), ETA: 0:01:38, Rate: 16.6 cps, Current: -52, 16
[26Aug2026 05:11:48.616] [Server thread/INFO] [net.minecraft.server.MinecraftServer/]: [Chunky] Task running for minecraft:overworld. Processed: 14523 chunks (90.04%), ETA: 0:01:36, Rate: 16.7 cps, Current: -51, 5
[26Aug2026 05:11:49.708] [Server thread/INFO] [net.minecraft.server.MinecraftServer/]: [Chunky] Task running for minecraft:overworld. Processed: 14544 chunks (90.17%), ETA: 0:01:34, Rate: 16.8 cps, Current: -51, 26
[26Aug2026 05:11:50.767] [Server thread/INFO] [net.minecraft.server.MinecraftServer/]: [Chunky] Task running for minecraft:overworld. Processed: 14568 chunks (90.32%), ETA: 0:01:31, Rate: 17.1 cps, Current: -50, 19
[26Aug2026 05:11:51.333] [Server thread/WARN] [net.minecraft.world.entity.EntityType/]: Skipping Entity with id 
[26Aug2026 05:11:51.816] [Server thread/INFO] [net.minecraft.server.MinecraftServer/]: [Chunky] Task running for minecraft:overworld. Processed: 14585 chunks (90.43%), ETA: 0:01:30, Rate: 17.0 cps, Current: -49, 5
[26Aug2026 05:11:52.823] [Server thread/INFO] [net.minecraft.server.MinecraftServer/]: [Chunky] Task running for minecraft:overworld. Processed: 14605 chunks (90.55%), ETA: 0:01:28, Rate: 17.1 cps, Current: -49, 24
[26Aug2026 05:11:53.842] [Server thread/INFO] [net.minecraft.server.MinecraftServer/]: [Chunky] Task running for minecraft:overworld. Processed: 14628 chunks (90.69%), ETA: 0:01:26, Rate: 17.3 cps, Current: -48, 16
[26Aug2026 05:11:54.853] [Server thread/INFO] [net.minecraft.server.MinecraftServer/]: [Chunky] Task running for minecraft:overworld. Processed: 14649 chunks (90.82%), ETA: 0:01:24, Rate: 17.5 cps, Current: -47, 4
[26Aug2026 05:11:55.864] [Server thread/INFO] [net.minecraft.server.MinecraftServer/]: [Chunky] Task running for minecraft:overworld. Processed: 14670 chunks (90.95%), ETA: 0:01:21, Rate: 17.8 cps, Current: -47, 24
[26Aug2026 05:11:57.011] [Server thread/INFO] [net.minecraft.server.MinecraftServer/]: [Chunky] Task running for minecraft:overworld. Processed: 14687 chunks (91.06%), ETA: 0:01:20, Rate: 18.0 cps, Current: -46, 8
[26Aug2026 05:11:58.036] [Server thread/INFO] [net.minecraft.server.MinecraftServer/]: [Chunky] Task running for minecraft:overworld. Processed: 14711 chunks (91.21%), ETA: 0:01:18, Rate: 18.1 cps, Current: -45, 0
[26Aug2026 05:11:59.040] [Server thread/INFO] [net.minecraft.server.MinecraftServer/]: [Chunky] Task running for minecraft:overworld. Processed: 14731 chunks (91.33%), ETA: 0:01:16, Rate: 18.2 cps, Current: -45, 20
[26Aug2026 05:12:00.058] [Server thread/INFO] [net.minecraft.server.MinecraftServer/]: [Chunky] Task running for minecraft:overworld. Processed: 14754 chunks (91.47%), ETA: 0:01:13, Rate: 18.7 cps, Current: -44, 12
[26Aug2026 05:12:01.092] [Server thread/INFO] [net.minecraft.server.MinecraftServer/]: [Chunky] Task running for minecraft:overworld. Processed: 14779 chunks (91.63%), ETA: 0:01:12, Rate: 18.6 cps, Current: -43, 6
[26Aug2026 05:12:02.112] [Server thread/INFO] [net.minecraft.server.MinecraftServer/]: [Chunky] Task running for minecraft:overworld. Processed: 14802 chunks (91.77%), ETA: 0:01:11, Rate: 18.6 cps, Current: -43, 29
[26Aug2026 05:12:03.115] [Server thread/INFO] [net.minecraft.server.MinecraftServer/]: [Chunky] Task running for minecraft:overworld. Processed: 14826 chunks (91.92%), ETA: 0:01:10, Rate: 18.6 cps, Current: -42, 21
[26Aug2026 05:12:04.117] [Server thread/INFO] [net.minecraft.server.MinecraftServer/]: [Chunky] Task running for minecraft:overworld. Processed: 14849 chunks (92.06%), ETA: 0:01:08, Rate: 18.7 cps, Current: -41, 7
[26Aug2026 05:12:05.134] [Server thread/INFO] [net.minecraft.server.MinecraftServer/]: [Chunky] Task running for minecraft:overworld. Processed: 14870 chunks (92.19%), ETA: 0:01:07, Rate: 18.7 cps, Current: -41, 28
[26Aug2026 05:12:06.171] [Server thread/INFO] [net.minecraft.server.MinecraftServer/]: [Chunky] Task running for minecraft:overworld. Processed: 14887 chunks (92.30%), ETA: 0:01:07, Rate: 18.3 cps, Current: -40, 14
[26Aug2026 05:12:07.219] [Server thread/INFO] [net.minecraft.server.MinecraftServer/]: [Chunky] Task running for minecraft:overworld. Processed: 14904 chunks (92.40%), ETA: 0:01:07, Rate: 18.2 cps, Current: -39, 0
[26Aug2026 05:12:08.359] [Server thread/INFO] [net.minecraft.server.MinecraftServer/]: [Chunky] Task running for minecraft:overworld. Processed: 14924 chunks (92.53%), ETA: 0:01:05, Rate: 18.5 cps, Current: -38, 9
[26Aug2026 05:12:09.387] [Server thread/INFO] [net.minecraft.server.MinecraftServer/]: [Chunky] Task running for minecraft:overworld. Processed: 14947 chunks (92.67%), ETA: 0:01:02, Rate: 18.8 cps, Current: -38, 21
[26Aug2026 05:12:10.392] [Server thread/INFO] [net.minecraft.server.MinecraftServer/]: [Chunky] Task running for minecraft:overworld. Processed: 14984 chunks (92.90%), ETA: 0:00:57, Rate: 19.8 cps, Current: -37, 9
[26Aug2026 05:12:11.398] [Server thread/INFO] [net.minecraft.server.MinecraftServer/]: [Chunky] Task running for minecraft:overworld. Processed: 15022 chunks (93.14%), ETA: 0:00:53, Rate: 20.6 cps, Current: -37, 28
[26Aug2026 05:12:14.511] [Server thread/INFO] [net.minecraft.server.MinecraftServer/]: [Chunky] Task running for minecraft:overworld. Processed: 15115 chunks (93.71%), ETA: 0:00:45, Rate: 22.5 cps, Current: -34, 29
[26Aug2026 05:12:21.304] [Server thread/INFO] [net.minecraft.server.MinecraftServer/]: [Chunky] Task running for minecraft:overworld. Processed: 15121 chunks (93.75%), ETA: 0:00:55, Rate: 18.2 cps, Current: -49, 31
[26Aug2026 05:12:22.389] [Server thread/INFO] [net.minecraft.server.MinecraftServer/]: [Chunky] Task running for minecraft:overworld. Processed: 15128 chunks (93.79%), ETA: 0:00:56, Rate: 17.7 cps, Current: -42, 31
[26Aug2026 05:12:24.070] [Server thread/INFO] [net.minecraft.server.MinecraftServer/]: [Chunky] Task running for minecraft:overworld. Processed: 15138 chunks (93.86%), ETA: 0:00:59, Rate: 16.8 cps, Current: -63, 32
[26Aug2026 05:12:25.102] [Server thread/INFO] [net.minecraft.server.MinecraftServer/]: [Chunky] Task running for minecraft:overworld. Processed: 15151 chunks (93.94%), ETA: 0:00:59, Rate: 16.5 cps, Current: -63, 44
[26Aug2026 05:12:26.136] [Server thread/INFO] [net.minecraft.server.MinecraftServer/]: [Chunky] Task running for minecraft:overworld. Processed: 15174 chunks (94.08%), ETA: 0:00:56, Rate: 16.8 cps, Current: -62, 50
[26Aug2026 05:12:27.177] [Server thread/INFO] [net.minecraft.server.MinecraftServer/]: [Chunky] Task running for minecraft:overworld. Processed: 15197 chunks (94.22%), ETA: 0:00:55, Rate: 16.7 cps, Current: -61, 40
[26Aug2026 05:12:28.190] [Server thread/INFO] [net.minecraft.server.MinecraftServer/]: [Chunky] Task running for minecraft:overworld. Processed: 15217 chunks (94.35%), ETA: 0:00:54, Rate: 16.7 cps, Current: -61, 59
[26Aug2026 05:12:29.300] [Server thread/INFO] [net.minecraft.server.MinecraftServer/]: [Chunky] Task running for minecraft:overworld. Processed: 15226 chunks (94.40%), ETA: 0:00:55, Rate: 16.2 cps, Current: -60, 35
[26Aug2026 05:12:30.338] [Server thread/INFO] [net.minecraft.server.MinecraftServer/]: [Chunky] Task running for minecraft:overworld. Processed: 15242 chunks (94.50%), ETA: 0:00:55, Rate: 15.9 cps, Current: -60, 49
[26Aug2026 05:12:31.380] [Server thread/INFO] [net.minecraft.server.MinecraftServer/]: [Chunky] Task running for minecraft:overworld. Processed: 15260 chunks (94.61%), ETA: 0:00:55, Rate: 15.7 cps, Current: -63, 57
[26Aug2026 05:12:32.404] [Server thread/INFO] [net.minecraft.server.MinecraftServer/]: [Chunky] Task running for minecraft:overworld. Processed: 15271 chunks (94.68%), ETA: 0:00:56, Rate: 15.2 cps, Current: -59, 49
[26Aug2026 05:12:33.570] [Server thread/INFO] [net.minecraft.server.MinecraftServer/]: [Chunky] Task running for minecraft:overworld. Processed: 15298 chunks (94.85%), ETA: 0:00:54, Rate: 15.3 cps, Current: -63, 61
[26Aug2026 05:12:34.895] [Server thread/INFO] [net.minecraft.server.MinecraftServer/]: [Chunky] Task running for minecraft:overworld. Processed: 15304 chunks (94.88%), ETA: 0:00:56, Rate: 14.6 cps, Current: -58, 40
[26Aug2026 05:12:35.937] [Server thread/INFO] [net.minecraft.server.MinecraftServer/]: [Chunky] Task running for minecraft:overworld. Processed: 15332 chunks (95.06%), ETA: 0:00:53, Rate: 15.0 cps, Current: -57, 37
[26Aug2026 05:12:37.019] [Server thread/INFO] [net.minecraft.server.MinecraftServer/]: [Chunky] Task running for minecraft:overworld. Processed: 15346 chunks (95.15%), ETA: 0:00:52, Rate: 14.9 cps, Current: -57, 51
[26Aug2026 05:12:38.170] [Server thread/INFO] [net.minecraft.server.MinecraftServer/]: [Chunky] Task running for minecraft:overworld. Processed: 15365 chunks (95.26%), ETA: 0:00:51, Rate: 14.8 cps, Current: -60, 63
[26Aug2026 05:12:39.379] [Server thread/INFO] [net.minecraft.server.MinecraftServer/]: [Chunky] Task running for minecraft:overworld. Processed: 15370 chunks (95.29%), ETA: 0:00:53, Rate: 14.1 cps, Current: -56, 39
[26Aug2026 05:12:40.440] [Server thread/INFO] [net.minecraft.server.MinecraftServer/]: [Chunky] Task running for minecraft:overworld. Processed: 15382 chunks (95.37%), ETA: 0:01:00, Rate: 12.4 cps, Current: -56, 59
[26Aug2026 05:12:41.461] [Server thread/INFO] [net.minecraft.server.MinecraftServer/]: [Chunky] Task running for minecraft:overworld. Processed: 15403 chunks (95.50%), ETA: 0:01:07, Rate: 10.7 cps, Current: -55, 42
[26Aug2026 05:12:42.474] [Server thread/INFO] [net.minecraft.server.MinecraftServer/]: [Chunky] Task running for minecraft:overworld. Processed: 15420 chunks (95.60%), ETA: 0:01:04, Rate: 10.9 cps, Current: -55, 59
[26Aug2026 05:12:43.488] [Server thread/INFO] [net.minecraft.server.MinecraftServer/]: [Chunky] Task running for minecraft:overworld. Processed: 15440 chunks (95.73%), ETA: 0:01:01, Rate: 11.2 cps, Current: -54, 48
[26Aug2026 05:12:44.507] [Server thread/INFO] [net.minecraft.server.MinecraftServer/]: [Chunky] Task running for minecraft:overworld. Processed: 15462 chunks (95.86%), ETA: 0:00:57, Rate: 11.6 cps, Current: -53, 39
[26Aug2026 05:12:45.519] [Server thread/INFO] [net.minecraft.server.MinecraftServer/]: [Chunky] Task running for minecraft:overworld. Processed: 15479 chunks (95.97%), ETA: 0:00:43, Rate: 14.8 cps, Current: -53, 56
[26Aug2026 05:12:46.563] [Server thread/INFO] [net.minecraft.server.MinecraftServer/]: [Chunky] Task running for minecraft:overworld. Processed: 15504 chunks (96.12%), ETA: 0:00:41, Rate: 15.2 cps, Current: -52, 50
[26Aug2026 05:12:47.587] [Server thread/INFO] [net.minecraft.server.MinecraftServer/]: [Chunky] Task running for minecraft:overworld. Processed: 15525 chunks (96.26%), ETA: 0:00:39, Rate: 15.4 cps, Current: -51, 40
[26Aug2026 05:12:47.813] [c2me-worker-1/WARN] [net.minecraft.world.entity.ai.attributes.AttributeMap/]: Ignoring unknown attribute 'forge:step_height_addition'
[26Aug2026 05:12:47.814] [c2me-worker-1/WARN] [net.minecraft.world.entity.ai.attributes.AttributeMap/]: Ignoring unknown attribute 'forge:entity_gravity'
[26Aug2026 05:12:48.595] [Server thread/INFO] [net.minecraft.server.MinecraftServer/]: [Chunky] Task running for minecraft:overworld. Processed: 15544 chunks (96.37%), ETA: 0:00:37, Rate: 15.5 cps, Current: -51, 59
[26Aug2026 05:12:49.607] [Server thread/INFO] [net.minecraft.server.MinecraftServer/]: [Chunky] Task running for minecraft:overworld. Processed: 15568 chunks (96.52%), ETA: 0:00:35, Rate: 15.8 cps, Current: -50, 52
[26Aug2026 05:12:50.632] [Server thread/INFO] [net.minecraft.server.MinecraftServer/]: [Chunky] Task running for minecraft:overworld. Processed: 15586 chunks (96.63%), ETA: 0:00:34, Rate: 15.9 cps, Current: -49, 39
[26Aug2026 05:12:51.633] [Server thread/INFO] [net.minecraft.server.MinecraftServer/]: [Chunky] Task running for minecraft:overworld. Processed: 15606 chunks (96.76%), ETA: 0:00:31, Rate: 16.4 cps, Current: -49, 59
[26Aug2026 05:12:52.640] [Server thread/INFO] [net.minecraft.server.MinecraftServer/]: [Chunky] Task running for minecraft:overworld. Processed: 15628 chunks (96.89%), ETA: 0:00:29, Rate: 17.2 cps, Current: -48, 50
[26Aug2026 05:12:53.706] [Server thread/INFO] [net.minecraft.server.MinecraftServer/]: [Chunky] Task running for minecraft:overworld. Processed: 15647 chunks (97.01%), ETA: 0:00:28, Rate: 17.2 cps, Current: -47, 38
[26Aug2026 05:12:54.756] [Server thread/INFO] [net.minecraft.server.MinecraftServer/]: [Chunky] Task running for minecraft:overworld. Processed: 15664 chunks (97.12%), ETA: 0:00:26, Rate: 17.3 cps, Current: -47, 55
[26Aug2026 05:12:55.688] [c2me-worker-0/WARN] [net.minecraft.world.entity.ai.attributes.AttributeMap/]: Ignoring unknown attribute 'forge:entity_gravity'
[26Aug2026 05:12:55.692] [c2me-worker-0/WARN] [net.minecraft.world.entity.ai.attributes.AttributeMap/]: Ignoring unknown attribute 'forge:entity_gravity'
[26Aug2026 05:12:55.881] [Server thread/INFO] [net.minecraft.server.MinecraftServer/]: [Chunky] Task running for minecraft:overworld. Processed: 15684 chunks (97.24%), ETA: 0:00:25, Rate: 17.2 cps, Current: -46, 43
[26Aug2026 05:12:56.887] [Server thread/INFO] [net.minecraft.server.MinecraftServer/]: [Chunky] Task running for minecraft:overworld. Processed: 15704 chunks (97.36%), ETA: 0:00:24, Rate: 17.1 cps, Current: -45, 32
[26Aug2026 05:12:57.895] [Server thread/INFO] [net.minecraft.server.MinecraftServer/]: [Chunky] Task running for minecraft:overworld. Processed: 15728 chunks (97.51%), ETA: 0:00:23, Rate: 17.2 cps, Current: -45, 56
[26Aug2026 05:12:58.905] [Server thread/INFO] [net.minecraft.server.MinecraftServer/]: [Chunky] Task running for minecraft:overworld. Processed: 15753 chunks (97.67%), ETA: 0:00:21, Rate: 17.8 cps, Current: -44, 50
[26Aug2026 05:12:59.928] [Server thread/INFO] [net.minecraft.server.MinecraftServer/]: [Chunky] Task running for minecraft:overworld. Processed: 15778 chunks (97.82%), ETA: 0:00:19, Rate: 18.1 cps, Current: -43, 44
[26Aug2026 05:13:00.938] [Server thread/INFO] [net.minecraft.server.MinecraftServer/]: [Chunky] Task running for minecraft:overworld. Processed: 15797 chunks (97.94%), ETA: 0:00:18, Rate: 18.2 cps, Current: -55, 63
[26Aug2026 05:13:01.980] [Server thread/INFO] [net.minecraft.server.MinecraftServer/]: [Chunky] Task running for minecraft:overworld. Processed: 15816 chunks (98.06%), ETA: 0:00:16, Rate: 18.5 cps, Current: -42, 45
[26Aug2026 05:13:03.058] [Server thread/INFO] [net.minecraft.server.MinecraftServer/]: [Chunky] Task running for minecraft:overworld. Processed: 15840 chunks (98.21%), ETA: 0:00:15, Rate: 18.4 cps, Current: -41, 38
[26Aug2026 05:13:04.073] [Server thread/INFO] [net.minecraft.server.MinecraftServer/]: [Chunky] Task running for minecraft:overworld. Processed: 15863 chunks (98.35%), ETA: 0:00:13, Rate: 19.2 cps, Current: -41, 61
[26Aug2026 05:13:05.106] [Server thread/INFO] [net.minecraft.server.MinecraftServer/]: [Chunky] Task running for minecraft:overworld. Processed: 15885 chunks (98.49%), ETA: 0:00:12, Rate: 19.0 cps, Current: -40, 52
[26Aug2026 05:13:05.952] [c2me-worker-0/WARN] [net.minecraft.world.entity.ai.attributes.AttributeMap/]: Ignoring unknown attribute 'forge:step_height_addition'
[26Aug2026 05:13:05.953] [c2me-worker-0/WARN] [net.minecraft.world.entity.ai.attributes.AttributeMap/]: Ignoring unknown attribute 'forge:entity_gravity'
[26Aug2026 05:13:06.119] [Server thread/INFO] [net.minecraft.server.MinecraftServer/]: [Chunky] Task running for minecraft:overworld. Processed: 15912 chunks (98.65%), ETA: 0:00:11, Rate: 19.5 cps, Current: -39, 40
[26Aug2026 05:13:07.189] [Server thread/INFO] [net.minecraft.server.MinecraftServer/]: [Chunky] Task running for minecraft:overworld. Processed: 15932 chunks (98.78%), ETA: 0:00:10, Rate: 19.5 cps, Current: -39, 50
[26Aug2026 05:13:08.194] [Server thread/INFO] [net.minecraft.server.MinecraftServer/]: [Chunky] Task running for minecraft:overworld. Processed: 15966 chunks (98.99%), ETA: 0:00:07, Rate: 20.7 cps, Current: -36, 35
[26Aug2026 05:13:09.214] [Server thread/INFO] [net.minecraft.server.MinecraftServer/]: [Chunky] Task running for minecraft:overworld. Processed: 16009 chunks (99.26%), ETA: 0:00:05, Rate: 21.5 cps, Current: -37, 58
[26Aug2026 05:13:10.231] [Server thread/INFO] [net.minecraft.server.MinecraftServer/]: [Chunky] Task running for minecraft:overworld. Processed: 16119 chunks (99.94%), ETA: 0:00:00, Rate: 24.8 cps, Current: -43, 63
[26Aug2026 05:13:10.563] [Server thread/INFO] [net.minecraft.server.MinecraftServer/]: [Chunky] Task finished for minecraft:overworld. Processed: 16129 chunks (100.00%), Total time: 0:18:31
[26Aug2026 05:15:44.806] [spark-worker-pool-1-thread-3/INFO] [net.minecraft.server.MinecraftServer/]: [⚡] TPS from last 5s, 10s, 1m, 5m, 15m:
[26Aug2026 05:15:44.807] [spark-worker-pool-1-thread-3/INFO] [net.minecraft.server.MinecraftServer/]: [⚡]  20.0, 20.0, 20.0, 20.0, 20.0
[26Aug2026 05:15:44.807] [spark-worker-pool-1-thread-3/INFO] [net.minecraft.server.MinecraftServer/]: [⚡] 
[26Aug2026 05:15:44.807] [spark-worker-pool-1-thread-3/INFO] [net.minecraft.server.MinecraftServer/]: [⚡] Tick durations (min/med/95%ile/max ms) from last 10s, 1m:
[26Aug2026 05:15:44.813] [spark-worker-pool-1-thread-3/INFO] [net.minecraft.server.MinecraftServer/]: [⚡]  0.2/0.2/0.5/1.6;  0.2/0.2/0.4/1.6
[26Aug2026 05:15:44.814] [spark-worker-pool-1-thread-3/INFO] [net.minecraft.server.MinecraftServer/]: [⚡] 
[26Aug2026 05:15:44.814] [spark-worker-pool-1-thread-3/INFO] [net.minecraft.server.MinecraftServer/]: [⚡] CPU usage from last 10s, 1m, 15m:
[26Aug2026 05:15:44.815] [spark-worker-pool-1-thread-3/INFO] [net.minecraft.server.MinecraftServer/]: [⚡]  17%, 10%, 48%  (system)
[26Aug2026 05:15:44.816] [spark-worker-pool-1-thread-3/INFO] [net.minecraft.server.MinecraftServer/]: [⚡]  1%, 0%, 46%  (process)
[26Aug2026 05:16:07.313] [Server thread/INFO] [net.minecraft.server.players.PlayerList/]: VenaticWinner67[/100.115.132.104:50506] logged in with entity id 9098 at (-211.5, 63.0, -208.5)
[26Aug2026 05:16:08.199] [Server thread/INFO] [net.minecraft.server.MinecraftServer/]: VenaticWinner67 joined the game
[26Aug2026 05:16:08.332] [Server thread/INFO] [net.minecraft.server.MinecraftServer/]: VenaticWinner67 has made the advancement [Too Many Bows]
[26Aug2026 05:16:08.382] [Server thread/INFO] [net.minecraft.server.MinecraftServer/]: VenaticWinner67 has made the advancement [Nether's Exoticism]
[26Aug2026 05:16:09.554] [pool-7-thread-1/INFO] [Supplementaries/]: Searching for closest structure among [biomeswevegone:village/pumpkin_patch, minecraft:village_savanna, towns_and_towers:village_beach, towns_and_towers:village_birch_forest, towns_and_towers:village_grove, trek:village/snowy, biomeswevegone:village/forgotten, trek:village/plains, towns_and_towers:exclusives/village_mediterranean, minecraft:village_plains, towns_and_towers:village_snowy_taiga, towns_and_towers:exclusives/village_iberian] from position BlockPos{x=-187, y=72, z=-187}
[26Aug2026 05:16:11.931] [pool-7-thread-1/INFO] [Supplementaries/]: 
 Structure locator found 2 structures: 
biomeswevegone:village/pumpkin_patch at BlockPos{x=-1392, y=0, z=-832}, dist = 1368.66138982584
trek:village/plains at BlockPos{x=-1520, y=0, z=-1312}, dist = 1745.7657345703633
[26Aug2026 05:16:12.028] [Server thread/WARN] [net.minecraft.server.MinecraftServer/]: Can't keep up! Is the server overloaded? Running 4023ms or 80 ticks behind
[26Aug2026 05:16:12.503] [Server thread/INFO] [net.minecraft.server.MinecraftServer/]: VenaticWinner67 has made the advancement [To the Heights of Glory]
[26Aug2026 05:16:12.509] [Server thread/INFO] [net.minecraft.server.MinecraftServer/]: VenaticWinner67 has made the advancement [Icy Crown]
[26Aug2026 05:16:12.800] [Server thread/INFO] [voicechat/]: [voicechat] Received secret request of VenaticWinner67 (20)
[26Aug2026 05:16:12.805] [Server thread/INFO] [voicechat/]: [voicechat] Sent secret to VenaticWinner67
[26Aug2026 05:16:16.034] [VoiceChatPacketProcessingThread/INFO] [voicechat/]: [voicechat] Successfully authenticated player 27624550-5762-38db-a0a7-5ccd77095ef1
[26Aug2026 05:16:16.990] [VoiceChatPacketProcessingThread/INFO] [voicechat/]: [voicechat] Successfully validated connection of player 27624550-5762-38db-a0a7-5ccd77095ef1
[26Aug2026 05:16:16.998] [VoiceChatPacketProcessingThread/INFO] [voicechat/]: [voicechat] Player VenaticWinner67 (27624550-5762-38db-a0a7-5ccd77095ef1) successfully connected to voice chat
[26Aug2026 05:16:59.400] [VoiceChatPacketProcessingThread/INFO] [voicechat/]: [voicechat] Player 27624550-5762-38db-a0a7-5ccd77095ef1 timed out
[26Aug2026 05:16:59.400] [VoiceChatPacketProcessingThread/INFO] [voicechat/]: [voicechat] Reconnecting player VenaticWinner67
[26Aug2026 05:16:59.401] [VoiceChatPacketProcessingThread/INFO] [voicechat/]: [voicechat] Sent secret to VenaticWinner67
[26Aug2026 05:17:01.180] [VoiceChatPacketProcessingThread/INFO] [voicechat/]: [voicechat] Successfully authenticated player 27624550-5762-38db-a0a7-5ccd77095ef1
[26Aug2026 05:17:02.307] [VoiceChatPacketProcessingThread/INFO] [voicechat/]: [voicechat] Successfully validated connection of player 27624550-5762-38db-a0a7-5ccd77095ef1
[26Aug2026 05:17:02.307] [VoiceChatPacketProcessingThread/INFO] [voicechat/]: [voicechat] Player VenaticWinner67 (27624550-5762-38db-a0a7-5ccd77095ef1) successfully connected to voice chat
[26Aug2026 05:18:49.362] [Server thread/INFO] [net.minecraft.server.MinecraftServer/]: [VenaticWinner67: Set own game mode to Creative Mode]
[26Aug2026 05:19:25.261] [Server thread/INFO] [AllTheLeaks/]: Listing events...
[26Aug2026 05:19:25.262] [Server thread/INFO] [AllTheLeaks/]: Listing memory leaks so far...
[26Aug2026 05:19:25.262] [Server thread/INFO] [AllTheLeaks/]: B: 1697MB / C: 1865MB / Diff: +168MB
[26Aug2026 05:19:25.262] [Server thread/INFO] [AllTheLeaks/]: No memory leak detected!
[26Aug2026 05:19:50.710] [Server thread/INFO] [net.minecraft.server.network.ServerGamePacketListenerImpl/]: VenaticWinner67 lost connection: Disconnected
[26Aug2026 05:19:50.710] [Server thread/INFO] [net.minecraft.server.MinecraftServer/]: VenaticWinner67 left the game
[26Aug2026 05:19:50.720] [Server thread/INFO] [voicechat/]: [voicechat] Disconnecting client VenaticWinner67
[26Aug2026 05:22:12.988] [Server thread/INFO] [net.minecraft.server.players.PlayerList/]: VenaticWinner67[/100.115.132.104:50519] logged in with entity id 9757 at (-214.6124068624744, 63.0, -208.1276667086459)
[26Aug2026 05:22:13.031] [Server thread/INFO] [net.minecraft.server.MinecraftServer/]: VenaticWinner67 joined the game
[26Aug2026 05:22:13.730] [Server thread/INFO] [voicechat/]: [voicechat] Received secret request of VenaticWinner67 (20)
[26Aug2026 05:22:13.731] [Server thread/INFO] [voicechat/]: [voicechat] Sent secret to VenaticWinner67
[26Aug2026 05:22:19.512] [VoiceChatPacketProcessingThread/INFO] [voicechat/]: [voicechat] Successfully authenticated player 27624550-5762-38db-a0a7-5ccd77095ef1
[26Aug2026 05:22:36.979] [VoiceChatPacketProcessingThread/INFO] [voicechat/]: [voicechat] Successfully validated connection of player 27624550-5762-38db-a0a7-5ccd77095ef1
[26Aug2026 05:22:36.980] [VoiceChatPacketProcessingThread/INFO] [voicechat/]: [voicechat] Player VenaticWinner67 (27624550-5762-38db-a0a7-5ccd77095ef1) successfully connected to voice chat
[26Aug2026 05:29:25.309] [Server thread/INFO] [AllTheLeaks/]: Listing events...
[26Aug2026 05:29:25.310] [Server thread/INFO] [AllTheLeaks/]: Server Player Logout: 1
[26Aug2026 05:29:25.310] [Server thread/INFO] [AllTheLeaks/]: Listing memory leaks so far...
[26Aug2026 05:29:25.310] [Server thread/INFO] [AllTheLeaks/]: B: 1697MB / C: 1764MB / Diff: +67MB
[26Aug2026 05:29:25.310] [Server thread/INFO] [AllTheLeaks/]: No memory leak detected!
[26Aug2026 05:30:26.388] [Server thread/INFO] [net.minecraft.server.MinecraftServer/]: [VenaticWinner67: Teleported VenaticWinner67 to 0.500000, 100.000000, 0.500000]
[26Aug2026 05:30:27.950] [Server thread/WARN] [net.minecraft.server.network.ServerGamePacketListenerImpl/]: VenaticWinner67 moved too quickly! 0.0,-11.026982712340185,0.0
[26Aug2026 05:30:28.709] [Server thread/WARN] [net.minecraft.server.level.ServerLevel/]: Tried to add entity minecraft:zombie but it was marked as removed already
[26Aug2026 05:30:51.540] [Server thread/INFO] [net.minecraft.server.MinecraftServer/]: [VenaticWinner67: Teleported VenaticWinner67 to -214.500000, 108.500000, -248.500000]
[26Aug2026 05:31:20.659] [Server thread/INFO] [net.minecraft.server.network.ServerGamePacketListenerImpl/]: VenaticWinner67 lost connection: Disconnected
[26Aug2026 05:31:20.659] [Server thread/INFO] [net.minecraft.server.MinecraftServer/]: VenaticWinner67 left the game
[26Aug2026 05:31:20.662] [Server thread/INFO] [voicechat/]: [voicechat] Disconnecting client VenaticWinner67
[26Aug2026 05:31:48.405] [Server thread/INFO] [net.minecraft.server.MinecraftServer/]: Stopping the server
[26Aug2026 05:31:48.459] [C2ME Storage #27/INFO] [C2ME Storage/]: Storage thread Thread[#136,C2ME Storage #27,5,SERVER] stopped
[26Aug2026 05:31:48.459] [C2ME Storage #25/INFO] [C2ME Storage/]: Storage thread Thread[#134,C2ME Storage #25,5,SERVER] stopped
[26Aug2026 05:31:48.459] [C2ME Storage #26/INFO] [C2ME Storage/]: Storage thread Thread[#135,C2ME Storage #26,5,SERVER] stopped
[26Aug2026 05:31:48.474] [Server thread/INFO] [net.minecraft.server.MinecraftServer/]: Stopping server
[26Aug2026 05:31:48.476] [Server thread/INFO] [net.minecraft.server.MinecraftServer/]: Saving players
[26Aug2026 05:31:48.476] [Server thread/INFO] [net.minecraft.server.MinecraftServer/]: Saving worlds
[26Aug2026 05:31:48.477] [Server thread/INFO] [net.minecraft.server.MinecraftServer/]: Saving chunks for level 'ServerLevel[world]'/minecraft:overworld
[26Aug2026 05:31:48.517] [Server thread/INFO] [net.minecraft.server.MinecraftServer/]: Saving chunks for level 'ServerLevel[world]'/aether:the_aether
[26Aug2026 05:31:48.518] [Server thread/INFO] [net.minecraft.server.MinecraftServer/]: Saving chunks for level 'ServerLevel[world]'/the_bumblezone:the_bumblezone
[26Aug2026 05:31:48.518] [Server thread/INFO] [net.minecraft.server.MinecraftServer/]: Saving chunks for level 'ServerLevel[world]'/deeperdarker:otherside
[26Aug2026 05:31:48.519] [Server thread/INFO] [net.minecraft.server.MinecraftServer/]: Saving chunks for level 'ServerLevel[world]'/twilightforest:twilight_forest
[26Aug2026 05:31:48.519] [Server thread/INFO] [net.minecraft.server.MinecraftServer/]: Saving chunks for level 'ServerLevel[world]'/minecraft:the_end
[26Aug2026 05:31:48.519] [Server thread/INFO] [net.minecraft.server.MinecraftServer/]: Saving chunks for level 'ServerLevel[world]'/minecraft:the_nether
[26Aug2026 05:31:48.522] [Server thread/INFO] [net.minecraft.server.MinecraftServer/]: ThreadedAnvilChunkStorage (world): All chunks are saved
[26Aug2026 05:31:48.522] [Server thread/INFO] [net.minecraft.server.MinecraftServer/]: ThreadedAnvilChunkStorage (the_aether): All chunks are saved
[26Aug2026 05:31:48.522] [Server thread/INFO] [net.minecraft.server.MinecraftServer/]: ThreadedAnvilChunkStorage (the_bumblezone): All chunks are saved
[26Aug2026 05:31:48.522] [Server thread/INFO] [net.minecraft.server.MinecraftServer/]: ThreadedAnvilChunkStorage (otherside): All chunks are saved
[26Aug2026 05:31:48.522] [Server thread/INFO] [net.minecraft.server.MinecraftServer/]: ThreadedAnvilChunkStorage (twilight_forest): All chunks are saved
[26Aug2026 05:31:48.522] [Server thread/INFO] [net.minecraft.server.MinecraftServer/]: ThreadedAnvilChunkStorage (DIM1): All chunks are saved
[26Aug2026 05:31:48.522] [Server thread/INFO] [net.minecraft.server.MinecraftServer/]: ThreadedAnvilChunkStorage (DIM-1): All chunks are saved
[26Aug2026 05:31:48.522] [Server thread/INFO] [net.minecraft.server.MinecraftServer/]: ThreadedAnvilChunkStorage: All dimensions are saved
[26Aug2026 05:31:48.704] [C2ME Storage #3/INFO] [C2ME Storage/]: Storage thread Thread[#102,C2ME Storage #3,5,SERVER] stopped
[26Aug2026 05:31:49.212] [C2ME Storage #2/INFO] [C2ME Storage/]: Storage thread Thread[#100,C2ME Storage #2,5,SERVER] stopped
[26Aug2026 05:31:49.253] [C2ME Storage #1/INFO] [C2ME Storage/]: Storage thread Thread[#99,C2ME Storage #1,5,SERVER] stopped
[26Aug2026 05:31:49.253] [C2ME Storage #5/INFO] [C2ME Storage/]: Storage thread Thread[#105,C2ME Storage #5,5,SERVER] stopped
[26Aug2026 05:31:49.253] [C2ME Storage #4/INFO] [C2ME Storage/]: Storage thread Thread[#104,C2ME Storage #4,5,SERVER] stopped
[26Aug2026 05:31:49.253] [C2ME Storage #6/INFO] [C2ME Storage/]: Storage thread Thread[#106,C2ME Storage #6,5,SERVER] stopped
[26Aug2026 05:31:49.254] [C2ME Storage #9/INFO] [C2ME Storage/]: Storage thread Thread[#109,C2ME Storage #9,5,SERVER] stopped
[26Aug2026 05:31:49.254] [C2ME Storage #7/INFO] [C2ME Storage/]: Storage thread Thread[#107,C2ME Storage #7,5,SERVER] stopped
[26Aug2026 05:31:49.254] [C2ME Storage #8/INFO] [C2ME Storage/]: Storage thread Thread[#108,C2ME Storage #8,5,SERVER] stopped
[26Aug2026 05:31:49.255] [C2ME Storage #12/INFO] [C2ME Storage/]: Storage thread Thread[#112,C2ME Storage #12,5,SERVER] stopped
[26Aug2026 05:31:49.255] [C2ME Storage #11/INFO] [C2ME Storage/]: Storage thread Thread[#111,C2ME Storage #11,5,SERVER] stopped
[26Aug2026 05:31:49.255] [C2ME Storage #10/INFO] [C2ME Storage/]: Storage thread Thread[#110,C2ME Storage #10,5,SERVER] stopped
[26Aug2026 05:31:49.256] [C2ME Storage #15/INFO] [C2ME Storage/]: Storage thread Thread[#116,C2ME Storage #15,5,SERVER] stopped
[26Aug2026 05:31:49.256] [C2ME Storage #14/INFO] [C2ME Storage/]: Storage thread Thread[#115,C2ME Storage #14,5,SERVER] stopped
[26Aug2026 05:31:49.256] [C2ME Storage #13/INFO] [C2ME Storage/]: Storage thread Thread[#114,C2ME Storage #13,5,SERVER] stopped
[26Aug2026 05:31:49.256] [C2ME Storage #18/INFO] [C2ME Storage/]: Storage thread Thread[#119,C2ME Storage #18,5,SERVER] stopped
[26Aug2026 05:31:49.256] [C2ME Storage #17/INFO] [C2ME Storage/]: Storage thread Thread[#118,C2ME Storage #17,5,SERVER] stopped
[26Aug2026 05:31:49.257] [C2ME Storage #16/INFO] [C2ME Storage/]: Storage thread Thread[#117,C2ME Storage #16,5,SERVER] stopped
[26Aug2026 05:31:49.258] [C2ME Storage #21/INFO] [C2ME Storage/]: Storage thread Thread[#122,C2ME Storage #21,5,SERVER] stopped
[26Aug2026 05:31:49.258] [C2ME Storage #20/INFO] [C2ME Storage/]: Storage thread Thread[#121,C2ME Storage #20,5,SERVER] stopped
[26Aug2026 05:31:49.258] [C2ME Storage #19/INFO] [C2ME Storage/]: Storage thread Thread[#120,C2ME Storage #19,5,SERVER] stopped
[26Aug2026 05:31:50.404] [Server thread/INFO] [Framework/]: Unloading server configs...
[26Aug2026 05:31:50.405] [Server thread/INFO] [Framework/]: Sending config unload event for mighty_mail.server.toml
[26Aug2026 05:31:50.407] [Server thread/INFO] [Framework/]: Finished unloading server configs
[26Aug2026 05:31:50.410] [Server thread/INFO] [Puzzles Lib/]: Dispatching unloading event for config easyanvils-server.toml
[26Aug2026 05:31:50.411] [Server thread/INFO] [Puzzles Lib/]: Dispatching unloading event for config easymagic-server.toml
